File Name ,Song Type,# Song Types,# Notes,# Unique Note Types ,# Note Types,Song Length,PFC Max Freq (Hz),PFC Min Freq (Hz),Bandwidth,Note Length (s),PFC Max Freq (Hz),PFC Min Freq (Hz),Bandwidth,Note Length (s),PFC Max Freq (Hz),PFC Min Freq (Hz),Bandwidth,Note Length (s),PFC Max Freq (Hz),PFC Min Freq (Hz),Bandwidth,Note Length (s),PFC Max Freq (Hz),PFC Min Freq (Hz),Bandwidth,Note Length (s),PFC Max Freq (Hz),PFC Min Freq (Hz),Bandwidth,Note Length (s),PFC Max Freq (Hz),PFC Min Freq (Hz),Bandwidth,Note Length (s),PFC Max Freq (Hz),PFC Min Freq (Hz),Bandwidth,Note Length (s),PFC Max Freq (Hz),PFC Min Freq (Hz),Bandwidth,Note Length (s),PFC Max Freq (Hz),PFC Min Freq (Hz),Bandwidth,Note Length (s),PFC Max Freq (Hz),PFC Min Freq (Hz),Bandwidth,Note Length (s),PFC Max Freq (Hz),PFC Min Freq (Hz),Bandwidth,Note Length (s),PFC Max Freq (Hz),PFC Min Freq (Hz),Bandwidth,Note Length (s),PFC Max Freq (Hz),PFC Min Freq (Hz),Bandwidth,Note Length (s),PFC Max Freq (Hz),PFC Min Freq (Hz),Bandwidth,Note Length (s),PFC Max Freq (Hz),PFC Min Freq (Hz),Bandwidth,Note Length (s),PFC Max Freq (Hz),PFC Min Freq (Hz),Bandwidth,Note Length (s),PFC Max Freq (Hz),PFC Min Freq (Hz),Bandwidth,Note Length (s),PFC Max Freq (Hz),PFC Min Freq (Hz),Bandwidth,Note Length (s),PFC Max Freq (Hz),PFC Min Freq (Hz),Bandwidth,Note Length (s),PFC Max Freq (Hz),PFC Min Freq (Hz),Bandwidth,Note Length (s),PFC Max Freq (Hz),PFC Min Freq (Hz),Bandwidth,Note Length (s),PFC Max Freq (Hz),PFC Min Freq (Hz),Bandwidth,Note Length (s),PFC Max Freq (Hz),PFC Min Freq (Hz),Bandwidth,Note Length (s),PFC Max Freq (Hz),PFC Min Freq (Hz),Bandwidth,Note Length (s),PFC Max Freq (Hz),PFC Min Freq (Hz),Bandwidth,Note Length (s),PFC Max Freq (Hz),PFC Min Freq (Hz),Bandwidth,Note Length (s),PFC Max Freq (Hz),PFC Min Freq (Hz),Bandwidth,Note Length (s),PFC Max Freq (Hz),PFC Min Freq (Hz),Bandwidth,Note Length (s),PFC Max Freq (Hz),PFC Min Freq (Hz),Bandwidth,Note Length (s),PFC Max Freq (Hz),PFC Min Freq (Hz),Bandwidth,Note Length (s),PFC Max Freq (Hz),PFC Min Freq (Hz),Bandwidth,Note Length (s),PFC Max Freq (Hz),PFC Min Freq (Hz),Bandwidth,Note Length (s),PFC Max Freq (Hz),PFC Min Freq (Hz),Bandwidth,Note Length (s),PFC Max Freq (Hz),PFC Min Freq (Hz),Bandwidth,Note Length (s),PFC Max Freq (Hz),PFC Min Freq (Hz),Bandwidth,Note Length (s),PFC Max Freq (Hz),PFC Min Freq (Hz),Bandwidth,Note Length (s),PFC Max Freq (Hz),PFC Min Freq (Hz),Bandwidth,Note Length (s),PFC Max Freq (Hz),PFC Min Freq (Hz),Bandwidth,Note Length (s),PFC Max Freq (Hz),PFC Min Freq (Hz),Bandwidth,Note Length (s),PFC Max Freq (Hz),PFC Min Freq (Hz),Bandwidth
GC-BCVI-KSWM-24-4-T1,a,13,6,40,3,0.727,5812.5,2531.25,3281.25,0.101,3843.75,2531.25,1312.5,0.0704,5812.5,3937.5,1875,0.0484,3562.5,2718.75,843.75,0.0526,3187.5,2812.5,375,0.0652,3281.25,2812.5,468.75,0.0442,3187.5,2906.25,281.25,,,,,,,,,,,,,,,,,,,,,,,,,,,,,,,,,,,,,,,,,,,,,,,,,,,,,,,,,,,,,,,,,,,,,,,,,,,,,,,,,,,,,,,,,,,,,,,,,,,,,,,,,,,,,,,,,,,,,,,,,,,,,,,,,,,,,,,,
GC-BCVI-KSWM-24-74-T16,a,13,7,40,3,0.849,5250,2343.75,2906.25,0.1145,5156.25,3375,1781.25,0.0792,5250,3843.75,1406.25,0.056,3375,2343.75,1031.25,0.0523,3562.5,2718.75,843.75,0.0548,3187.5,2718.75,468.75,0.0487,3093.75,2718.75,375,0.0536,3187.5,2718.75,468.75,,,,,,,,,,,,,,,,,,,,,,,,,,,,,,,,,,,,,,,,,,,,,,,,,,,,,,,,,,,,,,,,,,,,,,,,,,,,,,,,,,,,,,,,,,,,,,,,,,,,,,,,,,,,,,,,,,,,,,,,,,,,,,,,,,,,
GC-BCVI-KSWM-24-15-T1,a,13,7,40,3,0.8539,5437.5,2718.75,2718.75,0.1389,5343.75,3468.75,1875,0.057,5437.5,3937.5,1500,0.0353,3468.75,2718.75,750,0.0474,3187.5,2812.5,375,0.0586,3468.75,2906.25,562.5,0.0508,3281.25,2906.25,375,0.0474,3000,2812.5,187.5,,,,,,,,,,,,,,,,,,,,,,,,,,,,,,,,,,,,,,,,,,,,,,,,,,,,,,,,,,,,,,,,,,,,,,,,,,,,,,,,,,,,,,,,,,,,,,,,,,,,,,,,,,,,,,,,,,,,,,,,,,,,,,,,,,,,
GC-BCVI-KSWM-24-18-T13,a,13,6,40,3,1.9893,6093.75,2250,3843.75,0.1482,5250,3281.25,1968.75,0.1568,6093.75,3656.25,2437.5,0.0663,4593.75,2531.25,2062.5,0.0579,3468.75,2812.5,656.25,0.0658,3093.75,2812.5,281.25,0.05,3000,2625,375,0.0577,3281.25,2718.75,562.5,0.0791,5906.25,3093.75,2812.5,0.0791,5906.25,3281.25,2625,0.0362,2906.25,2343.75,562.5,0.0388,3000,2250,750,0.0336,2906.25,2250,656.25,0.2778,5437.5,2625,2812.5,,,,,,,,,,,,,,,,,,,,,,,,,,,,,,,,,,,,,,,,,,,,,,,,,,,,,,,,,,,,,,,,,,,,,,,,,,,,,,,,,,,,,,,,,,,,,,,,,,,,,,,,,,,,
GC-BCVI-KSWM-24-6-T1,a,13,8,40,3,1.0032,5625,2625,3000,0.1223,5343.75,2625,2718.75,0.0823,5625,3468.75,2156.25,0.0674,3843.75,2625,1218.75,0.0591,3375,2718.75,656.25,0.0591,3468.75,2906.25,562.5,0.0484,3093.75,2812.5,281.25,0.0784,3093.75,2812.5,281.25,0.0809,3281.25,2812.5,468.75,,,,,,,,,,,,,,,,,,,,,,,,,,,,,,,,,,,,,,,,,,,,,,,,,,,,,,,,,,,,,,,,,,,,,,,,,,,,,,,,,,,,,,,,,,,,,,,,,,,,,,,,,,,,,,,,,,,,,,,,,,,,,,,,
GC-BCVI-KSWM-24-117-T1,a,13,7,40,3,0.9802,6000,2531.25,3468.75,0.1357,6000,4125,1875,0.0701,4125,2531.25,1593.75,0.0507,3937.5,2625,1312.5,0.0567,3843.75,2718.75,1125,0.0701,4031.25,2812.5,1218.75,0.0619,3937.5,2718.75,1218.75,0.0663,3750,2718.75,1031.25,,,,,,,,,,,,,,,,,,,,,,,,,,,,,,,,,,,,,,,,,,,,,,,,,,,,,,,,,,,,,,,,,,,,,,,,,,,,,,,,,,,,,,,,,,,,,,,,,,,,,,,,,,,,,,,,,,,,,,,,,,,,,,,,,,,,
GC-BCVI-KSWM-24-52-T43,j,13,9,40,4,0.7789,6656.25,2156.25,4500,0.126,6656.25,4125,2531.25,0.042,4125,2156.25,1968.75,0.1182,5531.25,3843.75,1687.5,0.0295,4406.25,3093.75,1312.5,0.0311,4125,3281.25,843.75,0.0302,3843.75,3375,468.75,0.027,4406.25,3468.75,937.5,0.0299,4968.75,3468.75,1500,0.0285,4406.25,3375,1031.25,,,,,,,,,,,,,,,,,,,,,,,,,,,,,,,,,,,,,,,,,,,,,,,,,,,,,,,,,,,,,,,,,,,,,,,,,,,,,,,,,,,,,,,,,,,,,,,,,,,,,,,,,,,,,,,,,,,,,,,,,,,,
GC-BCVI-KSWM-24-76-T23,k,13,10,40,4,0.8095,6468.75,2250,4218.75,0.0312,5531.25,3656.25,1875,0.046,6468.75,5812.5,656.25,0.1334,3750,2812.5,937.5,0.0464,5250,3937.5,1312.5,0.0445,5250,3656.25,1593.75,0.0367,4593.75,2812.5,1781.25,0.0367,4218.75,2625,1593.75,0.0338,3843.75,2812.5,1031.25,0.0358,3750,2250,1500,0.0348,3562.5,2250,1312.5,,,,,,,,,,,,,,,,,,,,,,,,,,,,,,,,,,,,,,,,,,,,,,,,,,,,,,,,,,,,,,,,,,,,,,,,,,,,,,,,,,,,,,,,,,,,,,,,,,,,,,,,,,,,,,,,,,,,,,,,
GC-BCVI-KSWM-24-113-T16,a,13,8,40,3,0.8914,8156.25,2343.75,5812.5,0.0827,8156.25,5531.25,2625,0.1396,5156.25,3093.75,2062.5,0.0733,5250,3937.5,1312.5,0.0601,3375,2343.75,1031.25,0.0538,3562.5,2625,937.5,0.05,3187.5,2812.5,375,0.0543,3187.5,2812.5,375,0.0534,3000,2812.5,187.5,,,,,,,,,,,,,,,,,,,,,,,,,,,,,,,,,,,,,,,,,,,,,,,,,,,,,,,,,,,,,,,,,,,,,,,,,,,,,,,,,,,,,,,,,,,,,,,,,,,,,,,,,,,,,,,,,,,,,,,,,,,,,,,,
GC-BCVI-KSWM-24-44-T43,a,13,8,40,3,0.7862,6656.25,2250,4406.25,0.1116,6656.25,4125,2531.25,0.0531,4218.75,2250,1968.75,0.1054,5250,4875,375,0.0331,4031.25,3187.5,843.75,0.0381,4218.75,3187.5,1031.25,0.0389,4218.75,3281.25,937.5,0.0393,4312.5,3281.25,1031.25,0.0527,4500,3281.25,1218.75,,,,,,,,,,,,,,,,,,,,,,,,,,,,,,,,,,,,,,,,,,,,,,,,,,,,,,,,,,,,,,,,,,,,,,,,,,,,,,,,,,,,,,,,,,,,,,,,,,,,,,,,,,,,,,,,,,,,,,,,,,,,,,,,
GC-BCVI-KSWM-24-116-T1,a,13,6,40,3,0.5787,5906.25,2625,3281.25,0.1339,5906.25,4218.75,1687.5,0.0815,4031.25,2625,1406.25,0.0644,4031.25,2812.5,1218.75,0.063,3937.5,2812.5,1125,0.0692,3843.75,2625,1218.75,0.0807,3843.75,2718.75,1125,,,,,,,,,,,,,,,,,,,,,,,,,,,,,,,,,,,,,,,,,,,,,,,,,,,,,,,,,,,,,,,,,,,,,,,,,,,,,,,,,,,,,,,,,,,,,,,,,,,,,,,,,,,,,,,,,,,,,,,,,,,,,,,,,,,,,,,,
GC-BCVI-KSWM-24-25-T1,a,13,6,40,3,0.2032,5062.5,3000,2062.5,0.1888,4218.75,3000,1218.75,0.0338,4875,4031.25,843.75,0.0338,4875,4031.25,843.75,0.0445,5062.5,4406.25,656.25,0.0495,5062.5,4031.25,1031.25,0.0459,5062.5,4031.25,1031.25,,,,,,,,,,,,,,,,,,,,,,,,,,,,,,,,,,,,,,,,,,,,,,,,,,,,,,,,,,,,,,,,,,,,,,,,,,,,,,,,,,,,,,,,,,,,,,,,,,,,,,,,,,,,,,,,,,,,,,,,,,,,,,,,,,,,,,,,
GC-BCVI-KSWM-24-54-T1,l,13,5,40,2,0.5492,5437.5,3375,2062.5,0.128,5437.5,4125,1312.5,0.0767,4875,3750,1125,0.0821,4875,3375,1500,0.0824,4875,3375,1500,0.0797,4968.75,3468.75,1500,,,,,,,,,,,,,,,,,,,,,,,,,,,,,,,,,,,,,,,,,,,,,,,,,,,,,,,,,,,,,,,,,,,,,,,,,,,,,,,,,,,,,,,,,,,,,,,,,,,,,,,,,,,,,,,,,,,,,,,,,,,,,,,,,,,,,,,,,,,,
GC-BCVI-KSWM-24-49-T43,a,13,8,40,3,0.8043,6562.5,2156.25,4406.25,0.1318,6562.5,3843.75,2718.75,0.0845,3750,2156.25,1593.75,0.1732,5156.25,2437.5,2718.75,0.0438,5156.25,3000,2156.25,0.0508,3843.75,3093.75,750,0.0387,4031.25,3187.5,843.75,0.0322,4125,3375,750,0.0493,4218.75,3281.25,937.5,,,,,,,,,,,,,,,,,,,,,,,,,,,,,,,,,,,,,,,,,,,,,,,,,,,,,,,,,,,,,,,,,,,,,,,,,,,,,,,,,,,,,,,,,,,,,,,,,,,,,,,,,,,,,,,,,,,,,,,,,,,,,,,,
GC-BCVI-KSWM-24-47-T43,j,13,9,40,4,0.8162,6656.25,2250,4406.25,0.1381,6656.25,4031.25,2625,0.066,3562.5,2250,1312.5,0.1658,5343.75,4218.75,1125,0.0316,4312.5,3000,1312.5,0.0408,3843.75,3281.25,562.5,0.0393,3562.5,3093.75,468.75,0.0435,3750,3281.25,468.75,0.0411,4125,3187.5,937.5,0.0519,4406.25,3187.5,1218.75,,,,,,,,,,,,,,,,,,,,,,,,,,,,,,,,,,,,,,,,,,,,,,,,,,,,,,,,,,,,,,,,,,,,,,,,,,,,,,,,,,,,,,,,,,,,,,,,,,,,,,,,,,,,,,,,,,,,,,,,,,,,
GC-BCVI-KSWM-24-21-T1,a,13,8,40,3,0.8647,6843.75,2437.5,4406.25,0.0966,6843.75,2531.25,4312.5,0.0743,6375,4031.25,2343.75,0.0644,3093.75,2437.5,656.25,0.0595,3093.75,2718.75,375,0.0535,3375,2906.25,468.75,0.0624,3375,2906.25,468.75,0.0684,3093.75,2625,468.75,0.0624,3187.5,2718.75,468.75,,,,,,,,,,,,,,,,,,,,,,,,,,,,,,,,,,,,,,,,,,,,,,,,,,,,,,,,,,,,,,,,,,,,,,,,,,,,,,,,,,,,,,,,,,,,,,,,,,,,,,,,,,,,,,,,,,,,,,,,,,,,,,,,
GC-BCVI-KSWM-24-23-T1,a,13,6,40,3,0.6076,5437.5,3281.25,2156.25,0.1385,5437.5,3843.75,1593.75,0.0763,4968.75,3468.75,1500,0.0769,4968.75,3562.5,1406.25,0.0693,4500,3281.25,1218.75,0.0655,4781.25,3281.25,1500,0.0802,4687.5,3468.75,1218.75,,,,,,,,,,,,,,,,,,,,,,,,,,,,,,,,,,,,,,,,,,,,,,,,,,,,,,,,,,,,,,,,,,,,,,,,,,,,,,,,,,,,,,,,,,,,,,,,,,,,,,,,,,,,,,,,,,,,,,,,,,,,,,,,,,,,,,,,
GC-BCVI-KSWM-24-62-T1,b,13,7,40,3,0.682,6468.75,2156.25,4312.5,0.1618,5812.5,2531.25,3281.25,0.0523,6468.75,2812.5,3656.25,0.053,5906.25,4312.5,1593.75,0.05,5906.25,4593.75,1312.5,0.05,6000,4593.75,1406.25,0.0561,5343.75,4312.5,1031.25,0.0593,3750,2156.25,1593.75,,,,,,,,,,,,,,,,,,,,,,,,,,,,,,,,,,,,,,,,,,,,,,,,,,,,,,,,,,,,,,,,,,,,,,,,,,,,,,,,,,,,,,,,,,,,,,,,,,,,,,,,,,,,,,,,,,,,,,,,,,,,,,,,,,,,
GC-BCVI-KSWM-24-8-T1,b,13,6,40,3,0.5931,6656.25,2156.25,4500,0.0919,6281.25,3187.5,3093.75,0.0422,6656.25,4781.25,1875,0.0498,6562.5,4593.75,1968.75,0.0517,6093.75,4687.5,1406.25,0.0489,5906.25,5437.5,468.75,0.0346,3562.5,2156.25,1406.25,,,,,,,,,,,,,,,,,,,,,,,,,,,,,,,,,,,,,,,,,,,,,,,,,,,,,,,,,,,,,,,,,,,,,,,,,,,,,,,,,,,,,,,,,,,,,,,,,,,,,,,,,,,,,,,,,,,,,,,,,,,,,,,,,,,,,,,,
GC-BCVI-KSWM-24-42-T1,l,13,5,40,2,0.4962,5625,3375,2250,0.1299,5625,3750,1875,0.066,4875,3656.25,1218.75,0.0682,4687.5,3656.25,1031.25,0.0607,4687.5,3468.75,1218.75,0.069,4968.75,3375,1593.75,,,,,,,,,,,,,,,,,,,,,,,,,,,,,,,,,,,,,,,,,,,,,,,,,,,,,,,,,,,,,,,,,,,,,,,,,,,,,,,,,,,,,,,,,,,,,,,,,,,,,,,,,,,,,,,,,,,,,,,,,,,,,,,,,,,,,,,,,,,,
GC-BCVI-KSWM-24-71-T1,b,13,8,40,4,0.8843,6187.5,3093.75,3093.75,0.0695,6000,3656.25,2343.75,0.0472,5906.25,4500,1406.25,0.0481,5718.75,4406.25,1312.5,0.0472,5437.5,4406.25,1031.25,0.0507,6187.5,4312.5,1875,0.0358,4968.75,3093.75,1875,0.0484,4687.5,4031.25,656.25,0.0579,6000,3656.25,2343.75,,,,,,,,,,,,,,,,,,,,,,,,,,,,,,,,,,,,,,,,,,,,,,,,,,,,,,,,,,,,,,,,,,,,,,,,,,,,,,,,,,,,,,,,,,,,,,,,,,,,,,,,,,,,,,,,,,,,,,,,,,,,,,,,
GC-BCVI-KSWM-24-60-T1,b,13,8,40,4,0.8004,6375,2156.25,4218.75,0.0768,6375,2718.75,3656.25,0.0514,6375,4500,1875,0.0521,6187.5,4312.5,1875,0.0452,6093.75,4406.25,1687.5,0.0709,6093.75,2250,3843.75,0.0528,3843.75,2156.25,1687.5,0.0628,4312.5,3468.75,843.75,0.0518,6093.75,3281.25,2812.5,,,,,,,,,,,,,,,,,,,,,,,,,,,,,,,,,,,,,,,,,,,,,,,,,,,,,,,,,,,,,,,,,,,,,,,,,,,,,,,,,,,,,,,,,,,,,,,,,,,,,,,,,,,,,,,,,,,,,,,,,,,,,,,,
GC-BCVI-KSWM-24-85-T1,b,13,6,40,3,0.5366,6281.25,2718.75,3562.5,0.0804,5906.25,2718.75,3187.5,0.057,6000,4406.25,1593.75,0.0502,0.429,6281.25,-6280.821,0.056,6281.25,4406.25,1875,0.0416,6187.5,5531.25,656.25,0.0474,4125,2718.75,1406.25,,,,,,,,,,,,,,,,,,,,,,,,,,,,,,,,,,,,,,,,,,,,,,,,,,,,,,,,,,,,,,,,,,,,,,,,,,,,,,,,,,,,,,,,,,,,,,,,,,,,,,,,,,,,,,,,,,,,,,,,,,,,,,,,,,,,,,,,
GC-BCVI-KSWM-24-92-T1,b,13,5,40,2,0.4257,6281.25,2437.5,3843.75,0.0934,4968.75,2437.5,2531.25,0.0516,6281.25,4312.5,1968.75,0.0489,5812.5,4406.25,1406.25,0.0586,6187.5,4406.25,1781.25,0.0491,5906.25,4406.25,1500,,,,,,,,,,,,,,,,,,,,,,,,,,,,,,,,,,,,,,,,,,,,,,,,,,,,,,,,,,,,,,,,,,,,,,,,,,,,,,,,,,,,,,,,,,,,,,,,,,,,,,,,,,,,,,,,,,,,,,,,,,,,,,,,,,,,,,,,,,,,
GC-BCVI-KSWM-24-81-T1,b,13,6,40,3,0.6321,8625,2625,6000,0.0898,6187.5,3000,3187.5,0.0503,6187.5,4593.75,1593.75,0.0506,6281.25,4593.75,1687.5,0.0448,6187.5,4500,1687.5,0.0617,6187.5,4687.5,1500,0.1133,8625,2625,6000,,,,,,,,,,,,,,,,,,,,,,,,,,,,,,,,,,,,,,,,,,,,,,,,,,,,,,,,,,,,,,,,,,,,,,,,,,,,,,,,,,,,,,,,,,,,,,,,,,,,,,,,,,,,,,,,,,,,,,,,,,,,,,,,,,,,,,,,
GC-BCVI-KSWM-24-94-T1,b,13,5,40,3,0.4816,6375,3000,3375,0.0954,6375,3000,3375,0.0487,6375,4593.75,1781.25,0.0423,6000,4781.25,1218.75,0.05,6281.25,5437.5,843.75,0.0314,4687.5,3000,1687.5,,,,,,,,,,,,,,,,,,,,,,,,,,,,,,,,,,,,,,,,,,,,,,,,,,,,,,,,,,,,,,,,,,,,,,,,,,,,,,,,,,,,,,,,,,,,,,,,,,,,,,,,,,,,,,,,,,,,,,,,,,,,,,,,,,,,,,,,,,,,
GC-BCVI-KSWM-24-79-T1,b,13,6,40,3,0.5351,6468.75,2625,3843.75,0.0779,6187.5,2906.25,3281.25,0.0587,6468.75,4500,1968.75,0.0578,6375,4500,1875,0.0625,6375,4500,1875,0.0951,6281.25,4593.75,1687.5,0.0421,4406.25,2625,1781.25,,,,,,,,,,,,,,,,,,,,,,,,,,,,,,,,,,,,,,,,,,,,,,,,,,,,,,,,,,,,,,,,,,,,,,,,,,,,,,,,,,,,,,,,,,,,,,,,,,,,,,,,,,,,,,,,,,,,,,,,,,,,,,,,,,,,,,,,
GC-BCVI-KSWM-24-65-T1,b,13,9,40,4,1.0057,6281.25,2156.25,4125,0.0887,6281.25,2343.75,3937.5,0.0653,6187.5,4687.5,1500,0.055,6093.75,4781.25,1312.5,0.0518,6093.75,4687.5,1406.25,0.0523,6000,4593.75,1406.25,0.0572,3750,2437.5,1312.5,0.0629,4687.5,3750,937.5,0.064,4687.5,2625,2062.5,0.0572,2812.5,2156.25,656.25,,,,,,,,,,,,,,,,,,,,,,,,,,,,,,,,,,,,,,,,,,,,,,,,,,,,,,,,,,,,,,,,,,,,,,,,,,,,,,,,,,,,,,,,,,,,,,,,,,,,,,,,,,,,,,,,,,,,,,,,,,,,
GC-BCVI-KSWM-24-11-T13,b,13,8,40,4,0.8156,6187.5,2812.5,3375,0.0973,6000,3281.25,2718.75,0.0546,6000,4500,1500,0.05,6000,4312.5,1687.5,0.0579,6000,4500,1500,0.0639,6187.5,4125,2062.5,0.0546,4687.5,2812.5,1875,0.0728,4781.25,3656.25,1125,0.0866,4687.5,4125,562.5,,,,,,,,,,,,,,,,,,,,,,,,,,,,,,,,,,,,,,,,,,,,,,,,,,,,,,,,,,,,,,,,,,,,,,,,,,,,,,,,,,,,,,,,,,,,,,,,,,,,,,,,,,,,,,,,,,,,,,,,,,,,,,,,
GC-BCVI-KSWM-24-5-T13,b,13,10,40,5,1.5441,7218.75,2625,4593.75,0.0568,6281.25,4593.75,1687.5,0.0574,6750,4500,2250,0.0515,6093.75,5625,468.75,0.0607,6187.5,4406.25,1781.25,0.0775,6093.75,4406.25,1687.5,0.036,3281.25,2625,656.25,0.0775,4968.75,3937.5,1031.25,0.0793,5062.5,3937.5,1125,0.1059,7218.75,5062.5,2156.25,0.3035,4218.75,2718.75,1500,,,,,,,,,,,,,,,,,,,,,,,,,,,,,,,,,,,,,,,,,,,,,,,,,,,,,,,,,,,,,,,,,,,,,,,,,,,,,,,,,,,,,,,,,,,,,,,,,,,,,,,,,,,,,,,,,,,,,,,,
GC-BCVI-KSWM-24-14-T1,b,13,6,40,3,0.5479,6468.75,2437.5,4031.25,0.0785,6000,2437.5,3562.5,0.0565,6468.75,4500,1968.75,0.0607,6187.5,4500,1687.5,0.0554,6187.5,4593.75,1593.75,0.0551,6187.5,5531.25,656.25,0.0363,4218.75,2812.5,1406.25,,,,,,,,,,,,,,,,,,,,,,,,,,,,,,,,,,,,,,,,,,,,,,,,,,,,,,,,,,,,,,,,,,,,,,,,,,,,,,,,,,,,,,,,,,,,,,,,,,,,,,,,,,,,,,,,,,,,,,,,,,,,,,,,,,,,,,,,
GC-BCVI-KSWM-24-68-T1,b,13,9,40,4,1.0725,6750,2812.5,3937.5,0.0952,6750,2906.25,3843.75,0.0496,6656.25,4500,2156.25,0.0527,6562.5,5718.75,843.75,0.0568,6187.5,5343.75,843.75,0.0742,6187.5,5343.75,843.75,0.0533,4312.5,2812.5,1500,0.0724,4500,4031.25,468.75,0.0622,4687.5,4312.5,375,0.0609,6375,3468.75,2906.25,,,,,,,,,,,,,,,,,,,,,,,,,,,,,,,,,,,,,,,,,,,,,,,,,,,,,,,,,,,,,,,,,,,,,,,,,,,,,,,,,,,,,,,,,,,,,,,,,,,,,,,,,,,,,,,,,,,,,,,,,,,,
GC-BCVI-KSWM-24-20-T13,b,13,7,40,3,0.8256,6375,2062.5,4312.5,0.2052,4218.75,3093.75,1125,0.0562,3187.5,2906.25,281.25,0.0582,6375,2812.5,3562.5,0.0874,4968.75,3093.75,1875,0.1387,4312.5,2062.5,2250,0.078,4875,4312.5,562.5,0.0718,4500,3937.5,562.5,,,,,,,,,,,,,,,,,,,,,,,,,,,,,,,,,,,,,,,,,,,,,,,,,,,,,,,,,,,,,,,,,,,,,,,,,,,,,,,,,,,,,,,,,,,,,,,,,,,,,,,,,,,,,,,,,,,,,,,,,,,,,,,,,,,,
GC-BCVI-KSWM-24-96-T1,b,13,6,40,3,0.5828,6187.5,2343.75,3843.75,0.0831,6187.5,2812.5,3375,0.0542,6093.75,4500,1593.75,0.0416,6000,4687.5,1312.5,0.0453,5812.5,4218.75,1593.75,0.049,5906.25,4593.75,1312.5,0.0527,3843.75,2343.75,1500,,,,,,,,,,,,,,,,,,,,,,,,,,,,,,,,,,,,,,,,,,,,,,,,,,,,,,,,,,,,,,,,,,,,,,,,,,,,,,,,,,,,,,,,,,,,,,,,,,,,,,,,,,,,,,,,,,,,,,,,,,,,,,,,,,,,,,,,
GC-BCVI-KSWM-24-112-T1,b,13,5,40,4,1.1704,7406.25,2250,5156.25,0.1078,6187.5,2718.75,3468.75,0.0554,6281.25,4406.25,1875,0.0527,6375,4312.5,2062.5,0.0525,6093.75,4406.25,1687.5,0.0794,5812.5,4406.25,1406.25,0.0857,7406.25,2250,5156.25,0.0626,4781.25,3937.5,843.75,0.1063,4593.75,3562.5,1031.25,0.1063,4593.75,3562.5,1031.25,,,,,,,,,,,,,,,,,,,,,,,,,,,,,,,,,,,,,,,,,,,,,,,,,,,,,,,,,,,,,,,,,,,,,,,,,,,,,,,,,,,,,,,,,,,,,,,,,,,,,,,,,,,,,,,,,,,,,,,,,,,,
GC-BCVI-KSWM-24-12-T13,m,13,12,40,4,1.5507,6937.5,2343.75,4593.75,0.0576,3562.5,2906.25,656.25,0.0559,3281.25,2531.25,750,0.0559,3000,2718.75,281.25,0.0707,3093.75,2718.75,375,0.0592,3375,2718.75,656.25,0.0839,5906.25,5156.25,750,0.0872,5812.5,5250,562.5,0.0345,3468.75,2531.25,937.5,0.0378,2812.5,2343.75,468.75,0.0362,3000,2531.25,468.75,0.0378,3000,2531.25,468.75,0.2023,6937.5,3750,3187.5,,,,,,,,,,,,,,,,,,,,,,,,,,,,,,,,,,,,,,,,,,,,,,,,,,,,,,,,,,,,,,,,,,,,,,,,,,,,,,,,,,,,,,,,,,,,,,,,,,,,,,,,,,,,,,,,
GC-BCVI-KSWM-24-39-T16,c,13,7,40,4,0.9222,7218.75,2156.25,5062.5,0.0676,5062.5,3468.75,1593.75,0.1447,4968.75,4406.25,562.5,0.1247,7218.75,2343.75,4875,0.0602,3562.5,2343.75,1218.75,0.0602,3656.25,2156.25,1500,0.0549,3656.25,2156.25,1500,0.0518,3656.25,2250,1406.25,,,,,,,,,,,,,,,,,,,,,,,,,,,,,,,,,,,,,,,,,,,,,,,,,,,,,,,,,,,,,,,,,,,,,,,,,,,,,,,,,,,,,,,,,,,,,,,,,,,,,,,,,,,,,,,,,,,,,,,,,,,,,,,,,,,,
GC-BCVI-KSWM-24-13-T13,d,13,11,40,4,1.2387,5906.25,2437.5,3468.75,0.0995,5250,4031.25,1218.75,0.0371,4781.25,4031.25,750,0.0327,4968.75,4406.25,562.5,0.032,4781.25,4593.75,187.5,0.0362,4968.75,4500,468.75,0.0383,5062.5,3000,2062.5,0.0709,5906.25,3937.5,1968.75,0.1649,3468.75,2437.5,1031.25,0.0465,4312.5,4031.25,281.25,0.0452,5531.25,3843.75,1687.5,0.0452,5531.25,3843.75,1687.5,,,,,,,,,,,,,,,,,,,,,,,,,,,,,,,,,,,,,,,,,,,,,,,,,,,,,,,,,,,,,,,,,,,,,,,,,,,,,,,,,,,,,,,,,,,,,,,,,,,,,,,,,,,,,,,,,,,,
GC-BCVI-KSWM-24-22-T13,d,13,38,40,11,3.311,6375,2343.75,4031.25,0.0743,5906.25,3843.75,2062.5,0.1905,3375,2343.75,1031.25,0.0542,4875,4031.25,843.75,0.0589,4500,3750,750,0.0635,4781.25,3468.75,1312.5,0.1133,3750,2625,1125,0.0504,3562.5,3281.25,281.25,0.0472,3187.5,3000,187.5,0.0346,3656.25,3093.75,562.5,0.0567,5062.5,3093.75,1968.75,0.1731,6375,4125,2250,0.107,5156.25,3375,1781.25,0.1196,4031.25,2531.25,1500,0.0322,3937.5,3843.75,93.75,0.0285,3000,2812.5,187.5,0.0335,2906.25,2625,281.25,0.0359,2906.25,2625,281.25,0.0409,2906.25,2812.5,93.75,0.026,3468.75,2625,843.75,0.0347,3468.75,2718.75,750,0.0285,3468.75,3000,468.75,0.0335,3468.75,3093.75,375,0.031,3281.25,2812.5,468.75,0.031,3375,2812.5,562.5,0.0347,3562.5,2906.25,656.25,0.0335,3562.5,3093.75,468.75,0.0347,3562.5,3000,562.5,0.0335,3750,3000,750,0.0335,3656.25,2906.25,750,0.0347,3750,2718.75,1031.25,0.0322,3375,2718.75,656.25,0.0322,3468.75,3000,468.75,0.031,3468.75,3000,468.75,0.0409,5906.25,5062.5,843.75,0.0347,6093.75,5718.75,375,0.0359,5906.25,5250,656.25,0.0285,5343.75,5156.25,187.5,0.0359,5812.5,4875,937.5,,,,,,,,
GC-BCVI-KSWM-24-55-T17,e,13,3,40,2,0.515,7312.5,3375,3937.5,0.2875,7312.5,3375,3937.5,0.0525,6281.25,4125,2156.25,0.037,6281.25,3937.5,2343.75,,,,,,,,,,,,,,,,,,,,,,,,,,,,,,,,,,,,,,,,,,,,,,,,,,,,,,,,,,,,,,,,,,,,,,,,,,,,,,,,,,,,,,,,,,,,,,,,,,,,,,,,,,,,,,,,,,,,,,,,,,,,,,,,,,,,,,,,,,,,,,,,,,,,
GC-BCVI-KSWM-24-64-T17,e,13,3,40,2,0.458,7031.25,2156.25,4875,0.04,3000,2156.25,843.75,0.215,5250,4406.25,843.75,0.2803,7031.25,3000,4031.25,,,,,,,,,,,,,,,,,,,,,,,,,,,,,,,,,,,,,,,,,,,,,,,,,,,,,,,,,,,,,,,,,,,,,,,,,,,,,,,,,,,,,,,,,,,,,,,,,,,,,,,,,,,,,,,,,,,,,,,,,,,,,,,,,,,,,,,,,,,,,,,,,,,,
GC-BCVI-KSWM-24-99-T17,e,13,6,40,3,0.8708,7218.75,2156.25,5062.5,0.0402,3562.5,2156.25,1406.25,0.0428,2906.25,2156.25,750,0.0394,3281.25,2531.25,750,0.2962,7218.75,3000,4218.75,0.0642,6000,3281.25,2718.75,0.0634,6093.75,3281.25,2812.5,,,,,,,,,,,,,,,,,,,,,,,,,,,,,,,,,,,,,,,,,,,,,,,,,,,,,,,,,,,,,,,,,,,,,,,,,,,,,,,,,,,,,,,,,,,,,,,,,,,,,,,,,,,,,,,,,,,,,,,,,,,,,,,,,,,,,,,,
GC-BCVI-KSWM-24-59-T17,e,13,3,40,2,0.5842,6843.75,2437.5,4406.25,0.3474,6843.75,2437.5,4406.25,0.0705,6000,3187.5,2812.5,0.0767,6187.5,3187.5,3000,,,,,,,,,,,,,,,,,,,,,,,,,,,,,,,,,,,,,,,,,,,,,,,,,,,,,,,,,,,,,,,,,,,,,,,,,,,,,,,,,,,,,,,,,,,,,,,,,,,,,,,,,,,,,,,,,,,,,,,,,,,,,,,,,,,,,,,,,,,,,,,,,,,,
GC-BCVI-KSWM-24-101-T10,f,13,3,40,2,0.3531,7031.25,3187.5,3843.75,0.0706,6843.75,5062.5,1781.25,0.0717,7031.25,4781.25,2250,0.1149,4500,3187.5,1312.5,,,,,,,,,,,,,,,,,,,,,,,,,,,,,,,,,,,,,,,,,,,,,,,,,,,,,,,,,,,,,,,,,,,,,,,,,,,,,,,,,,,,,,,,,,,,,,,,,,,,,,,,,,,,,,,,,,,,,,,,,,,,,,,,,,,,,,,,,,,,,,,,,,,,
GC-BCVI-KSWM-24-107-T10,f,13,3,40,2,0.4029,6843.75,2906.25,3937.5,0.2215,6843.75,4687.5,2156.25,0.0544,5718.75,4312.5,1406.25,0.1518,4968.75,2906.25,2062.5,,,,,,,,,,,,,,,,,,,,,,,,,,,,,,,,,,,,,,,,,,,,,,,,,,,,,,,,,,,,,,,,,,,,,,,,,,,,,,,,,,,,,,,,,,,,,,,,,,,,,,,,,,,,,,,,,,,,,,,,,,,,,,,,,,,,,,,,,,,,,,,,,,,,
GC-BCVI-KSWM-24-102-T10,f,13,3,40,2,0.3707,6562.5,3093.75,3468.75,0.08,6562.5,4125,2437.5,0.0834,6468.75,4687.5,1781.25,0.1461,4500,3093.75,1406.25,,,,,,,,,,,,,,,,,,,,,,,,,,,,,,,,,,,,,,,,,,,,,,,,,,,,,,,,,,,,,,,,,,,,,,,,,,,,,,,,,,,,,,,,,,,,,,,,,,,,,,,,,,,,,,,,,,,,,,,,,,,,,,,,,,,,,,,,,,,,,,,,,,,,
GC-BCVI-KSWM-24-111-T5,g,13,8,40,3,0.7373,6000,2062.5,3937.5,0.0476,4875,4031.25,843.75,0.0572,5156.25,3843.75,1312.5,0.0505,4875,3937.5,937.5,0.0625,5625,4500,1125,0.0652,6000,4500,1500,0.0602,5812.5,4218.75,1593.75,0.1006,4312.5,2062.5,2250,0.0579,2437.5,2250,187.5,,,,,,,,,,,,,,,,,,,,,,,,,,,,,,,,,,,,,,,,,,,,,,,,,,,,,,,,,,,,,,,,,,,,,,,,,,,,,,,,,,,,,,,,,,,,,,,,,,,,,,,,,,,,,,,,,,,,,,,,,,,,,,,,
GC-BCVI-KSWM-24-38-T5,g,13,6,40,2,0.4673,7031.25,2625,4406.25,0.0636,7031.25,5718.75,1312.5,0.0672,6562.5,5343.75,1218.75,0.0878,6468.75,5343.75,1125,0.0967,3750,2625,1125,0.044,3187.5,2718.75,468.75,0.0476,3281.25,2625,656.25,,,,,,,,,,,,,,,,,,,,,,,,,,,,,,,,,,,,,,,,,,,,,,,,,,,,,,,,,,,,,,,,,,,,,,,,,,,,,,,,,,,,,,,,,,,,,,,,,,,,,,,,,,,,,,,,,,,,,,,,,,,,,,,,,,,,,,,,
GC-BCVI-KSWM-24-89-T19,h,13,2,40,1,0.134,4875,3750,1125,0.0505,4875,3750,1125,0.0443,4593.75,4312.5,281.25,,,,,,,,,,,,,,,,,,,,,,,,,,,,,,,,,,,,,,,,,,,,,,,,,,,,,,,,,,,,,,,,,,,,,,,,,,,,,,,,,,,,,,,,,,,,,,,,,,,,,,,,,,,,,,,,,,,,,,,,,,,,,,,,,,,,,,,,,,,,,,,,,,,,,,,,
GC-BCVI-KSWM-24-98-T9,i,13,5,40,3,0.6774,6000,2250,3750,0.0911,6000,3375,2625,0.2074,3375,2250,1125,0.06,4312.5,3468.75,843.75,0.0669,4687.5,3656.25,1031.25,0.0649,5062.5,3562.5,1500,,,,,,,,,,,,,,,,,,,,,,,,,,,,,,,,,,,,,,,,,,,,,,,,,,,,,,,,,,,,,,,,,,,,,,,,,,,,,,,,,,,,,,,,,,,,,,,,,,,,,,,,,,,,,,,,,,,,,,,,,,,,,,,,,,,,,,,,,,,,
GC-BCVI-BSWY-24-306-T1-N,a,23,5,38,2,0.4643,5812.5,2062.5,3750,0.1336,5812.5,3843.75,1968.75,0.0482,3281.25,2062.5,1218.75,0.0388,3000,2156.25,843.75,0.0454,3375,2062.5,1312.5,0.036,3562.5,2906.25,656.25,,,,,,,,,,,,,,,,,,,,,,,,,,,,,,,,,,,,,,,,,,,,,,,,,,,,,,,,,,,,,,,,,,,,,,,,,,,,,,,,,,,,,,,,,,,,,,,,,,,,,,,,,,,,,,,,,,,,,,,,,,,,,,,,,,,,,,,,,,,,
GC-BCVI-BSWY-24-300-T1-N,a,23,5,38,2,0.4544,5906.25,2625,3281.25,0.0901,5906.25,3656.25,2250,0.0392,3468.75,2625,843.75,0.0352,3375,2625,750,0.0382,3375,2812.5,562.5,0.0392,3375,3000,375,,,,,,,,,,,,,,,,,,,,,,,,,,,,,,,,,,,,,,,,,,,,,,,,,,,,,,,,,,,,,,,,,,,,,,,,,,,,,,,,,,,,,,,,,,,,,,,,,,,,,,,,,,,,,,,,,,,,,,,,,,,,,,,,,,,,,,,,,,,,
GC-BCVI-BSWY-24-302-T1-N,a,23,5,38,2,0.4411,5718.75,2437.5,3281.25,0.1246,5718.75,3281.25,2437.5,0.0304,3281.25,2437.5,843.75,0.0377,3281.25,2625,656.25,0.0449,3281.25,2812.5,468.75,0.0629,3562.5,3000,562.5,,,,,,,,,,,,,,,,,,,,,,,,,,,,,,,,,,,,,,,,,,,,,,,,,,,,,,,,,,,,,,,,,,,,,,,,,,,,,,,,,,,,,,,,,,,,,,,,,,,,,,,,,,,,,,,,,,,,,,,,,,,,,,,,,,,,,,,,,,,,
GC-BCVI-BSWY-24-263-T1-N,a,23,5,38,2,0.4087,6000,2343.75,3656.25,0.1574,6000,2531.25,3468.75,0.0317,2906.25,2343.75,562.5,0.0443,3375,2531.25,843.75,0.0384,3281.25,2906.25,375,0.0496,3375,2906.25,468.75,,,,,,,,,,,,,,,,,,,,,,,,,,,,,,,,,,,,,,,,,,,,,,,,,,,,,,,,,,,,,,,,,,,,,,,,,,,,,,,,,,,,,,,,,,,,,,,,,,,,,,,,,,,,,,,,,,,,,,,,,,,,,,,,,,,,,,,,,,,,
GC-BCVI-BSWY-24-335-T5-N,b,23,8,38,2,0.5638,7406.25,2343.75,5062.5,0.0441,6937.5,5437.5,1500,0.0475,7312.5,5343.75,1968.75,0.0518,7406.25,5250,2156.25,0.039,3375,2718.75,656.25,0.0398,3187.5,2718.75,468.75,0.0514,3187.5,2531.25,656.25,0.0343,2906.25,2437.5,468.75,0.0381,3281.25,2343.75,937.5,,,,,,,,,,,,,,,,,,,,,,,,,,,,,,,,,,,,,,,,,,,,,,,,,,,,,,,,,,,,,,,,,,,,,,,,,,,,,,,,,,,,,,,,,,,,,,,,,,,,,,,,,,,,,,,,,,,,,,,,,,,,,,,,
GC-BCVI-BSWY-24-336-T5-N,b,23,8,38,2,0.05278,7312.5,2625,4687.5,0.0427,6937.5,5625,1312.5,0.0548,7312.5,5625,1687.5,0.0441,6468.75,4968.75,1500,0.0373,3562.5,2906.25,656.25,0.0417,3281.25,2812.5,468.75,0.0417,3000,2718.75,281.25,0.0364,3281.25,2906.25,375,0.0393,3000,2625,375,,,,,,,,,,,,,,,,,,,,,,,,,,,,,,,,,,,,,,,,,,,,,,,,,,,,,,,,,,,,,,,,,,,,,,,,,,,,,,,,,,,,,,,,,,,,,,,,,,,,,,,,,,,,,,,,,,,,,,,,,,,,,,,,
GC-BCVI-BSWY-24-326-T5-N,b,23,8,38,2,0.5425,6656.25,2343.75,4312.5,0.0439,6656.25,5062.5,1593.75,0.0482,6562.5,5062.5,1500,0.0415,6656.25,4781.25,1875,0.0381,3468.75,2625,843.75,0.04,3281.25,2718.75,562.5,0.0419,3187.5,2531.25,656.25,0.041,2718.75,2437.5,281.25,0.0376,3000,2343.75,656.25,,,,,,,,,,,,,,,,,,,,,,,,,,,,,,,,,,,,,,,,,,,,,,,,,,,,,,,,,,,,,,,,,,,,,,,,,,,,,,,,,,,,,,,,,,,,,,,,,,,,,,,,,,,,,,,,,,,,,,,,,,,,,,,,
GC-BCVI-BSWY-24-284-T5-N,b,23,8,38,2,0.542,7406.25,2625,4781.25,0.0417,7406.25,5250,2156.25,0.0543,7312.5,5156.25,2156.25,0.0631,7125,5531.25,1593.75,0.0412,3562.5,2812.5,750,0.0408,3093.75,2718.75,375,0.0417,3093.75,2718.75,375,0.0442,3093.75,2625,468.75,0.0518,3093.75,2625,468.75,,,,,,,,,,,,,,,,,,,,,,,,,,,,,,,,,,,,,,,,,,,,,,,,,,,,,,,,,,,,,,,,,,,,,,,,,,,,,,,,,,,,,,,,,,,,,,,,,,,,,,,,,,,,,,,,,,,,,,,,,,,,,,,,
GC-BCVI-BSWY-24-223-T26-N,c,23,7,38,5,1.1023,7031.25,2437.5,4593.75,0.0831,4312.5,3000,1312.5,0.0575,7031.25,2812.5,4218.75,0.0511,6656.25,2906.25,3750,0.0575,6843.75,4593.75,2250,0.1342,6468.75,3937.5,2531.25,0.1342,4406.25,2812.5,1593.75,0.1204,4406.25,2812.5,1593.75,0.0973,3937.5,2437.5,1500,,,,,,,,,,,,,,,,,,,,,,,,,,,,,,,,,,,,,,,,,,,,,,,,,,,,,,,,,,,,,,,,,,,,,,,,,,,,,,,,,,,,,,,,,,,,,,,,,,,,,,,,,,,,,,,,,,,,,,,,,,,,,,,,
GC-BCVI-BSWY-24-135-T12-N,c,23,7,38,5,1.0817,6656.25,2343.75,4312.5,0.1565,4218.75,2812.5,1406.25,0.0302,5625,4312.5,1312.5,0.0204,5343.75,4781.25,562.5,0.0423,6656.25,5812.5,843.75,0.1338,6468.75,4781.25,1687.5,0.1489,4406.25,2531.25,1875,0.1488,4406.25,2531.25,1875,0.1198,4687.5,2343.75,2343.75,,,,,,,,,,,,,,,,,,,,,,,,,,,,,,,,,,,,,,,,,,,,,,,,,,,,,,,,,,,,,,,,,,,,,,,,,,,,,,,,,,,,,,,,,,,,,,,,,,,,,,,,,,,,,,,,,,,,,,,,,,,,,,,,
GC-BCVI-BSWY-24-167-T26-N,c,23,7,38,5,1.0166,6656.25,2343.75,4312.5,0.1187,4125,3000,1125,0.0389,5906.25,4312.5,1593.75,0.0518,6656.25,4500,2156.25,0.0727,5812.5,4500,1312.5,0.2087,6281.25,3468.75,2812.5,0.1504,4500,2531.25,1968.75,0.1335,4500,2531.25,1968.75,0.1196,4312.5,2343.75,1968.75,,,,,,,,,,,,,,,,,,,,,,,,,,,,,,,,,,,,,,,,,,,,,,,,,,,,,,,,,,,,,,,,,,,,,,,,,,,,,,,,,,,,,,,,,,,,,,,,,,,,,,,,,,,,,,,,,,,,,,,,,,,,,,,,
GC-BCVI-BSWY-24-253-T26-N,c,23,5,38,3,0.5133,6281.25,2437.5,3843.75,0.0574,5812.5,2812.5,3000,0.0682,6281.25,3093.75,3187.5,0.0624,5812.5,3000,2812.5,0.1495,4500,2906.25,1593.75,0.1384,4500,2906.25,1593.75,0.1125,4500,2437.5,2062.5,,,,,,,,,,,,,,,,,,,,,,,,,,,,,,,,,,,,,,,,,,,,,,,,,,,,,,,,,,,,,,,,,,,,,,,,,,,,,,,,,,,,,,,,,,,,,,,,,,,,,,,,,,,,,,,,,,,,,,,,,,,,,,,,,,,,,,,,
GC-BCVI-BSWY-24-227-T26-N,c,23,7,38,5,0.9782,6937.5,2437.5,4500,0.1568,4125,2812.5,1312.5,0.0575,5906.25,3468.75,2437.5,0.0604,6562.5,5062.5,1500,0.0878,6937.5,2812.5,4125,0.1784,6562.5,4593.75,1968.75,0.1582,4312.5,2625,1687.5,0.114,4218.75,2625,1593.75,0.1154,4218.75,2437.5,1781.25,,,,,,,,,,,,,,,,,,,,,,,,,,,,,,,,,,,,,,,,,,,,,,,,,,,,,,,,,,,,,,,,,,,,,,,,,,,,,,,,,,,,,,,,,,,,,,,,,,,,,,,,,,,,,,,,,,,,,,,,,,,,,,,,
GC-BCVI-BSWY-24-132-T12-N,c,23,7,38,5,1.0932,6375,2250,4125,0.1319,3937.5,2531.25,1406.25,0.0426,5625,4500,1125,0.0618,5343.75,4500,843.75,0.0484,5343.75,4500,843.75,0.1745,6375,4218.75,2156.25,0.1356,4500,2812.5,1687.5,0.1415,4500,2812.5,1687.5,0.1415,4781.25,2250,2531.25,,,,,,,,,,,,,,,,,,,,,,,,,,,,,,,,,,,,,,,,,,,,,,,,,,,,,,,,,,,,,,,,,,,,,,,,,,,,,,,,,,,,,,,,,,,,,,,,,,,,,,,,,,,,,,,,,,,,,,,,,,,,,,,,
GC-BCVI-BSWY-24-202-T19-N,d,23,2,38,2,0.4231,5625,3281.25,2343.75,0.1748,5625,4500,1125,0.1471,4218.75,3281.25,937.5,,,,,,,,,,,,,,,,,,,,,,,,,,,,,,,,,,,,,,,,,,,,,,,,,,,,,,,,,,,,,,,,,,,,,,,,,,,,,,,,,,,,,,,,,,,,,,,,,,,,,,,,,,,,,,,,,,,,,,,,,,,,,,,,,,,,,,,,,,,,,,,,,,,,,,,,
GC-BCVI-BSWY-24-192-T19-N,d,23,2,38,2,0.4506,5718.75,3281.25,2437.5,0.1817,5718.75,4312.5,1406.25,0.1876,4031.25,3281.25,750,,,,,,,,,,,,,,,,,,,,,,,,,,,,,,,,,,,,,,,,,,,,,,,,,,,,,,,,,,,,,,,,,,,,,,,,,,,,,,,,,,,,,,,,,,,,,,,,,,,,,,,,,,,,,,,,,,,,,,,,,,,,,,,,,,,,,,,,,,,,,,,,,,,,,,,,
GC-BCVI-BSWY-24-206-T19-N,d,23,1,38,1,0.2592,4218.75,3093.75,1125,0.2592,4218.75,3093.75,1125,,,,,,,,,,,,,,,,,,,,,,,,,,,,,,,,,,,,,,,,,,,,,,,,,,,,,,,,,,,,,,,,,,,,,,,,,,,,,,,,,,,,,,,,,,,,,,,,,,,,,,,,,,,,,,,,,,,,,,,,,,,,,,,,,,,,,,,,,,,,,,,,,,,,,,,,,,,,
GC-BCVI-BSWY-24-298-T12-N,e,23,5,38,3,0.3983,6750,2062.5,4687.5,0.0474,5156.25,4218.75,937.5,0.0486,6750,3843.75,2906.25,0.0478,6562.5,3562.5,3000,0.0556,5812.5,3468.75,2343.75,0.1261,5062.5,2062.5,3000,,,,,,,,,,,,,,,,,,,,,,,,,,,,,,,,,,,,,,,,,,,,,,,,,,,,,,,,,,,,,,,,,,,,,,,,,,,,,,,,,,,,,,,,,,,,,,,,,,,,,,,,,,,,,,,,,,,,,,,,,,,,,,,,,,,,,,,,,,,,
GC-BCVI-BSWY-24-251-T12-N,e,23,8,38,4,1.01,6468.75,2062.5,4406.25,0.1025,5718.75,3937.5,1781.25,0.0544,6468.75,3656.25,2812.5,0.0554,5906.25,3937.5,1968.75,0.1388,4687.5,2156.25,2531.25,0.2296,5156.25,4218.75,937.5,0.0581,2531.25,2343.75,187.5,0.0653,2625,2156.25,468.75,0.059,2531.25,2062.5,468.75,,,,,,,,,,,,,,,,,,,,,,,,,,,,,,,,,,,,,,,,,,,,,,,,,,,,,,,,,,,,,,,,,,,,,,,,,,,,,,,,,,,,,,,,,,,,,,,,,,,,,,,,,,,,,,,,,,,,,,,,,,,,,,,,
GC-BCVI-BSWY-24-252-T12-N,e,23,6,38,4,0.4627,7500,2250,5250,0.0577,5343.75,3093.75,2250,0.0528,4687.5,4406.25,281.25,0.0363,6937.5,3656.25,3281.25,0.0482,5718.75,3656.25,2062.5,0.0394,7500,3468.75,4031.25,0.1363,5156.25,2250,2906.25,,,,,,,,,,,,,,,,,,,,,,,,,,,,,,,,,,,,,,,,,,,,,,,,,,,,,,,,,,,,,,,,,,,,,,,,,,,,,,,,,,,,,,,,,,,,,,,,,,,,,,,,,,,,,,,,,,,,,,,,,,,,,,,,,,,,,,,,
GC-BCVI-BSWY-24-12-T9-N,e,23,5,38,3,0.4271,6562.5,2062.5,4500,0.048,4593.75,3281.25,1312.5,0.0394,5156.25,3562.5,1593.75,0.0437,6562.5,3093.75,3468.75,0.0489,5250,3187.5,2062.5,0.1454,4875,2062.5,2812.5,,,,,,,,,,,,,,,,,,,,,,,,,,,,,,,,,,,,,,,,,,,,,,,,,,,,,,,,,,,,,,,,,,,,,,,,,,,,,,,,,,,,,,,,,,,,,,,,,,,,,,,,,,,,,,,,,,,,,,,,,,,,,,,,,,,,,,,,,,,,
GC-BCVI-BSWY-24-102-T19-N,f,23,1,38,1,0.104,6562.5,2156.25,4406.25,0.104,6562.5,2156.25,4406.25,,,,,,,,,,,,,,,,,,,,,,,,,,,,,,,,,,,,,,,,,,,,,,,,,,,,,,,,,,,,,,,,,,,,,,,,,,,,,,,,,,,,,,,,,,,,,,,,,,,,,,,,,,,,,,,,,,,,,,,,,,,,,,,,,,,,,,,,,,,,,,,,,,,,,,,,,,,,
GC-BCVI-BSWY-24-17-T3-N,f,23,1,38,1,0.0581,5906.25,4500,1406.25,0.0581,5906.25,4500,1406.25,,,,,,,,,,,,,,,,,,,,,,,,,,,,,,,,,,,,,,,,,,,,,,,,,,,,,,,,,,,,,,,,,,,,,,,,,,,,,,,,,,,,,,,,,,,,,,,,,,,,,,,,,,,,,,,,,,,,,,,,,,,,,,,,,,,,,,,,,,,,,,,,,,,,,,,,,,,,
GC-BCVI-BSWY-24-63-T6-N,f,23,1,38,1,0.1114,6375,3093.75,3281.25,0.1114,6375,3093.75,3281.25,,,,,,,,,,,,,,,,,,,,,,,,,,,,,,,,,,,,,,,,,,,,,,,,,,,,,,,,,,,,,,,,,,,,,,,,,,,,,,,,,,,,,,,,,,,,,,,,,,,,,,,,,,,,,,,,,,,,,,,,,,,,,,,,,,,,,,,,,,,,,,,,,,,,,,,,,,,,
GC-BCVI-BSWY-24-36-T20-N,g,23,8,38,3,0.6756,6000,2343.75,3656.25,0.0696,6000,4687.5,1312.5,0.0575,5812.5,5062.5,750,0.0714,5625,4781.25,843.75,0.0714,5625,4781.25,843.75,0.0366,3656.25,2343.75,1312.5,0.04,3468.75,2906.25,562.5,0.0418,3750,3187.5,562.5,0.0383,3937.5,3656.25,281.25,,,,,,,,,,,,,,,,,,,,,,,,,,,,,,,,,,,,,,,,,,,,,,,,,,,,,,,,,,,,,,,,,,,,,,,,,,,,,,,,,,,,,,,,,,,,,,,,,,,,,,,,,,,,,,,,,,,,,,,,,,,,,,,,
GC-BCVI-BSWY-24-59-T20-N,g,23,9,38,3,0.7756,6843.75,2156.25,4687.5,0.0851,6843.75,5156.25,1687.5,0.0838,5625,4968.75,656.25,0.082,5812.5,4406.25,1406.25,0.1043,6093.75,2437.5,3656.25,0.0447,2531.25,2156.25,375,0.0497,3093.75,2812.5,281.25,0.0472,3656.25,3093.75,562.5,0.0428,3843.75,3656.25,187.5,0.0553,4125,3656.25,468.75,,,,,,,,,,,,,,,,,,,,,,,,,,,,,,,,,,,,,,,,,,,,,,,,,,,,,,,,,,,,,,,,,,,,,,,,,,,,,,,,,,,,,,,,,,,,,,,,,,,,,,,,,,,,,,,,,,,,,,,,,,,,
GC-BCVI-BSWY-24-334-T1-N,h,23,6,38,4,0.81,5625,2437.5,3187.5,0.0506,4593.75,3656.25,937.5,0.1013,4968.75,2437.5,2531.25,0.0354,5531.25,4500,1031.25,0.0428,5625,3843.75,1781.25,0.0399,4968.75,4031.25,937.5,0.1924,4218.75,2437.5,1781.25,,,,,,,,,,,,,,,,,,,,,,,,,,,,,,,,,,,,,,,,,,,,,,,,,,,,,,,,,,,,,,,,,,,,,,,,,,,,,,,,,,,,,,,,,,,,,,,,,,,,,,,,,,,,,,,,,,,,,,,,,,,,,,,,,,,,,,,,
GC-BCVI-BSWY-24-328-T1-N,h,23,6,38,4,0.8287,5156.25,2156.25,3000,0.1061,4218.75,3281.25,937.5,0.1202,4875,2156.25,2718.75,0.0368,5062.5,3656.25,1406.25,0.0438,5156.25,3843.75,1312.5,0.0424,4875,4031.25,843.75,0.2058,4312.5,2437.5,1875,,,,,,,,,,,,,,,,,,,,,,,,,,,,,,,,,,,,,,,,,,,,,,,,,,,,,,,,,,,,,,,,,,,,,,,,,,,,,,,,,,,,,,,,,,,,,,,,,,,,,,,,,,,,,,,,,,,,,,,,,,,,,,,,,,,,,,,,
GC-BCVI-BSWY-24-283-T34-N,i,23,8,38,4,0.9939,7312.5,2250,5062.5,0.1744,3562.5,2625,937.5,0.0494,6562.5,4875,1687.5,0.0524,7312.5,4875,2437.5,0.0608,6843.75,4875,1968.75,0.1581,5343.75,3937.5,1406.25,0.0692,3468.75,2250,1218.75,0.0646,3656.25,2250,1406.25,0.0634,3468.75,2343.75,1125,,,,,,,,,,,,,,,,,,,,,,,,,,,,,,,,,,,,,,,,,,,,,,,,,,,,,,,,,,,,,,,,,,,,,,,,,,,,,,,,,,,,,,,,,,,,,,,,,,,,,,,,,,,,,,,,,,,,,,,,,,,,,,,,
GC-BCVI-BSWY-24-278-T34-N,i,23,8,38,4,1.0602,7500,2156.25,5343.75,0.2351,5625,2156.25,3468.75,0.0519,6750,4593.75,2156.25,0.0572,7312.5,4875,2437.5,0.0643,7031.25,4968.75,2062.5,0.1796,7500,2531.25,4968.75,0.0748,3750,2156.25,1593.75,0.0669,3750,2437.5,1312.5,0.0572,3750,2156.25,1593.75,,,,,,,,,,,,,,,,,,,,,,,,,,,,,,,,,,,,,,,,,,,,,,,,,,,,,,,,,,,,,,,,,,,,,,,,,,,,,,,,,,,,,,,,,,,,,,,,,,,,,,,,,,,,,,,,,,,,,,,,,,,,,,,,
GC-BCVI-BSWY-24-256-T1-N,j,23,6,38,4,0.9252,6468.75,1968.75,4500,0.0879,6468.75,4218.75,2250,0.1125,5437.5,4312.5,1125,0.0532,6468.75,4406.25,2062.5,0.0559,6468.75,5156.25,1312.5,0.0592,6468.75,4500,1968.75,0.1518,3750,1968.75,1781.25,,,,,,,,,,,,,,,,,,,,,,,,,,,,,,,,,,,,,,,,,,,,,,,,,,,,,,,,,,,,,,,,,,,,,,,,,,,,,,,,,,,,,,,,,,,,,,,,,,,,,,,,,,,,,,,,,,,,,,,,,,,,,,,,,,,,,,,,
GC-BCVI-BSWY-24-261-T1-N,j,23,6,38,4,0.8822,6937.5,2156.25,4781.25,0.086,6937.5,4500,2437.5,0.2043,5062.5,2437.5,2625,0.0529,6843.75,4968.75,1875,0.0575,6750,3187.5,3562.5,0.0595,6750,5531.25,1218.75,0.1541,3656.25,2156.25,1500,,,,,,,,,,,,,,,,,,,,,,,,,,,,,,,,,,,,,,,,,,,,,,,,,,,,,,,,,,,,,,,,,,,,,,,,,,,,,,,,,,,,,,,,,,,,,,,,,,,,,,,,,,,,,,,,,,,,,,,,,,,,,,,,,,,,,,,,
GC-BCVI-BSWY-24-194-T2-N,k,23,3,38,2,0.4361,5718.75,2437.5,3281.25,0.0838,5718.75,3656.25,2062.5,0.0706,5625,3656.25,1968.75,0.0856,4593.75,2437.5,2156.25,,,,,,,,,,,,,,,,,,,,,,,,,,,,,,,,,,,,,,,,,,,,,,,,,,,,,,,,,,,,,,,,,,,,,,,,,,,,,,,,,,,,,,,,,,,,,,,,,,,,,,,,,,,,,,,,,,,,,,,,,,,,,,,,,,,,,,,,,,,,,,,,,,,,
GC-BCVI-BSWY-24-311-T3-N,k,23,2,38,1,0.1894,4875,3375,1500,0.088,3937.5,3468.75,468.75,0.0708,4875,3375,1500,,,,,,,,,,,,,,,,,,,,,,,,,,,,,,,,,,,,,,,,,,,,,,,,,,,,,,,,,,,,,,,,,,,,,,,,,,,,,,,,,,,,,,,,,,,,,,,,,,,,,,,,,,,,,,,,,,,,,,,,,,,,,,,,,,,,,,,,,,,,,,,,,,,,,,,,
GC-BCVI-BSWY-24-31-T1-N,k,23,4,38,3,0.872,7125,2156.25,4968.75,0.103,5531.25,2531.25,3000,0.0925,5062.5,4218.75,843.75,0.0808,7125,3843.75,3281.25,0.2553,3937.5,2156.25,1781.25,,,,,,,,,,,,,,,,,,,,,,,,,,,,,,,,,,,,,,,,,,,,,,,,,,,,,,,,,,,,,,,,,,,,,,,,,,,,,,,,,,,,,,,,,,,,,,,,,,,,,,,,,,,,,,,,,,,,,,,,,,,,,,,,,,,,,,,,,,,,,,,,
GC-BCVI-BSWY-24-24-T17-N,i,23,1,38,1,0.2991,5812.5,3281.25,2531.25,0.2991,5812.5,3281.25,2531.25,,,,,,,,,,,,,,,,,,,,,,,,,,,,,,,,,,,,,,,,,,,,,,,,,,,,,,,,,,,,,,,,,,,,,,,,,,,,,,,,,,,,,,,,,,,,,,,,,,,,,,,,,,,,,,,,,,,,,,,,,,,,,,,,,,,,,,,,,,,,,,,,,,,,,,,,,,,,
GC-BCVI-BSWY-24-205-T19-N,i,23,1,38,1,0.1757,5625,4593.75,1031.25,0.1757,5625,4593.75,1031.25,,,,,,,,,,,,,,,,,,,,,,,,,,,,,,,,,,,,,,,,,,,,,,,,,,,,,,,,,,,,,,,,,,,,,,,,,,,,,,,,,,,,,,,,,,,,,,,,,,,,,,,,,,,,,,,,,,,,,,,,,,,,,,,,,,,,,,,,,,,,,,,,,,,,,,,,,,,,
GC-BCVI-BSWY-24-35-T17-N,i,23,1,38,1,0.2865,7968.75,3187.5,4781.25,0.2865,7968.75,3187.5,4781.25,,,,,,,,,,,,,,,,,,,,,,,,,,,,,,,,,,,,,,,,,,,,,,,,,,,,,,,,,,,,,,,,,,,,,,,,,,,,,,,,,,,,,,,,,,,,,,,,,,,,,,,,,,,,,,,,,,,,,,,,,,,,,,,,,,,,,,,,,,,,,,,,,,,,,,,,,,,,
GC-BCVI-BSWY-24-259-T1-N,a,23,5,38,2,0.4216,6468.75,2156.25,4312.5,0.1469,6468.75,4031.25,2437.5,0.0424,3562.5,2156.25,1406.25,0.03,2812.5,2625,187.5,0.0424,3187.5,2812.5,375,0.0457,3281.25,2906.25,375,,,,,,,,,,,,,,,,,,,,,,,,,,,,,,,,,,,,,,,,,,,,,,,,,,,,,,,,,,,,,,,,,,,,,,,,,,,,,,,,,,,,,,,,,,,,,,,,,,,,,,,,,,,,,,,,,,,,,,,,,,,,,,,,,,,,,,,,,,,,
GC-BCVI-BSWY-24-78-T16-N,u,23,4,38,2,0.439,6187.5,3187.5,3000,0.1925,6187.5,3750,2437.5,0.0496,4312.5,3187.5,1125,0.0496,4312.5,3187.5,1125,0.0387,4687.5,3375,1312.5,,,,,,,,,,,,,,,,,,,,,,,,,,,,,,,,,,,,,,,,,,,,,,,,,,,,,,,,,,,,,,,,,,,,,,,,,,,,,,,,,,,,,,,,,,,,,,,,,,,,,,,,,,,,,,,,,,,,,,,,,,,,,,,,,,,,,,,,,,,,,,,,
GC-BCVI-BSWY-24-131-T1-N,v,23,5,38,2,0.6658,6656.25,1968.75,4687.5,0.1645,6656.25,1968.75,4687.5,0.0594,6000,3375,2625,0.0533,5718.75,3468.75,2250,0.0569,5437.5,3937.5,1500,0.0599,5343.75,3000,2343.75,,,,,,,,,,,,,,,,,,,,,,,,,,,,,,,,,,,,,,,,,,,,,,,,,,,,,,,,,,,,,,,,,,,,,,,,,,,,,,,,,,,,,,,,,,,,,,,,,,,,,,,,,,,,,,,,,,,,,,,,,,,,,,,,,,,,,,,,,,,,
GC-BCVI-BSWY-24-37-T1-N,w,23,5,38,2,0.5477,7312.5,2062.5,5250,0.2537,7312.5,2718.75,4593.75,0.0503,3375,2062.5,1312.5,0.0443,3562.5,2250,1312.5,0.0548,3750,2343.75,1406.25,0.0615,4031.25,2812.5,1218.75,,,,,,,,,,,,,,,,,,,,,,,,,,,,,,,,,,,,,,,,,,,,,,,,,,,,,,,,,,,,,,,,,,,,,,,,,,,,,,,,,,,,,,,,,,,,,,,,,,,,,,,,,,,,,,,,,,,,,,,,,,,,,,,,,,,,,,,,,,,,
GC-BCVI-BSWY-24-193-T9-N,l,23,5,38,3,0.6035,7406.25,2718.75,4687.5,0.0503,7406.25,5250,2156.25,0.0564,6375,5250,1125,0.0564,6281.25,5343.75,937.5,0.0534,4031.25,2718.75,1312.5,0.186,6468.75,4125,2343.75,,,,,,,,,,,,,,,,,,,,,,,,,,,,,,,,,,,,,,,,,,,,,,,,,,,,,,,,,,,,,,,,,,,,,,,,,,,,,,,,,,,,,,,,,,,,,,,,,,,,,,,,,,,,,,,,,,,,,,,,,,,,,,,,,,,,,,,,,,,,
GC-BCVI-BSWY-24-75-T16-N,m,23,8,38,5,0.9895,6843.75,2062.5,4781.25,0.0949,6187.5,3750,2437.5,0.1817,4125,2062.5,2062.5,0.0384,6843.75,4312.5,2531.25,0.0307,5812.5,4125,1687.5,0.0518,4781.25,2062.5,2718.75,0.0595,5437.5,2250,3187.5,0.0442,3093.75,2156.25,937.5,0.0538,3187.5,2437.5,750,,,,,,,,,,,,,,,,,,,,,,,,,,,,,,,,,,,,,,,,,,,,,,,,,,,,,,,,,,,,,,,,,,,,,,,,,,,,,,,,,,,,,,,,,,,,,,,,,,,,,,,,,,,,,,,,,,,,,,,,,,,,,,,,
GC-BCVI-BSWY-24-161-T16-N,n,23,5,38,3,0.6542,7968.75,2156.25,5812.5,0.105,7968.75,4500,3468.75,0.1598,4125,2156.25,1968.75,0.0757,5437.5,3656.25,1781.25,0.0669,5437.5,3843.75,1593.75,0.0929,5062.5,3843.75,1218.75,,,,,,,,,,,,,,,,,,,,,,,,,,,,,,,,,,,,,,,,,,,,,,,,,,,,,,,,,,,,,,,,,,,,,,,,,,,,,,,,,,,,,,,,,,,,,,,,,,,,,,,,,,,,,,,,,,,,,,,,,,,,,,,,,,,,,,,,,,,,
GC-BCVI-BSWY-24-160-T26-N,o,23,10,38,6,1.3604,6843.75,2062.5,4781.25,0.1329,6843.75,3187.5,3656.25,0.0746,2906.25,2062.5,843.75,0.0562,5625,3750,1875,0.054,5906.25,3843.75,2062.5,0.067,5906.25,4125,1781.25,0.1988,5156.25,3375,1781.25,0.0584,2812.5,2156.25,656.25,0.0519,3375,2343.75,1031.25,0.0627,3375,2156.25,1218.75,0.1707,6000,2718.75,3281.25,,,,,,,,,,,,,,,,,,,,,,,,,,,,,,,,,,,,,,,,,,,,,,,,,,,,,,,,,,,,,,,,,,,,,,,,,,,,,,,,,,,,,,,,,,,,,,,,,,,,,,,,,,,,,,,,,,,,,,,,
GC-BCVI-BSWY-24-25-T13-N,p,23,9,38,3,0.8396,6375,3375,3000,0.0636,5343.75,4218.75,1125,0.0552,4593.75,3656.25,937.5,0.0536,3937.5,3750,187.5,0.0402,4218.75,3843.75,375,0.0402,5156.25,3656.25,1500,0.0318,4875,3375,1500,0.0352,5062.5,3468.75,1593.75,0.0485,6375,3375,3000,0.0854,4312.5,3468.75,843.75,,,,,,,,,,,,,,,,,,,,,,,,,,,,,,,,,,,,,,,,,,,,,,,,,,,,,,,,,,,,,,,,,,,,,,,,,,,,,,,,,,,,,,,,,,,,,,,,,,,,,,,,,,,,,,,,,,,,,,,,,,,,
GC-BCVI-BSWY-24-26-T10-N,q,23,3,38,2,0.3763,4875,2343.75,2531.25,0.1312,4406.25,2343.75,2062.5,0.0626,4312.5,2531.25,1781.25,0.0529,4875,2531.25,2343.75,,,,,,,,,,,,,,,,,,,,,,,,,,,,,,,,,,,,,,,,,,,,,,,,,,,,,,,,,,,,,,,,,,,,,,,,,,,,,,,,,,,,,,,,,,,,,,,,,,,,,,,,,,,,,,,,,,,,,,,,,,,,,,,,,,,,,,,,,,,,,,,,,,,,
GC-BCVI-BSWY-24-108-T22-N,r,23,11,38,4,1.2692,7218.75,2156.25,5062.5,0.1092,7218.75,4781.25,2437.5,0.047,2812.5,2531.25,281.25,0.0648,3000,2156.25,843.75,0.0533,3281.25,2531.25,750,0.1891,6656.25,4781.25,1875,0.0692,4125,2718.75,1406.25,0.0612,3562.5,2718.75,843.75,0.063,3562.5,2531.25,1031.25,0.0621,3281.25,2625,656.25,0.0666,3281.25,2437.5,843.75,0.0612,3281.25,2343.75,937.5,,,,,,,,,,,,,,,,,,,,,,,,,,,,,,,,,,,,,,,,,,,,,,,,,,,,,,,,,,,,,,,,,,,,,,,,,,,,,,,,,,,,,,,,,,,,,,,,,,,,,,,,,,,,,,,,,,,,
GC-BCVI-BSWY-24-345-T30-N,s,23,4,38,4,0.4056,5343.75,2156.25,3187.5,0.1655,5343.75,4125,1218.75,0.0526,3375,2250,1125,0.0555,3843.75,2156.25,1687.5,0.0622,3750,2343.75,1406.25,,,,,,,,,,,,,,,,,,,,,,,,,,,,,,,,,,,,,,,,,,,,,,,,,,,,,,,,,,,,,,,,,,,,,,,,,,,,,,,,,,,,,,,,,,,,,,,,,,,,,,,,,,,,,,,,,,,,,,,,,,,,,,,,,,,,,,,,,,,,,,,,
GC-BCVI-BSWY-24-166-T5-N,t,23,8,38,3,0.8378,5812.5,2062.5,3750,0.0642,5250,3937.5,1312.5,0.0532,5718.75,5156.25,562.5,0.0734,5812.5,4031.25,1781.25,0.0642,3656.25,2250,1406.25,0.0503,3468.75,2156.25,1312.5,0.0584,3468.75,2062.5,1406.25,0.0514,3656.25,2718.75,937.5,0.2249,4500,2625,1875,,,,,,,,,,,,,,,,,,,,,,,,,,,,,,,,,,,,,,,,,,,,,,,,,,,,,,,,,,,,,,,,,,,,,,,,,,,,,,,,,,,,,,,,,,,,,,,,,,,,,,,,,,,,,,,,,,,,,,,,,,,,,,,,
GC-BCVI-BWMS-24-370-T34-N,a,15,10,39,4,1.1893,6843.75,2062.5,4781.25,0.0486,6843.75,3187.5,3656.25,0.0475,6656.25,3562.5,3093.75,0.0633,6468.75,3375,3093.75,0.2069,3750,2062.5,1687.5,0.2294,6468.75,3562.5,2906.25,0.0707,3468.75,2718.75,750,0.0574,3187.5,2812.5,375,0.065,3375,2718.75,656.25,0.0669,3468.75,2718.75,750,0.0631,3093.75,2718.75,375,,,,,,,,,,,,,,,,,,,,,,,,,,,,,,,,,,,,,,,,,,,,,,,,,,,,,,,,,,,,,,,,,,,,,,,,,,,,,,,,,,,,,,,,,,,,,,,,,,,,,,,,,,,,,,,,,,,,,,,,
GC-BCVI-BWMS-24-254-T34-N,a,15,10,39,4,1.227,6562.5,2062.5,4500,0.0467,6468.75,3281.25,3187.5,0.0456,6375,4875,1500,0.0477,6281.25,3468.75,2812.5,0.1378,3843.75,2062.5,1781.25,0.211,6562.5,4406.25,2156.25,0.0661,3375,2718.75,656.25,0.0642,3375,2812.5,562.5,0.0642,3281.25,2812.5,468.75,0.0642,3281.25,2718.75,562.5,0.0679,3281.25,2718.75,562.5,,,,,,,,,,,,,,,,,,,,,,,,,,,,,,,,,,,,,,,,,,,,,,,,,,,,,,,,,,,,,,,,,,,,,,,,,,,,,,,,,,,,,,,,,,,,,,,,,,,,,,,,,,,,,,,,,,,,,,,,
GC-BCVI-BWMS-24-502-T34-N,a,15,11,39,4,1.3394,6281.25,1968.75,4312.5,0.0316,4125,3843.75,281.25,0.0354,5625,3750,1875,0.0405,5250,3750,1500,0.043,5250,3375,1875,0.1228,5625,1968.75,3656.25,0.2267,6281.25,3937.5,2343.75,0.072,3281.25,2625,656.25,0.0636,3281.25,2625,656.25,0.0593,3187.5,2625,562.5,0.0699,3187.5,2625,562.5,0.0699,3093.75,2531.25,562.5,,,,,,,,,,,,,,,,,,,,,,,,,,,,,,,,,,,,,,,,,,,,,,,,,,,,,,,,,,,,,,,,,,,,,,,,,,,,,,,,,,,,,,,,,,,,,,,,,,,,,,,,,,,,,,,,,,,,
GC-BCVI-BWMS-24-485-T34-N,a,15,11,39,4,1.2943,5531.25,1968.75,3562.5,0.0499,5250,3281.25,1968.75,0.0437,5250,3937.5,1312.5,0.0375,5437.5,3937.5,1500,0.0437,5437.5,3937.5,1500,0.1249,4500,1968.75,2531.25,0.2102,5531.25,3937.5,1593.75,0.0707,3187.5,2531.25,656.25,0.0624,3187.5,2625,562.5,0.0645,3093.75,2531.25,562.5,0.0624,3187.5,2625,562.5,0.0624,3187.5,2531.25,656.25,,,,,,,,,,,,,,,,,,,,,,,,,,,,,,,,,,,,,,,,,,,,,,,,,,,,,,,,,,,,,,,,,,,,,,,,,,,,,,,,,,,,,,,,,,,,,,,,,,,,,,,,,,,,,,,,,,,,
GC-BCVI-BWMS-24-93-T34-N,a,15,11,39,4,1.1779,6093.75,1968.75,4125,0.022,4031.25,3843.75,187.5,0.0377,6093.75,4031.25,2062.5,0.0617,5531.25,3468.75,2062.5,0.045,5531.25,3656.25,1875,0.1098,4593.75,1968.75,2625,0.2241,5437.5,3843.75,1593.75,0.07,3468.75,2812.5,656.25,0.063,3281.25,2906.25,375,0.0665,3187.5,2625,562.5,0.0683,3187.5,2437.5,750,0.0648,3187.5,2437.5,750,,,,,,,,,,,,,,,,,,,,,,,,,,,,,,,,,,,,,,,,,,,,,,,,,,,,,,,,,,,,,,,,,,,,,,,,,,,,,,,,,,,,,,,,,,,,,,,,,,,,,,,,,,,,,,,,,,,,
GC-BCVI-BWMS-24-488-T34-N,a,15,10,39,4,1.2678,5531.25,2156.25,3375,0.0479,5250,2812.5,2437.5,0.0403,5250,3937.5,1312.5,0.0504,5250,3937.5,1312.5,0.1147,5250,2156.25,3093.75,0.2067,5531.25,3937.5,1593.75,0.0618,3281.25,2625,656.25,0.0668,3281.25,2718.75,562.5,0.0681,3281.25,2718.75,562.5,0.0693,3187.5,2531.25,656.25,0.0643,3187.5,2531.25,656.25,,,,,,,,,,,,,,,,,,,,,,,,,,,,,,,,,,,,,,,,,,,,,,,,,,,,,,,,,,,,,,,,,,,,,,,,,,,,,,,,,,,,,,,,,,,,,,,,,,,,,,,,,,,,,,,,,,,,,,,,
GC-BCVI-BWMS-24-362-T5-N,a,15,7,39,3,0.9373,6093.75,2062.5,4031.25,0.184,3843.75,2062.5,1781.25,0.2494,6093.75,3562.5,2531.25,0.0681,3281.25,2625,656.25,0.0699,3375,2625,750,0.0626,3375,2625,750,0.0616,3281.25,2718.75,562.5,0.0626,3187.5,2625,562.5,,,,,,,,,,,,,,,,,,,,,,,,,,,,,,,,,,,,,,,,,,,,,,,,,,,,,,,,,,,,,,,,,,,,,,,,,,,,,,,,,,,,,,,,,,,,,,,,,,,,,,,,,,,,,,,,,,,,,,,,,,,,,,,,,,,,
GC-BCVI-BWMS-24-467-T34-N,a,15,10,39,4,1.2178,7125,2156.25,4968.75,0.0484,6750,5250,1500,0.0444,7125,3843.75,3281.25,0.0538,7031.25,3562.5,3468.75,0.1359,4031.25,2156.25,1875,0.2126,6937.5,4218.75,2718.75,0.074,3562.5,2531.25,1031.25,0.0713,3281.25,2718.75,562.5,0.0659,3281.25,2906.25,375,0.0646,3187.5,2718.75,468.75,0.0592,3187.5,2437.5,750,,,,,,,,,,,,,,,,,,,,,,,,,,,,,,,,,,,,,,,,,,,,,,,,,,,,,,,,,,,,,,,,,,,,,,,,,,,,,,,,,,,,,,,,,,,,,,,,,,,,,,,,,,,,,,,,,,,,,,,,
GC-BCVI-BWMS-24-435-T34-N,a,15,4,39,2,0.446,6468.75,2062.5,4406.25,0.0429,6375,3281.25,3093.75,0.0572,6468.75,3281.25,3187.5,0.0572,6375,3656.25,2718.75,0.1288,3843.75,2062.5,1781.25,,,,,,,,,,,,,,,,,,,,,,,,,,,,,,,,,,,,,,,,,,,,,,,,,,,,,,,,,,,,,,,,,,,,,,,,,,,,,,,,,,,,,,,,,,,,,,,,,,,,,,,,,,,,,,,,,,,,,,,,,,,,,,,,,,,,,,,,,,,,,,,,
GC-BCVI-BWMS-24-424-T34-N,a,15,10,39,4,1.2001,6750,2156.25,4593.75,0.0551,5156.25,3375,1781.25,0.0478,6656.25,3281.25,3375,0.0416,6281.25,3656.25,2625,0.1288,4031.25,2156.25,1875,0.2035,6750,4218.75,2531.25,0.0686,3281.25,2531.25,750,0.0675,3375,2625,750,0.0717,3562.5,2812.5,750,0.0644,3562.5,2625,937.5,0.0603,3187.5,2531.25,656.25,,,,,,,,,,,,,,,,,,,,,,,,,,,,,,,,,,,,,,,,,,,,,,,,,,,,,,,,,,,,,,,,,,,,,,,,,,,,,,,,,,,,,,,,,,,,,,,,,,,,,,,,,,,,,,,,,,,,,,,,
GC-BCVI-BWMS-24-418-T34-N,a,15,10,39,4,1.1794,7125,2062.5,5062.5,0.0468,5156.25,3281.25,1875,0.0527,6562.5,2718.75,3843.75,0.0419,7125,3562.5,3562.5,0.1473,3750,2062.5,1687.5,0.2057,5906.25,3843.75,2062.5,0.0712,3375,2625,750,0.0693,3375,2625,750,0.0585,3281.25,2812.5,468.75,0.0722,3281.25,2718.75,562.5,0.0839,3093.75,2343.75,750,,,,,,,,,,,,,,,,,,,,,,,,,,,,,,,,,,,,,,,,,,,,,,,,,,,,,,,,,,,,,,,,,,,,,,,,,,,,,,,,,,,,,,,,,,,,,,,,,,,,,,,,,,,,,,,,,,,,,,,,
GC-BCVI-BWMS-24-326-T32-N,b,15,8,39,5,1.0386,6187.5,2156.25,4031.25,0.0737,5343.75,3468.75,1875,0.0887,5062.5,4125,937.5,0.215,3750,2343.75,1406.25,0.0662,5718.75,3093.75,2625,0.06,6187.5,3000,3187.5,0.0962,5718.75,2343.75,3375,0.1537,4406.25,2343.75,2062.5,0.14,4125,2156.25,1968.75,,,,,,,,,,,,,,,,,,,,,,,,,,,,,,,,,,,,,,,,,,,,,,,,,,,,,,,,,,,,,,,,,,,,,,,,,,,,,,,,,,,,,,,,,,,,,,,,,,,,,,,,,,,,,,,,,,,,,,,,,,,,,,,,
GC-BCVI-BWMS-24-75-T32-N,b,15,8,39,5,0.9883,6468.75,2250,4218.75,0.0486,5437.5,4593.75,843.75,0.0475,5437.5,4593.75,843.75,0.1805,3093.75,2250,843.75,0.0486,6468.75,5250,1218.75,0.0619,6187.5,5156.25,1031.25,0.0442,6187.5,4968.75,1218.75,0.1293,4500,2625,1875,0.1293,4593.75,2437.5,2156.25,,,,,,,,,,,,,,,,,,,,,,,,,,,,,,,,,,,,,,,,,,,,,,,,,,,,,,,,,,,,,,,,,,,,,,,,,,,,,,,,,,,,,,,,,,,,,,,,,,,,,,,,,,,,,,,,,,,,,,,,,,,,,,,,
GC-BCVI-BWMS-24-521-T32-N,b,15,8,39,5,1.0243,6562.5,2250,4312.5,0.0734,5343.75,4031.25,1312.5,0.0699,5156.25,4031.25,1125,0.2144,4406.25,2437.5,1968.75,0.0618,6562.5,5062.5,1500,0.0583,6093.75,5062.5,1031.25,0.0606,6187.5,4875,1312.5,0.1538,4500,2625,1875,0.1503,4312.5,2250,2062.5,,,,,,,,,,,,,,,,,,,,,,,,,,,,,,,,,,,,,,,,,,,,,,,,,,,,,,,,,,,,,,,,,,,,,,,,,,,,,,,,,,,,,,,,,,,,,,,,,,,,,,,,,,,,,,,,,,,,,,,,,,,,,,,,
GC-BCVI-BWMS-24-230-T1-N,c,15,6,39,2,0.4576,5718.75,2343.75,3375,0.1183,5718.75,3093.75,2625,0.0366,3375,2343.75,1031.25,0.0414,3468.75,2531.25,937.5,0.0382,3562.5,2718.75,843.75,0.044,3750,2812.5,937.5,0.0728,3562.5,3000,562.5,,,,,,,,,,,,,,,,,,,,,,,,,,,,,,,,,,,,,,,,,,,,,,,,,,,,,,,,,,,,,,,,,,,,,,,,,,,,,,,,,,,,,,,,,,,,,,,,,,,,,,,,,,,,,,,,,,,,,,,,,,,,,,,,,,,,,,,,
GC-BCVI-BWMS-24-514-T1-N,c,15,7,39,3,0.7703,4875,2343.75,2531.25,0.1313,4875,3000,1875,0.036,3093.75,2343.75,750,0.0408,3468.75,2437.5,1031.25,0.0384,3375,2531.25,843.75,0.04,3562.5,2718.75,843.75,0.0657,3375,3000,375,0.1313,3375,2812.5,562.5,,,,,,,,,,,,,,,,,,,,,,,,,,,,,,,,,,,,,,,,,,,,,,,,,,,,,,,,,,,,,,,,,,,,,,,,,,,,,,,,,,,,,,,,,,,,,,,,,,,,,,,,,,,,,,,,,,,,,,,,,,,,,,,,,,,,
GC-BCVI-BWMS-24-82-T1-N,c,15,7,39,3,0.5049,4968.75,2250,2718.75,0.15,4968.75,3093.75,1875,0.0385,3187.5,2250,937.5,0.0396,3093.75,2531.25,562.5,0.039,3468.75,2625,843.75,0.0412,3656.25,2906.25,750,0.0423,3656.25,2812.5,843.75,0.0441,3468.75,2718.75,750,,,,,,,,,,,,,,,,,,,,,,,,,,,,,,,,,,,,,,,,,,,,,,,,,,,,,,,,,,,,,,,,,,,,,,,,,,,,,,,,,,,,,,,,,,,,,,,,,,,,,,,,,,,,,,,,,,,,,,,,,,,,,,,,,,,,
GC-BCVI-BWMS-24-94-T1-N,c,15,6,39,2,0.4486,5062.5,2343.75,2718.75,0.0904,5062.5,3281.25,1781.25,0.0344,4125,2343.75,1781.25,0.0433,3281.25,2531.25,750,0.0372,3562.5,2625,937.5,0.0272,4218.75,2812.5,1406.25,0.039,3656.25,3093.75,562.5,,,,,,,,,,,,,,,,,,,,,,,,,,,,,,,,,,,,,,,,,,,,,,,,,,,,,,,,,,,,,,,,,,,,,,,,,,,,,,,,,,,,,,,,,,,,,,,,,,,,,,,,,,,,,,,,,,,,,,,,,,,,,,,,,,,,,,,,
GC-BCVI-BWMS-24-564-T1-N,c,15,6,39,2,0.4905,5437.5,2343.75,3093.75,0.1447,5437.5,3187.5,2250,0.0369,4312.5,2343.75,1968.75,0.0405,4593.75,2625,1968.75,0.0441,3468.75,2625,843.75,0.0441,3562.5,2718.75,843.75,0.0376,3375,3000,375,,,,,,,,,,,,,,,,,,,,,,,,,,,,,,,,,,,,,,,,,,,,,,,,,,,,,,,,,,,,,,,,,,,,,,,,,,,,,,,,,,,,,,,,,,,,,,,,,,,,,,,,,,,,,,,,,,,,,,,,,,,,,,,,,,,,,,,,
GC-BCVI-BWMS-24-570-T1-N,c,15,6,39,2,0.5081,5531.25,2250,3281.25,0.1382,5531.25,3093.75,2437.5,0.0423,3750,2250,1500,0.0411,3562.5,2531.25,1031.25,0.04,3562.5,2531.25,1031.25,0.0473,3656.25,2812.5,843.75,0.0703,3656.25,3000,656.25,,,,,,,,,,,,,,,,,,,,,,,,,,,,,,,,,,,,,,,,,,,,,,,,,,,,,,,,,,,,,,,,,,,,,,,,,,,,,,,,,,,,,,,,,,,,,,,,,,,,,,,,,,,,,,,,,,,,,,,,,,,,,,,,,,,,,,,,
GC-BCVI-BWMS-24-526-T1-N,c,15,6,39,2,0.5341,5343.75,2250,3093.75,0.1512,5343.75,3093.75,2250,0.038,3187.5,2250,937.5,0.0416,3468.75,2343.75,1125,0.0373,3375,2531.25,843.75,0.046,3562.5,2812.5,750,0.0746,3843.75,2906.25,937.5,,,,,,,,,,,,,,,,,,,,,,,,,,,,,,,,,,,,,,,,,,,,,,,,,,,,,,,,,,,,,,,,,,,,,,,,,,,,,,,,,,,,,,,,,,,,,,,,,,,,,,,,,,,,,,,,,,,,,,,,,,,,,,,,,,,,,,,,
GC-BCVI-BWMS-24-256-T33-N,d,15,3,39,3,0.4974,5531.25,2718.75,2812.5,0.2548,5531.25,3750,1781.25,0.0608,4031.25,2906.25,1125,0.1058,4781.25,2718.75,2062.5,,,,,,,,,,,,,,,,,,,,,,,,,,,,,,,,,,,,,,,,,,,,,,,,,,,,,,,,,,,,,,,,,,,,,,,,,,,,,,,,,,,,,,,,,,,,,,,,,,,,,,,,,,,,,,,,,,,,,,,,,,,,,,,,,,,,,,,,,,,,,,,,,,,,
GC-BCVI-BWMS-24-352-T33-N,d,15,3,39,3,0.5355,5250,2437.5,2812.5,0.293,5250,3093.75,2156.25,0.0689,3937.5,2437.5,1500,0.0945,4781.25,2718.75,2062.5,,,,,,,,,,,,,,,,,,,,,,,,,,,,,,,,,,,,,,,,,,,,,,,,,,,,,,,,,,,,,,,,,,,,,,,,,,,,,,,,,,,,,,,,,,,,,,,,,,,,,,,,,,,,,,,,,,,,,,,,,,,,,,,,,,,,,,,,,,,,,,,,,,,,
GC-BCVI-BWMS-24-373-T33-N,d,15,3,39,3,0.4914,5062.5,2531.25,2531.25,0.2738,5062.5,3281.25,1781.25,0.0798,4125,2531.25,1593.75,0.1035,4781.25,2625,2156.25,,,,,,,,,,,,,,,,,,,,,,,,,,,,,,,,,,,,,,,,,,,,,,,,,,,,,,,,,,,,,,,,,,,,,,,,,,,,,,,,,,,,,,,,,,,,,,,,,,,,,,,,,,,,,,,,,,,,,,,,,,,,,,,,,,,,,,,,,,,,,,,,,,,,
GC-BCVI-BWMS-24-398-T33-N,d,15,3,39,3,0.5283,5343.75,2625,2718.75,0.2844,5343.75,3750,1593.75,0.0698,4125,2625,1500,0.1008,4781.25,2625,2156.25,,,,,,,,,,,,,,,,,,,,,,,,,,,,,,,,,,,,,,,,,,,,,,,,,,,,,,,,,,,,,,,,,,,,,,,,,,,,,,,,,,,,,,,,,,,,,,,,,,,,,,,,,,,,,,,,,,,,,,,,,,,,,,,,,,,,,,,,,,,,,,,,,,,,
GC-BCVI-BWMS-24-24-T1-N,e,15,6,39,2,0.6318,5625,2343.75,3281.25,0.1792,5625,4218.75,1406.25,0.0805,4031.25,2343.75,1687.5,0.0767,4125,2531.25,1593.75,0.0729,4031.25,2625,1406.25,0.0759,4031.25,2812.5,1218.75,0.0767,3843.75,2906.25,937.5,,,,,,,,,,,,,,,,,,,,,,,,,,,,,,,,,,,,,,,,,,,,,,,,,,,,,,,,,,,,,,,,,,,,,,,,,,,,,,,,,,,,,,,,,,,,,,,,,,,,,,,,,,,,,,,,,,,,,,,,,,,,,,,,,,,,,,,,
GC-BCVI-BWMS-24-14-T1-N,e,15,5,39,2,0.5093,5906.25,2531.25,3375,0.1768,5906.25,3562.5,2343.75,0.0578,4125,2531.25,1593.75,0.0562,4031.25,2718.75,1312.5,0.0552,3937.5,2812.5,1125,0.0588,4031.25,2812.5,1218.75,,,,,,,,,,,,,,,,,,,,,,,,,,,,,,,,,,,,,,,,,,,,,,,,,,,,,,,,,,,,,,,,,,,,,,,,,,,,,,,,,,,,,,,,,,,,,,,,,,,,,,,,,,,,,,,,,,,,,,,,,,,,,,,,,,,,,,,,,,,,
GC-BCVI-BWMS-24-50-T1-N,e,15,6,39,2,0.6,5343.75,2437.5,2906.25,0.1606,5343.75,4406.25,937.5,0.0794,4031.25,2437.5,1593.75,0.0748,4031.25,2718.75,1312.5,0.0678,4031.25,2812.5,1218.75,0.0748,3937.5,2906.25,1031.25,0.0823,3843.75,2906.25,937.5,,,,,,,,,,,,,,,,,,,,,,,,,,,,,,,,,,,,,,,,,,,,,,,,,,,,,,,,,,,,,,,,,,,,,,,,,,,,,,,,,,,,,,,,,,,,,,,,,,,,,,,,,,,,,,,,,,,,,,,,,,,,,,,,,,,,,,,,
GC-BCVI-BWMS-24-54-T16-N,e,15,10,39,6,1.3293,6562.5,2156.25,4406.25,0.1317,6562.5,3750,2812.5,0.1201,3375,2250,1125,0.0878,6187.5,5343.75,843.75,0.0993,5531.25,4968.75,562.5,0.1779,5343.75,4218.75,1125,0.082,4125,2156.25,1968.75,0.0704,4125,2906.25,1218.75,0.0693,3937.5,2812.5,1125,0.0808,4031.25,2906.25,1125,0.0785,4031.25,3093.75,937.5,,,,,,,,,,,,,,,,,,,,,,,,,,,,,,,,,,,,,,,,,,,,,,,,,,,,,,,,,,,,,,,,,,,,,,,,,,,,,,,,,,,,,,,,,,,,,,,,,,,,,,,,,,,,,,,,,,,,,,,,
GC-BCVI-BWMS-24-174-T1-N,f,15,6,39,3,0.7379,5812.5,3187.5,2625,0.0747,5625,4031.25,1593.75,0.1982,5812.5,4031.25,1781.25,0.0526,4687.5,3281.25,1406.25,0.0534,4593.75,3281.25,1312.5,0.0564,4593.75,3187.5,1406.25,0.0625,4406.25,3187.5,1218.75,,,,,,,,,,,,,,,,,,,,,,,,,,,,,,,,,,,,,,,,,,,,,,,,,,,,,,,,,,,,,,,,,,,,,,,,,,,,,,,,,,,,,,,,,,,,,,,,,,,,,,,,,,,,,,,,,,,,,,,,,,,,,,,,,,,,,,,,
GC-BCVI-BWMS-24-176-T1-N,f,15,6,39,3,0.7179,5437.5,2625,2812.5,0.0906,5437.5,3937.5,1500,0.1727,5437.5,3843.75,1593.75,0.0491,4593.75,3375,1218.75,0.0507,4500,2625,1875,0.0507,4500,3281.25,1218.75,0.0583,4406.25,3281.25,1125,,,,,,,,,,,,,,,,,,,,,,,,,,,,,,,,,,,,,,,,,,,,,,,,,,,,,,,,,,,,,,,,,,,,,,,,,,,,,,,,,,,,,,,,,,,,,,,,,,,,,,,,,,,,,,,,,,,,,,,,,,,,,,,,,,,,,,,,
GC-BCVI-BWMS-24-188-T1-N,f,15,6,39,3,0.7446,5531.25,3187.5,2343.75,0.095,5531.25,4593.75,937.5,0.1993,5250,3937.5,1312.5,0.0539,4593.75,3187.5,1406.25,0.0518,4593.75,3375,1218.75,0.0546,4593.75,3375,1218.75,0.0596,4593.75,3187.5,1406.25,,,,,,,,,,,,,,,,,,,,,,,,,,,,,,,,,,,,,,,,,,,,,,,,,,,,,,,,,,,,,,,,,,,,,,,,,,,,,,,,,,,,,,,,,,,,,,,,,,,,,,,,,,,,,,,,,,,,,,,,,,,,,,,,,,,,,,,,
GC-BCVI-BWMS-24-194-T1-N,f,15,6,39,3,0.7134,5437.5,3281.25,2156.25,0.0743,5437.5,4500,937.5,0.1742,4875,3937.5,937.5,0.05,4593.75,3281.25,1312.5,0.0507,4593.75,3281.25,1312.5,0.05,4500,3375,1125,0.0486,4312.5,3281.25,1031.25,,,,,,,,,,,,,,,,,,,,,,,,,,,,,,,,,,,,,,,,,,,,,,,,,,,,,,,,,,,,,,,,,,,,,,,,,,,,,,,,,,,,,,,,,,,,,,,,,,,,,,,,,,,,,,,,,,,,,,,,,,,,,,,,,,,,,,,,
GC-BCVI-BWMS-24-195-T1-N,f,15,6,39,3,0.7315,5437.5,3000,2437.5,0.0968,5437.5,3562.5,1875,0.2075,5343.75,3000,2343.75,0.0599,4593.75,3187.5,1406.25,0.0615,4687.5,3281.25,1406.25,0.0541,4500,3281.25,1218.75,0.0558,4500,3187.5,1312.5,,,,,,,,,,,,,,,,,,,,,,,,,,,,,,,,,,,,,,,,,,,,,,,,,,,,,,,,,,,,,,,,,,,,,,,,,,,,,,,,,,,,,,,,,,,,,,,,,,,,,,,,,,,,,,,,,,,,,,,,,,,,,,,,,,,,,,,,
GC-BCVI-BWMS-24-144-T18-N,g,15,9,39,3,0.7666,5343.75,2531.25,2812.5,0.0365,4406.25,4031.25,375,0.0392,4687.5,4218.75,468.75,0.0365,5343.75,3937.5,1406.25,0.0283,5062.5,4406.25,656.25,0.0356,5062.5,3937.5,1125,0.0401,5343.75,4125,1218.75,0.083,5343.75,3656.25,1687.5,0.0857,5250,4406.25,843.75,0.1597,5062.5,2531.25,2531.25,,,,,,,,,,,,,,,,,,,,,,,,,,,,,,,,,,,,,,,,,,,,,,,,,,,,,,,,,,,,,,,,,,,,,,,,,,,,,,,,,,,,,,,,,,,,,,,,,,,,,,,,,,,,,,,,,,,,,,,,,,,,
GC-BCVI-BWMS-24-67-T19-N,e,15,2,39,1,0.2221,6000,4687.5,1312.5,0.0834,6000,5156.25,843.75,0.1324,5625,4687.5,937.5,,,,,,,,,,,,,,,,,,,,,,,,,,,,,,,,,,,,,,,,,,,,,,,,,,,,,,,,,,,,,,,,,,,,,,,,,,,,,,,,,,,,,,,,,,,,,,,,,,,,,,,,,,,,,,,,,,,,,,,,,,,,,,,,,,,,,,,,,,,,,,,,,,,,,,,,
GC-BCVI-BWMS-24-52-T19-N,e,15,2,39,1,0.2219,6093.75,4875,1218.75,0.0845,6093.75,5437.5,656.25,0.1328,5437.5,4875,562.5,,,,,,,,,,,,,,,,,,,,,,,,,,,,,,,,,,,,,,,,,,,,,,,,,,,,,,,,,,,,,,,,,,,,,,,,,,,,,,,,,,,,,,,,,,,,,,,,,,,,,,,,,,,,,,,,,,,,,,,,,,,,,,,,,,,,,,,,,,,,,,,,,,,,,,,,
GC-BCVI-BWMS-24-115-T12-N,h,15,9,39,4,0.9541,6281.25,2062.5,4218.75,0.0396,5531.25,3843.75,1687.5,0.0483,5812.5,4031.25,1781.25,0.0492,5812.5,4031.25,1781.25,0.0473,5812.5,4031.25,1781.25,0.1352,5625,2906.25,2718.75,0.0492,3468.75,2250,1218.75,0.0464,3468.75,2250,1218.75,0.0492,3468.75,2062.5,1406.25,0.1777,6281.25,2625,3656.25,,,,,,,,,,,,,,,,,,,,,,,,,,,,,,,,,,,,,,,,,,,,,,,,,,,,,,,,,,,,,,,,,,,,,,,,,,,,,,,,,,,,,,,,,,,,,,,,,,,,,,,,,,,,,,,,,,,,,,,,,,,,
GC-BCVI-BWMS-24-131-T12-N,h,15,9,39,4,0.9785,5812.5,2062.5,3750,0.0402,5250,3843.75,1406.25,0.0502,5812.5,4031.25,1781.25,0.0452,5812.5,4031.25,1781.25,0.059,5718.75,3937.5,1781.25,0.1118,4968.75,3656.25,1312.5,0.0414,3562.5,2250,1312.5,0.0553,3750,2062.5,1687.5,0.0528,3468.75,2250,1218.75,0.1959,5718.75,2437.5,3281.25,,,,,,,,,,,,,,,,,,,,,,,,,,,,,,,,,,,,,,,,,,,,,,,,,,,,,,,,,,,,,,,,,,,,,,,,,,,,,,,,,,,,,,,,,,,,,,,,,,,,,,,,,,,,,,,,,,,,,,,,,,,,
GC-BCVI-BWMS-24-121-T12-N,h,15,9,39,4,1.0143,6656.25,2062.5,4593.75,0.0461,5531.25,3843.75,1687.5,0.0504,5625,3937.5,1687.5,0.0536,5718.75,4031.25,1687.5,0.0461,5812.5,4031.25,1781.25,0.1823,4875,3187.5,1687.5,0.0504,3375,2062.5,1312.5,0.0622,3656.25,2062.5,1593.75,0.0579,3375,2062.5,1312.5,0.2048,6656.25,2437.5,4218.75,,,,,,,,,,,,,,,,,,,,,,,,,,,,,,,,,,,,,,,,,,,,,,,,,,,,,,,,,,,,,,,,,,,,,,,,,,,,,,,,,,,,,,,,,,,,,,,,,,,,,,,,,,,,,,,,,,,,,,,,,,,,
GC-BCVI-BWMS-24-359-T26-N,i,15,8,39,6,1.0013,6375,2062.5,4312.5,0.1073,4968.75,3468.75,1500,0.0472,3468.75,2156.25,1312.5,0.0472,3187.5,2062.5,1125,0.0515,3281.25,2156.25,1125,0.1363,6375,3562.5,2812.5,0.132,3562.5,2062.5,1500,0.0575,4687.5,2625,2062.5,0.0988,4968.75,2156.25,2812.5,,,,,,,,,,,,,,,,,,,,,,,,,,,,,,,,,,,,,,,,,,,,,,,,,,,,,,,,,,,,,,,,,,,,,,,,,,,,,,,,,,,,,,,,,,,,,,,,,,,,,,,,,,,,,,,,,,,,,,,,,,,,,,,,
GC-BCVI-BWMS-24-308-T26-N,i,15,8,39,6,0.9898,7125,2062.5,5062.5,0.0919,4968.75,3375,1593.75,0.0409,3000,2156.25,843.75,0.0428,3375,2156.25,1218.75,0.0409,3375,2156.25,1218.75,0.1401,7125,3375,3750,0.1264,3656.25,2062.5,1593.75,0.1264,3656.25,2062.5,1593.75,0.0937,4125,2062.5,2062.5,,,,,,,,,,,,,,,,,,,,,,,,,,,,,,,,,,,,,,,,,,,,,,,,,,,,,,,,,,,,,,,,,,,,,,,,,,,,,,,,,,,,,,,,,,,,,,,,,,,,,,,,,,,,,,,,,,,,,,,,,,,,,,,,
GC-BCVI-BWMS-24-284-T26-N,i,15,8,39,6,1.0267,4875,1968.75,2906.25,0.1092,4687.5,2531.25,2156.25,0.0347,3000,2156.25,843.75,0.0367,3281.25,2156.25,1125,0.0408,3750,2062.5,1687.5,0.1419,4875,3562.5,1312.5,0.1162,3656.25,1968.75,1687.5,0.1162,3656.25,1968.75,1687.5,0.0871,4125,2156.25,1968.75,,,,,,,,,,,,,,,,,,,,,,,,,,,,,,,,,,,,,,,,,,,,,,,,,,,,,,,,,,,,,,,,,,,,,,,,,,,,,,,,,,,,,,,,,,,,,,,,,,,,,,,,,,,,,,,,,,,,,,,,,,,,,,,,
GC-BCVI-BWMS-24-211-T26-N,i,15,9,39,7,1.1171,6375,2062.5,4312.5,0.0736,4875,2718.75,2156.25,0.0706,3093.75,2437.5,656.25,0.049,3468.75,2156.25,1312.5,0.051,3562.5,2062.5,1500,0.0716,3187.5,2250,937.5,0.1677,6375,2812.5,3562.5,0.1422,3656.25,2062.5,1593.75,0.0591,4593.75,2531.25,2062.5,0.087,4312.5,2062.5,2250,,,,,,,,,,,,,,,,,,,,,,,,,,,,,,,,,,,,,,,,,,,,,,,,,,,,,,,,,,,,,,,,,,,,,,,,,,,,,,,,,,,,,,,,,,,,,,,,,,,,,,,,,,,,,,,,,,,,,,,,,,,,
GC-BCVI-BWMS-24-409-T14-N,j,15,3,39,3,0.4683,4687.5,2156.25,2531.25,0.1231,4687.5,3937.5,750,0.0736,3562.5,3375,187.5,0.1089,3281.25,2156.25,1125,,,,,,,,,,,,,,,,,,,,,,,,,,,,,,,,,,,,,,,,,,,,,,,,,,,,,,,,,,,,,,,,,,,,,,,,,,,,,,,,,,,,,,,,,,,,,,,,,,,,,,,,,,,,,,,,,,,,,,,,,,,,,,,,,,,,,,,,,,,,,,,,,,,,
GC-BCVI-BWMS-24-557-T10-N,j,15,3,39,3,0.5271,7125,2156.25,4968.75,0.1382,4968.75,3750,1218.75,0.0871,7125,3375,3750,0.1534,3843.75,2156.25,1687.5,,,,,,,,,,,,,,,,,,,,,,,,,,,,,,,,,,,,,,,,,,,,,,,,,,,,,,,,,,,,,,,,,,,,,,,,,,,,,,,,,,,,,,,,,,,,,,,,,,,,,,,,,,,,,,,,,,,,,,,,,,,,,,,,,,,,,,,,,,,,,,,,,,,,
GC-BCVI-BWMS-24-509-T33-N,k,15,6,39,3,0.6548,5343.75,2343.75,3000,0.1542,5250,3937.5,1312.5,0.0457,5250,3937.5,1312.5,0.0426,5250,3562.5,1687.5,0.0542,5343.75,3562.5,1781.25,0.0442,5250,3562.5,1687.5,0.1286,3375,2343.75,1031.25,,,,,,,,,,,,,,,,,,,,,,,,,,,,,,,,,,,,,,,,,,,,,,,,,,,,,,,,,,,,,,,,,,,,,,,,,,,,,,,,,,,,,,,,,,,,,,,,,,,,,,,,,,,,,,,,,,,,,,,,,,,,,,,,,,,,,,,,
GC-BCVI-BWMS-24-327-T12-N,k,15,6,39,3,0.5721,5250,2156.25,3093.75,0.1281,5250,3937.5,1312.5,0.0497,5156.25,3750,1406.25,0.0464,4968.75,3937.5,1031.25,0.0536,5156.25,3750,1406.25,0.0392,4968.75,3562.5,1406.25,0.1026,3562.5,2156.25,1406.25,,,,,,,,,,,,,,,,,,,,,,,,,,,,,,,,,,,,,,,,,,,,,,,,,,,,,,,,,,,,,,,,,,,,,,,,,,,,,,,,,,,,,,,,,,,,,,,,,,,,,,,,,,,,,,,,,,,,,,,,,,,,,,,,,,,,,,,,
GC-BCVI-BWMS-24-139-T18-N,l,15,8,39,4,0.8064,6750,2343.75,4406.25,0.0462,5625,4406.25,1218.75,0.0453,6750,5062.5,1687.5,0.049,6656.25,4218.75,2437.5,0.1653,5156.25,4031.25,1125,0.0781,5156.25,3562.5,1593.75,0.0531,3468.75,2343.75,1125,0.0719,3843.75,2437.5,1406.25,0.0969,3750,2437.5,1312.5,,,,,,,,,,,,,,,,,,,,,,,,,,,,,,,,,,,,,,,,,,,,,,,,,,,,,,,,,,,,,,,,,,,,,,,,,,,,,,,,,,,,,,,,,,,,,,,,,,,,,,,,,,,,,,,,,,,,,,,,,,,,,,,,
GC-BCVI-BWMS-24-184-T23-N,m,15,4,39,3,0.7932,5812.5,2156.25,3656.25,0.231,5812.5,4125,1687.5,0.0608,4968.75,3093.75,1875,0.0524,4687.5,2812.5,1875,0.2773,4781.25,2156.25,2625,,,,,,,,,,,,,,,,,,,,,,,,,,,,,,,,,,,,,,,,,,,,,,,,,,,,,,,,,,,,,,,,,,,,,,,,,,,,,,,,,,,,,,,,,,,,,,,,,,,,,,,,,,,,,,,,,,,,,,,,,,,,,,,,,,,,,,,,,,,,,,,,
GC-BCVI-BWMS-24-126-T19-N,n,15,7,39,3,0.7744,6281.25,2531.25,3750,0.0461,5343.75,3562.5,1781.25,0.0481,5437.5,3562.5,1875,0.0393,4687.5,3093.75,1593.75,0.0373,4031.25,2718.75,1312.5,0.0442,3656.25,2531.25,1125,0.0383,3562.5,2531.25,1031.25,0.2336,6281.25,2531.25,3750,,,,,,,,,,,,,,,,,,,,,,,,,,,,,,,,,,,,,,,,,,,,,,,,,,,,,,,,,,,,,,,,,,,,,,,,,,,,,,,,,,,,,,,,,,,,,,,,,,,,,,,,,,,,,,,,,,,,,,,,,,,,,,,,,,,,
GC-BCVI-BWMS-24-348-T16-N,o,15,8,39,4,1.0194,7312.5,2156.25,5156.25,0.1062,7312.5,3750,3562.5,0.2011,4031.25,2343.75,1687.5,0.0493,6562.5,4031.25,2531.25,0.0443,7218.75,4687.5,2531.25,0.0443,7031.25,5156.25,1875,0.043,7218.75,5250,1968.75,0.0721,3656.25,2156.25,1500,0.0594,4031.25,2625,1406.25,,,,,,,,,,,,,,,,,,,,,,,,,,,,,,,,,,,,,,,,,,,,,,,,,,,,,,,,,,,,,,,,,,,,,,,,,,,,,,,,,,,,,,,,,,,,,,,,,,,,,,,,,,,,,,,,,,,,,,,,,,,,,,,,
GC-BCVI-BBGS-24-33-T33-N,a,11,4,43,2,0.4222,4968.75,2343.75,2625,0.1487,4687.5,2343.75,2343.75,0.0613,4875,3000,1875,0.0546,4968.75,3093.75,1875,0.053,4781.25,3093.75,1687.5,,,,,,,,,,,,,,,,,,,,,,,,,,,,,,,,,,,,,,,,,,,,,,,,,,,,0,,,,0,,,,0,,,,0,,,,0,,,,0,,,,0,,,,,,,,,,,,,,,,,,,,,,,,,,,,,,,,,,,,,,,,,,,,,,,,,,,,,,,,,,,,,,,,,,,,
GC-BCVI-BBGS-24-36-T33-N,a,11,4,43,2,0.4097,4968.75,2250,2718.75,0.1574,4781.25,2250,2531.25,0.0593,4687.5,3000,1687.5,0.0639,4968.75,3187.5,1781.25,0.0593,4593.75,3093.75,1500,,,,,,,,,,,,,,,,,,,,,,,,,,,,,,,,,,,,,,,,,,,,,,,,,,,,0,,,,0,,,,0,,,,0,,,,0,,,,0,,,,0,,,,,,,,,,,,,,,,,,,,,,,,,,,,,,,,,,,,,,,,,,,,,,,,,,,,,,,,,,,,,,,,,,,,
GC-BCVI-BBGS-24-39-T33-N,a,11,4,43,2,0.4317,5343.75,2062.5,3281.25,0.1633,5343.75,2062.5,3281.25,0.0579,4781.25,3375,1406.25,0.0638,4593.75,2906.25,1687.5,0.0498,4593.75,3093.75,1500,,,,,,,,,,,,,,,,,,,,,,,,,,,,,,,,,,,,,,,,,,,,,,,,,,,,0,,,,0,,,,0,,,,0,,,,0,,,,0,,,,0,,,,,,,,,,,,,,,,,,,,,,,,,,,,,,,,,,,,,,,,,,,,,,,,,,,,,,,,,,,,,,,,,,,,
GC-BCVI-BBGS-24-46-T33-N,a,11,5,43,3,0.7346,6468.75,2343.75,4125,0.1556,4218.75,2343.75,1875,0.0696,4312.5,3281.25,1031.25,0.068,4781.25,2718.75,2062.5,0.0649,4406.25,3093.75,1312.5,0.1423,6468.75,4125,2343.75,,,,,,,,,,,,,,,,,,,,,,,,,,,,,,,,,,,,,,,,,,,,,,,,0,,,,0,,,,0,,,,0,,,,0,,,,0,,,,0,,,,,,,,,,,,,,,,,,,,,,,,,,,,,,,,,,,,,,,,,,,,,,,,,,,,,,,,,,,,,,,,,,,,
GC-BCVI-BBGS-24-48-T19-N,a,11,3,43,1,0.2072,4875,3000,1875,0.0641,4125,3000,1125,0.0631,4875,3281.25,1593.75,0.0601,4781.25,3093.75,1687.5,,,,,,,,,,,,,,,,,,,,,,,,,,,,,,,,,,,,,,,,,,,,,,,,,,,,,,,,0,,,,0,,,,0,,,,0,,,,0,,,,0,,,,0,,,,,,,,,,,,,,,,,,,,,,,,,,,,,,,,,,,,,,,,,,,,,,,,,,,,,,,,,,,,,,,,,,,,
GC-BCVI-BBGS-24-52-T5-N,a,11,4,43,2,0.4332,4593.75,2343.75,2250,0.1584,4593.75,2343.75,2250,0.0601,4406.25,2906.25,1500,0.0553,4406.25,2906.25,1500,0.0544,4125,2906.25,1218.75,,,,,,,,,,,,,,,,,,,,,,,,,,,,,,,,,,,,,,,,,,,,,,,,,,,,0,,,,0,,,,0,,,,0,,,,0,,,,0,,,,0,,,,,,,,,,,,,,,,,,,,,,,,,,,,,,,,,,,,,,,,,,,,,,,,,,,,,,,,,,,,,,,,,,,,
GC-BCVI-BBGS-24-56-T19-N,a,11,3,43,1,0.1993,4687.5,2812.5,1875,0.0517,4593.75,3187.5,1406.25,0.0517,4687.5,3000,1687.5,0.0486,4593.75,2812.5,1781.25,,,,,,,,,,,,,,,,,,,,,,,,,,,,,,,,,,,,,,,,,,,,,,,,,,,,,,,,0,,,,0,,,,0,,,,0,,,,0,,,,0,,,,0,,,,,,,,,,,,,,,,,,,,,,,,,,,,,,,,,,,,,,,,,,,,,,,,,,,,,,,,,,,,,,,,,,,,
GC-BCVI-BBGS-24-57-T33-N,a,11,9,43,4,0.9144,4968.75,2062.5,2906.25,0.146,4968.75,2156.25,2812.5,0.0592,4593.75,3187.5,1406.25,0.0565,4875,3093.75,1781.25,0.0496,4218.75,2906.25,1312.5,0.0331,3000,2062.5,937.5,0.0303,3093.75,2062.5,1031.25,0.051,3937.5,3187.5,750,0.0565,4406.25,3000,1406.25,0.0606,4312.5,2718.75,1593.75,,,,,,,,,,,,,,,,,,,,,,,,,,,,,,,,0,,,,0,,,,0,,,,0,,,,0,,,,0,,,,0,,,,,,,,,,,,,,,,,,,,,,,,,,,,,,,,,,,,,,,,,,,,,,,,,,,,,,,,,,,,,,,,,,,,
GC-BCVI-BBGS-24-61-T33-N,a,11,4,43,2,0.4137,4968.75,2531.25,2437.5,0.1652,4968.75,2531.25,2437.5,0.0505,4687.5,2906.25,1781.25,0.0549,4500,3093.75,1406.25,0.0529,4781.25,3000,1781.25,,,,,,,,,,,,,,,,,,,,,,,,,,,,,,,,,,,,,,,,,,,,,,,,,,,,0,,,,0,,,,0,,,,0,,,,0,,,,0,,,,0,,,,,,,,,,,,,,,,,,,,,,,,,,,,,,,,,,,,,,,,,,,,,,,,,,,,,,,,,,,,,,,,,,,,
GC-BCVI-BBGS-24-62-T33-N,a,11,4,43,2,0.429,4406.25,2156.25,2250,0.1306,3656.25,2156.25,1500,0.0573,4406.25,2718.75,1687.5,0.0456,4312.5,2718.75,1593.75,0.047,4125,2625,1500,,,,,,,,,,,,,,,,,,,,,,,,,,,,,,,,,,,,,,,,,,,,,,,,,,,,0,,,,0,,,,0,,,,0,,,,0,,,,0,,,,0,,,,,,,,,,,,,,,,,,,,,,,,,,,,,,,,,,,,,,,,,,,,,,,,,,,,,,,,,,,,,,,,,,,,
GC-BCVI-BBGS-24-29-T30-N,b,11,4,43,2,0.5509,5718.75,2437.5,3281.25,0.2365,5718.75,3562.5,2156.25,0.0871,3843.75,2437.5,1406.25,0.0767,3937.5,2531.25,1406.25,0.0715,3843.75,2531.25,1312.5,,,,,,,,,,,,,,,,,,,,,,,,,,,,,,,,,,,,,,,,,,,,,,,,,,,,0,,,,0,,,,0,,,,0,,,,0,,,,0,,,,0,,,,,,,,,,,,,,,,,,,,,,,,,,,,,,,,,,,,,,,,,,,,,,,,,,,,,,,,,,,,,,,,,,,,
GC-BCVI-BBGS-24-34-T33-N,b,11,4,43,2,0.5185,5718.75,2343.75,3375,0.2074,5718.75,4125,1593.75,0.0898,3843.75,2531.25,1312.5,0.0727,3843.75,2531.25,1312.5,0.0623,3656.25,2343.75,1312.5,,,,,,,,,,,,,,,,,,,,,,,,,,,,,,,,,,,,,,,,,,,,,,,,,,,,0,,,,0,,,,0,,,,0,,,,0,,,,0,,,,0,,,,,,,,,,,,,,,,,,,,,,,,,,,,,,,,,,,,,,,,,,,,,,,,,,,,,,,,,,,,,,,,,,,,
GC-BCVI-BBGS-24-38-T33-N,b,11,4,43,2,0.5618,6281.25,2437.5,3843.75,0.2882,6281.25,3562.5,2718.75,0.0841,3750,2531.25,1218.75,0.0751,3843.75,2531.25,1312.5,0.0644,3937.5,2437.5,1500,,,,,,,,,,,,,,,,,,,,,,,,,,,,,,,,,,,,,,,,,,,,,,,,,,,,0,,,,0,,,,0,,,,0,,,,0,,,,0,,,,0,,,,,,,,,,,,,,,,,,,,,,,,,,,,,,,,,,,,,,,,,,,,,,,,,,,,,,,,,,,,,,,,,,,,
GC-BCVI-BBGS-24-42-T33-N,b,11,4,43,2,0.6152,5625,2437.5,3187.5,0.269,5625,3000,2625,0.0813,3750,2437.5,1312.5,0.0705,3843.75,2531.25,1312.5,0.066,3656.25,2531.25,1125,,,,,,,,,,,,,,,,,,,,,,,,,,,,,,,,,,,,,,,,,,,,,,,,,,,,0,,,,0,,,,0,,,,0,,,,0,,,,0,,,,0,,,,,,,,,,,,,,,,,,,,,,,,,,,,,,,,,,,,,,,,,,,,,,,,,,,,,,,,,,,,,,,,,,,,
GC-BCVI-BBGS-24-55-T33-N,b,11,4,43,2,0.5908,5906.25,2437.5,3468.75,0.2326,5906.25,3093.75,2812.5,0.0855,3656.25,2437.5,1218.75,0.0722,3937.5,2437.5,1500,0.0615,3656.25,2437.5,1218.75,,,,,,,,,,,,,,,,,,,,,,,,,,,,,,,,,,,,,,,,,,,,,,,,,,,,0,,,,0,,,,0,,,,0,,,,0,,,,0,,,,0,,,,,,,,,,,,,,,,,,,,,,,,,,,,,,,,,,,,,,,,,,,,,,,,,,,,,,,,,,,,,,,,,,,,
GC-BCVI-BBGS-24-73-T33-N,c,11,4,43,2,0.5336,7500,2156.25,5343.75,0.2714,7500,4218.75,3281.25,0.054,3937.5,2156.25,1781.25,0.058,4500,2343.75,2156.25,0.0527,4406.25,2437.5,1968.75,,,,,,,,,,,,,,,,,,,,,,,,,,,,,,,,,,,,,,,,,,,,,,,,,,,,,,,,,,,,,,,,,,,,,,,,,,,,,,,,,,,,,,,,,,,,,,,,,,,,,,,,,,,,,,,,,,,,,,,,,,,,,,,,,,,,,,,,,,,,,,,,
GC-BCVI-BBGS-24-76-T19-N,c,11,3,43,1,0.2026,4406.25,2250,2156.25,0.0496,4406.25,2250,2156.25,0.0623,4406.25,2437.5,1968.75,0.0574,4406.25,2437.5,1968.75,,,,,,,,,,,,,,,,,,,,,,,,,,,,,,,,,,,,,,,,,,,,,,,,,,,,,,,,,,,,,,,,,,,,,,,,,,,,,,,,,,,,,,,,,,,,,,,,,,,,,,,,,,,,,,,,,,,,,,,,,,,,,,,,,,,,,,,,,,,,,,,,,,,,
GC-BCVI-BBGS-24-82-T33-N,c,11,4,43,2,0.601,7968.75,2343.75,5625,0.2876,7968.75,4406.25,3562.5,0.0588,4406.25,2343.75,2062.5,0.0567,4500,2343.75,2156.25,0.0651,4031.25,2343.75,1687.5,,,,,,,,,,,,,,,,,,,,,,,,,,,,,,,,,,,,,,,,,,,,,,,,,,,,,,,,,,,,,,,,,,,,,,,,,,,,,,,,,,,,,,,,,,,,,,,,,,,,,,,,,,,,,,,,,,,,,,,,,,,,,,,,,,,,,,,,,,,,,,,,
GC-BCVI-BBGS-24-87-T33-N,c,11,4,43,2,0.5027,7593.75,2343.75,5250,0.233,7593.75,5625,1968.75,0.0583,4406.25,2343.75,2062.5,0.0632,4500,2437.5,2062.5,0.0566,4125,2437.5,1687.5,,,,,,,,,,,,,,,,,,,,,,,,,,,,,,,,,,,,,,,,,,,,,,,,,,,,,,,,,,,,,,,,,,,,,,,,,,,,,,,,,,,,,,,,,,,,,,,,,,,,,,,,,,,,,,,,,,,,,,,,,,,,,,,,,,,,,,,,,,,,,,,,
GC-BCVI-BBGS-24-98-T33-N,c,11,4,43,2,0.5153,8531.25,2343.75,6187.5,0.2421,8531.25,3750,4781.25,0.0645,4125,2343.75,1781.25,0.0511,3750,2531.25,1218.75,0.0499,4031.25,2531.25,1500,,,,,,,,,,,,,,,,,,,,,,,,,,,,,,,,,,,,,,,,,,,,,,,,,,,,,,,,,,,,,,,,,,,,,,,,,,,,,,,,,,,,,,,,,,,,,,,,,,,,,,,,,,,,,,,,,,,,,,,,,,,,,,,,,,,,,,,,,,,,,,,,
GC-BCVI-BBGS-24-110-T33-N,c,11,4,43,2,0.5383,7781.25,2531.25,5250,0.2646,7781.25,3281.25,4500,0.0507,4687.5,2531.25,2156.25,0.0608,4406.25,2531.25,1875,0.0552,3843.75,2531.25,1312.5,,,,,,,,,,,,,,,,,,,,,,,,,,,,,,,,,,,,,,,,,,,,,,,,,,,,,,,,,,,,,,,,,,,,,,,,,,,,,,,,,,,,,,,,,,,,,,,,,,,,,,,,,,,,,,,,,,,,,,,,,,,,,,,,,,,,,,,,,,,,,,,,
GC-BCVI-BBGS-24-112-T33-N,c,11,4,43,2,0.5412,7500,2250,5250,0.244,7500,3562.5,3937.5,0.0555,5156.25,2250,2906.25,0.0567,5062.5,2437.5,2625,0.052,4218.75,2625,1593.75,,,,,,,,,,,,,,,,,,,,,,,,,,,,,,,,,,,,,,,,,,,,,,,,,,,,,,,,,,,,,,,,,,,,,,,,,,,,,,,,,,,,,,,,,,,,,,,,,,,,,,,,,,,,,,,,,,,,,,,,,,,,,,,,,,,,,,,,,,,,,,,,
GC-BCVI-BBGS-24-115-T33-N,c,11,4,43,2,0.5587,7406.25,2250,5156.25,0.2553,7406.25,2437.5,4968.75,0.0553,4406.25,2250,2156.25,0.0576,4406.25,2250,2156.25,0.0541,4968.75,2437.5,2531.25,,,,,,,,,,,,,,,,,,,,,,,,,,,,,,,,,,,,,,,,,,,,,,,,,,,,,,,,,,,,,,,,,,,,,,,,,,,,,,,,,,,,,,,,,,,,,,,,,,,,,,,,,,,,,,,,,,,,,,,,,,,,,,,,,,,,,,,,,,,,,,,,
GC-BCVI-BBGS-24-81-T33-N,d,11,5,43,3,0.6963,6375,2156.25,4218.75,0.1083,6375,3562.5,2812.5,0.0701,5062.5,3843.75,1218.75,0.0552,5531.25,2156.25,3375,0.0446,4687.5,2250,2437.5,0.0488,4312.5,2437.5,1875,,,,,,,,,,,,,,,,,,,,,,,,,,,,,,,,,,,,,,,,,,,,,,,,,,,,,,,,,,,,,,,,,,,,,,,,,,,,,,,,,,,,,,,,,,,,,,,,,,,,,,,,,,,,,,,,,,,,,,,,,,,,,,,,,,,,,,,,,,,,
GC-BCVI-BBGS-24-84-T33-N,d,11,4,43,2,0.3185,5437.5,2343.75,3093.75,0.0616,4500,4031.25,468.75,0.0581,5437.5,2343.75,3093.75,0.0465,4500,2531.25,1968.75,0.0453,4406.25,2437.5,1968.75,,,,,,,,,,,,,,,,,,,,,,,,,,,,,,,,,,,,,,,,,,,,,,,,,,,,,,,,,,,,,,,,,,,,,,,,,,,,,,,,,,,,,,,,,,,,,,,,,,,,,,,,,,,,,,,,,,,,,,,,,,,,,,,,,,,,,,,,,,,,,,,,
GC-BCVI-BBGS-24-89-T30-N,d,11,5,43,3,0.5944,7218.75,2250,4968.75,0.1091,7218.75,4593.75,2625,0.077,4687.5,3843.75,843.75,0.062,5250,2250,3000,0.0577,4500,2437.5,2062.5,0.0535,3937.5,2437.5,1500,,,,,,,,,,,,,,,,,,,,,,,,,,,,,,,,,,,,,,,,,,,,,,,,,,,,,,,,,,,,,,,,,,,,,,,,,,,,,,,,,,,,,,,,,,,,,,,,,,,,,,,,,,,,,,,,,,,,,,,,,,,,,,,,,,,,,,,,,,,,
GC-BCVI-BBGS-24-99-T33-N,d,11,5,43,3,0.6099,6937.5,2437.5,4500,0.1076,6937.5,4593.75,2343.75,0.11,4687.5,3562.5,1125,0.0592,5250,2437.5,2812.5,0.0556,4875,2531.25,2343.75,0.0472,4406.25,2437.5,1968.75,,,,,,,,,,,,,,,,,,,,,,,,,,,,,,,,,,,,,,,,,,,,,,,,,,,,,,,,,,,,,,,,,,,,,,,,,,,,,,,,,,,,,,,,,,,,,,,,,,,,,,,,,,,,,,,,,,,,,,,,,,,,,,,,,,,,,,,,,,,,
GC-BCVI-BBGS-24-108-T33-N,d,11,4,43,2,0.365,5156.25,2343.75,2812.5,0.1034,4968.75,4031.25,937.5,0.054,5156.25,2531.25,2625,0.0503,4687.5,2531.25,2156.25,0.0512,3843.75,2343.75,1500,,,,,,,,,,,,,,,,,,,,,,,,,,,,,,,,,,,,,,,,,,,,,,,,,,,,,,,,,,,,,,,,,,,,,,,,,,,,,,,,,,,,,,,,,,,,,,,,,,,,,,,,,,,,,,,,,,,,,,,,,,,,,,,,,,,,,,,,,,,,,,,,
GC-BCVI-BBGS-24-71-T33-N,e,11,6,43,4,0.6689,6187.5,2437.5,3750,0.0316,6093.75,4218.75,1875,0.0564,6187.5,5156.25,1031.25,0.1434,3750,2625,1125,0.0538,4312.5,3000,1312.5,0.0657,4125,3000,1125,0.0649,4218.75,2437.5,1781.25,,,,,,,,,,,,,,,,,,,,,,,,,,,,,,,,,,,,,,,,,,,,,,,,,,,,,,,,,,,,,,,,,,,,,,,,,,,,,,,,,,,,,,,,,,,,,,,,,,,,,,,,,,,,,,,,,,,,,,,,,,,,,,,,,,,,,,,,
GC-BCVI-BBGS-24-77-T33-N,e,11,5,43,3,0.6269,5718.75,2437.5,3281.25,0.0564,5718.75,5156.25,562.5,0.1473,3843.75,2437.5,1406.25,0.069,4406.25,2906.25,1500,0.0627,4218.75,2625,1593.75,0.0533,4406.25,3187.5,1218.75,,,,,,,,,,,,,,,,,,,,,,,,,,,,,,,,,,,,,,,,,,,,,,,,,,,,,,,,,,,,,,,,,,,,,,,,,,,,,,,,,,,,,,,,,,,,,,,,,,,,,,,,,,,,,,,,,,,,,,,,,,,,,,,,,,,,,,,,,,,,
GC-BCVI-BBGS-24-95-T33-N,e,11,6,43,4,0.6948,6187.5,2437.5,3750,0.0391,5156.25,4218.75,937.5,0.0637,6187.5,5250,937.5,0.1645,4218.75,2437.5,1781.25,0.0658,4312.5,2906.25,1406.25,0.0678,4125,2531.25,1593.75,0.0699,4218.75,2718.75,1500,,,,,,,,,,,,,,,,,,,,,,,,,,,,,,,,,,,,,,,,,,,,,,,,,,,,,,,,,,,,,,,,,,,,,,,,,,,,,,,,,,,,,,,,,,,,,,,,,,,,,,,,,,,,,,,,,,,,,,,,,,,,,,,,,,,,,,,,
GC-BCVI-BBGS-24-9-T41-N,f,11,10,43,4,1.0289,7687.5,2343.75,5343.75,0.2246,5437.5,3562.5,1875,0.0607,4406.25,2531.25,1875,0.0437,4687.5,2531.25,2156.25,0.2136,7687.5,5156.25,2531.25,0.0818,3375,2343.75,1031.25,0.0522,3187.5,2531.25,656.25,0.059,3375,2625,750,0.0795,3375,2718.75,656.25,0.0613,3375,2625,750,0.0681,3281.25,2625,656.25,,,,,,,,,,,,,,,,,,,,,,,,,,,,,,,,,,,,,,,,,,,,,,,,,,,,,,,,,,,,,,,,,,,,,,,,,,,,,,,,,,,,,,,,,,,,,,,,,,,,,,,,,,,,,,,,,,,,,,,,
GC-BCVI-BBGS-24-13-T41-N,f,11,9,43,4,1.0029,8625,2343.75,6281.25,0.2491,5812.5,3843.75,1968.75,0.0529,4687.5,2906.25,1781.25,0.0542,4406.25,2625,1781.25,0.1781,8625,4875,3750,0.063,3562.5,2343.75,1218.75,0.0535,3187.5,2531.25,656.25,0.0567,3281.25,2625,656.25,0.0493,3281.25,2812.5,468.75,0.0525,3375,2625,750,,,,,,,,,,,,,,,,,,,,,,,,,,,,,,,,,,,,,,,,,,,,,,,,,,,,,,,,,,,,,,,,,,,,,,,,,,,,,,,,,,,,,,,,,,,,,,,,,,,,,,,,,,,,,,,,,,,,,,,,,,,,
GC-BCVI-BBGS-24-22-T41-N,f,11,15,43,8,1.9819,9843.75,2062.5,7781.25,0.1306,9843.75,2625,7218.75,0.1259,4687.5,2062.5,2625,0.0746,8531.25,5531.25,3000,0.0793,4875,2718.75,2156.25,0.0362,6187.5,5437.5,750,0.0395,5062.5,4406.25,656.25,0.0411,4312.5,3937.5,375,0.0395,4218.75,3750,468.75,0.0411,4218.75,2906.25,1312.5,0.2037,8250,6375,1875,0.0608,3093.75,2250,843.75,0.0559,3281.25,2437.5,843.75,0.0592,3375,2718.75,656.25,0.0658,3375,2812.5,562.5,0.0592,3187.5,2812.5,375,,,,,,,,,,,,,,,,,,,,,,,,,,,,,,,,,,,,,,,,,,,,,,,,,,,,,,,,,,,,,,,,,,,,,,,,,,,,,,,,,,,,,,,,,,,,,,,,,,,,
GC-BCVI-BBGS-24-31-T33-N,f,11,6,43,2,0.6147,7781.25,2343.75,5437.5,0.1802,7781.25,6093.75,1687.5,0.064,3375,2343.75,1031.25,0.0592,3375,2531.25,843.75,0.0536,3375,2812.5,562.5,0.0515,3468.75,2625,843.75,0.0529,3468.75,2812.5,656.25,,,,,,,,,,,,,,,,,,,,,,,,,,,,,,,,,,,,,,,,,,,,,,,,,,,,,,,,,,,,,,,,,,,,,,,,,,,,,,,,,,,,,,,,,,,,,,,,,,,,,,,,,,,,,,,,,,,,,,,,,,,,,,,,,,,,,,,,
GC-BCVI-BBGS-24-45-T33-N,f,11,6,43,2,0.6907,7781.25,2343.75,5437.5,0.179,7781.25,5250,2531.25,0.0588,3187.5,2343.75,843.75,0.0507,3281.25,2531.25,750,0.0514,3281.25,2531.25,750,0.0501,3375,2718.75,656.25,0.0602,3375,2718.75,656.25,,,,,,,,,,,,,,,,,,,,,,,,,,,,,,,,,,,,,,,,,,,,,,,,,,,,,,,,,,,,,,,,,,,,,,,,,,,,,,,,,,,,,,,,,,,,,,,,,,,,,,,,,,,,,,,,,,,,,,,,,,,,,,,,,,,,,,,,
GC-BCVI-BBGS-24-127-T16-N,g,11,3,43,2,0.5928,8531.25,2906.25,5625,0.0448,8531.25,2906.25,5625,0.0804,5718.75,3281.25,2437.5,0.077,6093.75,4312.5,1781.25,,,,,,,,,,,,,,,,,,,,,,,,,,,,,,,,,,,,,,,,,,,,,,,,,,,,,,,,,,,,,,,,,,,,,,,,,,,,,,,,,,,,,,,,,,,,,,,,,,,,,,,,,,,,,,,,,,,,,,,,,,,,,,,,,,,,,,,,,,,,,,,,,,,,
GC-BCVI-BBGS-24-12-T17-N,h,11,1,43,1,0.0861,9000,2062.5,6937.5,0.0861,9000,2062.5,6937.5,,,,,,,,,,,,,,,,,,,,,,,,,,,,,,,,,,,,,,,,,,,,,,,,,,,,,,,,,,,,,,,,,,,,,,,,,,,,,,,,,,,,,,,,,,,,,,,,,,,,,,,,,,,,,,,,,,,,,,,,,,,,,,,,,,,,,,,,,,,,,,,,,,,,,,,,,,,,
GC-BCVI-BBGS-24-100-T17-N,h,11,1,43,1,0.1952,7406.25,4031.25,3375,0.1952,7406.25,4031.25,3375,,,,,,,,,,,,,,,,,,,,,,,,,,,,,,,,,,,,,,,,,,,,,,,,,,,,,,,,,,,,,,,,,,,,,,,,,,,,,,,,,,,,,,,,,,,,,,,,,,,,,,,,,,,,,,,,,,,,,,,,,,,,,,,,,,,,,,,,,,,,,,,,,,,,,,,,,,,,
GC-BCVI-BBGS-24-5-T26-N,i,11,26,43,14,3.2413,9937.5,2062.5,7875,0.0989,5343.75,3468.75,1875,0.0345,5531.25,4875,656.25,0.0345,6468.75,4875,1593.75,0.0265,5343.75,4781.25,562.5,0.1371,7593.75,3375,4218.75,0.0705,4218.75,2250,1968.75,0.0636,4406.25,2718.75,1687.5,0.13,3093.75,2062.5,1031.25,0.0637,4406.25,2718.75,1687.5,0.0557,4125,2343.75,1781.25,0.069,4031.25,2250,1781.25,0.0478,6093.75,4031.25,2062.5,0.0504,5718.75,4687.5,1031.25,0.0504,5531.25,4875,656.25,0.0504,5625,4875,750,0.2991,5156.25,3281.25,1875,0.0368,6843.75,4968.75,1875,0.0467,3000,2156.25,843.75,0.0715,9937.5,3187.5,6750,0.1948,8437.5,5250,3187.5,0.0531,2718.75,2250,468.75,0.0557,3281.25,2250,1031.25,0.0584,3281.25,2531.25,750,0.0584,3281.25,2531.25,750,0.0716,3281.25,2812.5,468.75,0.0663,3468.75,2625,843.75,,,,,,,,,,,,,,,,,,,,,,,,,,,,,,,,,,,,,,,,,,,,,,,,,,,,,,,,
GC-BCVI-BBGS-24-6-T39-N,i,11,12,43,7,1.7373,9656.25,2250,7406.25,0.1103,9656.25,2250,7406.25,0.0333,6093.75,3937.5,2156.25,0.0396,5718.75,5062.5,656.25,0.0396,5718.75,5062.5,656.25,0.0396,5718.75,5062.5,656.25,0.2646,4968.75,3562.5,1406.25,0.04,6000,4968.75,1031.25,0.062,3281.25,2250,1031.25,0.2247,5531.25,3562.5,1968.75,0.0703,3656.25,2718.75,937.5,0.0731,3750,2531.25,1218.75,0.0648,3750,2531.25,1218.75,,,,,,,,,,,,,,,,,,,,,,,,,,,,,,,,,,,,,,,,,,,,,,,,,,,,,,,,,,,,,,,,,,,,,,,,,,,,,,,,,,,,,,,,,,,,,,,,,,,,,,,,,,,,,,,,
GC-BCVI-BBGS-24-14-T26-N,i,11,18,43,11,2.0385,7781.25,2062.5,5718.75,0.1394,6562.5,3937.5,2625,0.0263,5531.25,5156.25,375,0.0338,5531.25,4593.75,937.5,0.0282,5531.25,5437.5,93.75,0.1684,7781.25,3843.75,3937.5,0.0719,4312.5,2531.25,1781.25,0.0883,5812.5,4406.25,1406.25,0.1357,4218.75,2062.5,2156.25,0.0621,4406.25,2625,1781.25,0.0592,3843.75,2531.25,1312.5,0.0592,4218.75,2250,1968.75,0.0432,5437.5,4031.25,1406.25,0.0489,6093.75,5250,843.75,0.0489,5812.5,4781.25,1031.25,0.0526,5812.5,3937.5,1875,0.2916,4781.25,3562.5,1218.75,0.0662,5531.25,3656.25,1875,0.0634,3000,2156.25,843.75,,,,,,,,,,,,,,,,,,,,,,,,,,,,,,,,,,,,,,,,,,,,,,,,,,,,,,,,,,,,,,,,,,,,,,,,,,,,,,,,,,,,,,,,
GC-BCVI-BBGS-24-16-T26-N,i,11,30,43,12,4.3828,8437.5,2156.25,6281.25,0.1231,5250,3375,1875,0.0387,5625,3750,1875,0.0325,6093.75,5062.5,1031.25,0.0249,5437.5,4781.25,656.25,0.163,7875,3843.75,4031.25,0.0732,4218.75,2156.25,2062.5,0.0799,6375,3187.5,3187.5,0.1431,4218.75,2156.25,2062.5,0.0616,4593.75,2906.25,1687.5,0.0632,4312.5,2531.25,1781.25,0.0582,3843.75,2250,1593.75,0.0516,3000,2250,750,0.0824,5437.5,4031.25,1406.25,0.0849,5156.25,3562.5,1593.75,0.0448,4312.5,3468.75,843.75,0.0398,4781.25,3562.5,1218.75,0.0398,5062.5,4687.5,375,0.0423,5437.5,4781.25,656.25,0.0398,5343.75,4781.25,562.5,0.2021,8437.5,4218.75,4218.75,0.2703,6937.5,3656.25,3281.25,0.0299,5343.75,5062.5,281.25,0.0398,5531.25,4218.75,1312.5,0.0299,5531.25,4781.25,750,0.1497,7875,3937.5,3937.5,0.0624,4218.75,2531.25,1687.5,0.0832,6000,4781.25,1218.75,0.1397,4312.5,2156.25,2156.25,0.0649,4593.75,2625,1968.75,0.0632,3843.75,2625,1218.75,0.0641,4031.25,2250,1781.25,,,,,,,,,,,,,,,,,,,,,,,,,,,,,,,,,,,,
GC-BCVI-BBGS-24-18-T16-N,i,11,8,43,5,1.0486,6187.5,2343.75,3843.75,0.1207,5343.75,2343.75,3000,0.0468,6187.5,4406.25,1781.25,0.0449,6000,5156.25,843.75,0.0459,5906.25,5156.25,750,0.0487,5906.25,4875,1031.25,0.2836,4781.25,3468.75,1312.5,0.0474,5531.25,5062.5,468.75,0.0433,3000,2343.75,656.25,,,,,,,,,,,,,,,,,,,,,,,,,,,,,,,,,,,,,,,,,,,,,,,,,,,,,,,,,,,,,,,,,,,,,,,,,,,,,,,,,,,,,,,,,,,,,,,,,,,,,,,,,,,,,,,,,,,,,,,,,,,,,,,,
GC-BCVI-BBGS-24-23-T26-N,i,11,8,43,5,1.0304,6562.5,2437.5,4125,0.1374,5437.5,4125,1312.5,0.0508,6562.5,4218.75,2343.75,0.0447,6093.75,5062.5,1031.25,0.0467,6000,5062.5,937.5,0.0467,6093.75,4781.25,1312.5,0.266,4875,3562.5,1312.5,0.0393,5625,4781.25,843.75,0.0506,3000,2437.5,562.5,,,,,,,,,,,,,,,,,,,,,,,,,,,,,,,,,,,,,,,,,,,,,,,,,,,,,,,,,,,,,,,,,,,,,,,,,,,,,,,,,,,,,,,,,,,,,,,,,,,,,,,,,,,,,,,,,,,,,,,,,,,,,,,,
GC-BCVI-BBGS-24-32-T26-N,i,11,11,43,7,1.3735,8531.25,2250,6281.25,0.1352,6750,3937.5,2812.5,0.0341,6187.5,5062.5,1125,0.0286,5625,5156.25,468.75,0.0273,5437.5,5062.5,375,0.1372,8531.25,3843.75,4687.5,0.0745,4875,2343.75,2531.25,0.0666,6375,4593.75,1781.25,0.1313,4125,2250,1875,0.0608,4500,3093.75,1406.25,0.0647,3937.5,2437.5,1500,0.0725,3656.25,2250,1406.25,,,,,,,,,,,,,,,,,,,,,,,,,,,,,,,,,,,,,,,,,,,,,,,,,,,,,,,,,,,,,,,,,,,,,,,,,,,,,,,,,,,,,,,,,,,,,,,,,,,,,,,,,,,,,,,,,,,,
GC-BCVI-BBGS-24-35-T33-N,i,11,5,43,3,0.6525,6656.25,3468.75,3187.5,0.1185,6656.25,4031.25,2625,0.0246,5625,5531.25,93.75,0.0272,5531.25,5250,281.25,0.0263,5625,4687.5,937.5,0.1564,5718.75,3468.75,2250,,,,,,,,,,,,,,,,,,,,,,,,,,,,,,,,,,,,,,,,,,,,,,,,,,,,,,,,,,,,,,,,,,,,,,,,,,,,,,,,,,,,,,,,,,,,,,,,,,,,,,,,,,,,,,,,,,,,,,,,,,,,,,,,,,,,,,,,,,,,
GC-BCVI-BBGS-24-43-T26-N,i,11,11,43,7,1.4225,7875,2156.25,5718.75,0.1246,6468.75,4406.25,2062.5,0.0251,5812.5,5250,562.5,0.0307,5531.25,5062.5,468.75,0.0251,5625,5156.25,468.75,0.1527,7875,3562.5,4312.5,0.0864,4687.5,2250,2437.5,0.0683,6281.25,4968.75,1312.5,0.1386,4031.25,2156.25,1875,0.07,4593.75,3000,1593.75,0.0643,4218.75,2531.25,1687.5,0.0597,3562.5,2437.5,1125,,,,,,,,,,,,,,,,,,,,,,,,,,,,,,,,,,,,,,,,,,,,,,,,,,,,,,,,,,,,,,,,,,,,,,,,,,,,,,,,,,,,,,,,,,,,,,,,,,,,,,,,,,,,,,,,,,,,
GC-BCVI-BBGS-24-19-T30-N,j,11,14,43,6,1.717,9281.25,2250,7031.25,0.234,6843.75,3000,3843.75,0.0795,4500,2625,1875,0.0261,5812.5,5437.5,375,0.0261,6281.25,5531.25,750,0.0179,5625,5531.25,93.75,0.0228,6093.75,5531.25,562.5,0.1483,9281.25,2250,7031.25,0.0326,5718.75,3093.75,2625,0.0383,5625,2812.5,2812.5,0.0312,5437.5,3562.5,1875,0.0269,5062.5,3187.5,1875,0.0326,4875,3468.75,1406.25,0.1101,6843.75,4593.75,2250,0.0734,6656.25,4687.5,1968.75,,,,,,,,,,,,,,,,,,,,,,,,,,,,,,,,,,,,,,,,,,,,,,,,,,,,,,,,,,,,,,,,,,,,,,,,,,,,,,,,,,,,,,,,,,,,,,,,,,,,,,,,
GC-BCVI-BBGS-24-51-T33-N,k,11,4,43,2,0.3965,6750,3281.25,3468.75,0.1213,6750,4312.5,2437.5,0.0239,5625,3281.25,2343.75,0.0261,5531.25,4406.25,1125,0.0217,5437.5,4218.75,1218.75,,,,,,,,,,,,,,,,,,,,,,,,,,,,,,,,,,,,,,,,,,,,,,,,,,,,,,,,,,,,,,,,,,,,,,,,,,,,,,,,,,,,,,,,,,,,,,,,,,,,,,,,,,,,,,,,,,,,,,,,,,,,,,,,,,,,,,,,,,,,,,,,
GC-BCVI-GGOS-24-66-T1-N,a,12,7,31,3,0.6713,5625,2343.75,3281.25,0.074,5625,3281.25,2343.75,0.0306,5625,4687.5,937.5,0.0341,5250,4781.25,468.75,0.0364,5156.25,4312.5,843.75,0.033,4875,4500,375,0.0354,4781.25,3656.25,1125,0.1241,5250,2343.75,2906.25,,,,,,,,,,,,,,,,,,,,,,,,,,,,,,,,,,,,,,,,,,,,,,,,,,,,,,,,,,,,,,,,,,,,,,,,,,,,,,,,,,,,,,,,,,,,,,,,,,,,,,,,,,,,,,,,,,,,,,,,,,,,,,,,,,,,
GC-BCVI-GGOS-24-13-T1-N,l,12,5,31,2,0.3971,7406.25,2625,4781.25,0.1341,7406.25,3656.25,3750,0.0446,3750,3093.75,656.25,0.0409,3281.25,2906.25,375,0.0348,3187.5,2625,562.5,0.0391,3093.75,2812.5,281.25,,,,,,,,,,,,,,,,,,,,,,,,,,,,,,,,,,,,,,,,,,,,,,,,,,,,,,,,,,,,,,,,,,,,,,,,,,,,,,,,,,,,,,,,,,,,,,,,,,,,,,,,,,,,,,,,,,,,,,,,,,,,,,,,,,,,,,,,,,,,
GC-BCVI-GGOS-24-158-T1-N,l,12,7,31,3,0.7428,8437.5,2718.75,5718.75,0.1357,8437.5,3656.25,4781.25,0.0474,3937.5,3093.75,843.75,0.0436,3281.25,2718.75,562.5,0.0448,3187.5,2906.25,281.25,0.0635,4968.75,2718.75,2250,0.0392,3000,2718.75,281.25,0.1096,5531.25,3843.75,1687.5,,,,,,,,,,,,,,,,,,,,,,,,,,,,,,,,,,,,,,,,,,,,,,,,,,,,,,,,,,,,,,,,,,,,,,,,,,,,,,,,,,,,,,,,,,,,,,,,,,,,,,,,,,,,,,,,,,,,,,,,,,,,,,,,,,,,
GC-BCVI-GGOS-24-60-T1-N,a,12,7,31,3,0.6189,6375,2343.75,4031.25,0.0919,6375,2437.5,3937.5,0.043,5625,4968.75,656.25,0.0392,5250,4968.75,281.25,0.036,5062.5,4593.75,468.75,0.033,4875,4031.25,843.75,0.0422,4781.25,3656.25,1125,0.1131,5250,2343.75,2906.25,,,,,,,,,,,,,,,,,,,,,,,,,,,,,,,,,,,,,,,,,,,,,,,,,,,,,,,,,,,,,,,,,,,,,,,,,,,,,,,,,,,,,,,,,,,,,,,,,,,,,,,,,,,,,,,,,,,,,,,,,,,,,,,,,,,,
GC-BCVI-GGOS-24-27-T1-N,l,12,6,31,3,0.721,6281.25,2718.75,3562.5,0.1444,6281.25,3656.25,2625,0.0439,3562.5,2812.5,750,0.0365,3093.75,2812.5,281.25,0.0458,3000,2718.75,281.25,0.0384,2906.25,2718.75,187.5,0.1372,5250,3468.75,1781.25,,,,,,,,,,,,,,,,,,,,,,,,,,,,,,,,,,,,,,,,,,,,,,,,,,,,,,,,,,,,,,,,,,,,,,,,,,,,,,,,,,,,,,,,,,,,,,,,,,,,,,,,,,,,,,,,,,,,,,,,,,,,,,,,,,,,,,,,
GC-BCVI-GGOS-24-84-T1-N,a,12,7,31,3,0.6758,5718.75,2531.25,3187.5,0.1022,5718.75,3562.5,2156.25,0.0397,5625,4593.75,1031.25,0.0419,5343.75,4312.5,1031.25,0.0419,5343.75,4312.5,1031.25,0.038,4781.25,4031.25,750,0.0395,4781.25,3750,1031.25,0.117,5343.75,2531.25,2812.5,,,,,,,,,,,,,,,,,,,,,,,,,,,,,,,,,,,,,,,,,,,,,,,,,,,,,,,,,,,,,,,,,,,,,,,,,,,,,,,,,,,,,,,,,,,,,,,,,,,,,,,,,,,,,,,,,,,,,,,,,,,,,,,,,,,,
GC-BCVI-GGOS-24-87-T1-N,a,12,7,31,3,0.6317,5718.75,2437.5,3281.25,0.085,5718.75,3656.25,3656.25,0.0377,5718.75,4406.25,1312.5,0.0377,5156.25,4687.5,468.75,0.0366,4968.75,4406.25,562.5,0.0388,4781.25,4406.25,375,0.0468,4687.5,4312.5,375,0.1219,5250,2437.5,2812.5,,,,,,,,,,,,,,,,,,,,,,,,,,,,,,,,,,,,,,,,,,,,,,,,,,,,,,,,,,,,,,,,,,,,,,,,,,,,,,,,,,,,,,,,,,,,,,,,,,,,,,,,,,,,,,,,,,,,,,,,,,,,,,,,,,,,
GC-BCVI-GGOS-24-86-T1-N,a,12,7,31,3,0.6529,6000,2250,3750,0.1063,6000,2250,3750,0.0444,5437.5,4406.25,1031.25,0.0388,5343.75,4687.5,656.25,0.0346,4875,4500,375,0.0443,4781.25,4500,281.25,0.0415,4781.25,4312.5,468.75,0.1342,5343.75,2718.75,2625,,,,,,,,,,,,,,,,,,,,,,,,,,,,,,,,,,,,,,,,,,,,,,,,,,,,,,,,,,,,,,,,,,,,,,,,,,,,,,,,,,,,,,,,,,,,,,,,,,,,,,,,,,,,,,,,,,,,,,,,,,,,,,,,,,,,
GC-BCVI-GGOS-24-4-T1-N,l,12,5,31,2,0.4045,7125,2437.5,4687.5,0.113,7125,4031.25,3093.75,0.0399,3750,2437.5,1312.5,0.0374,3187.5,2812.5,375,0.0369,3093.75,2812.5,281.25,0.0262,3093.75,2625,468.75,,,,,,,,,,,,,,,,,,,,,,,,,,,,,,,,,,,,,,,,,,,,,,,,,,,,,,,,,,,,,,,,,,,,,,,,,,,,,,,,,,,,,,,,,,,,,,,,,,,,,,,,,,,,,,,,,,,,,,,,,,,,,,,,,,,,,,,,,,,,
GC-BCVI-GGOS-24-55-T1-N,a,12,7,31,3,0.6491,5906.25,2343.75,3562.5,0.0895,5906.25,2343.75,3562.5,0.0421,5343.75,4593.75,750,0.0434,5250,4781.25,468.75,0.0432,5062.5,4593.75,468.75,0.0321,4875,3937.5,937.5,0.0426,4593.75,3750,843.75,0.1226,5062.5,2437.5,2625,,,,,,,,,,,,,,,,,,,,,,,,,,,,,,,,,,,,,,,,,,,,,,,,,,,,,,,,,,,,,,,,,,,,,,,,,,,,,,,,,,,,,,,,,,,,,,,,,,,,,,,,,,,,,,,,,,,,,,,,,,,,,,,,,,,,
GC-BCVI-GGOS-24-202-T1-N,l,12,6,31,3,0.4963,8437.5,2531.25,5906.25,0.1623,8437.5,4218.75,4218.75,0.0416,3656.25,2718.75,937.5,0.0473,3375,2718.75,656.25,0.0486,3656.25,2718.75,937.5,0.0521,2812.5,2531.25,281.25,0.0601,2718.75,2531.25,187.5,,,,,,,,,,,,,,,,,,,,,,,,,,,,,,,,,,,,,,,,,,,,,,,,,,,,,,,,,,,,,,,,,,,,,,,,,,,,,,,,,,,,,,,,,,,,,,,,,,,,,,,,,,,,,,,,,,,,,,,,,,,,,,,,,,,,,,,,
GC-BCVI-GGOS-24-176-T1-N,l,12,7,31,3,0.7168,8531.25,2625,5906.25,0.1644,8531.25,4593.75,3937.5,0.0398,3656.25,2718.75,937.5,0.0491,3375,2718.75,656.25,0.0449,3281.25,2718.75,562.5,0.0513,3187.5,2625,562.5,0.0599,3093.75,2625,468.75,0.1466,5718.75,3468.75,2250,,,,,,,,,,,,,,,,,,,,,,,,,,,,,,,,,,,,,,,,,,,,,,,,,,,,,,,,,,,,,,,,,,,,,,,,,,,,,,,,,,,,,,,,,,,,,,,,,,,,,,,,,,,,,,,,,,,,,,,,,,,,,,,,,,,,
GC-BCVI-GGOS-24-165-T1-N,l,12,6,31,3,0.5022,7218.75,2531.25,4687.5,0.1603,7218.75,4031.25,3187.5,0.0465,3843.75,2906.25,937.5,0.0478,3375,2906.25,468.75,0.0515,3093.75,2625,468.75,0.0515,3000,2531.25,468.75,0.0566,3843.75,2531.25,1312.5,,,,,,,,,,,,,,,,,,,,,,,,,,,,,,,,,,,,,,,,,,,,,,,,,,,,,,,,,,,,,,,,,,,,,,,,,,,,,,,,,,,,,,,,,,,,,,,,,,,,,,,,,,,,,,,,,,,,,,,,,,,,,,,,,,,,,,,,
GC-BCVI-GGOS-24-7-T1-N,l,12,6,31,3,0.4455,7125,2531.25,4593.75,0.1186,7125,3937.5,3187.5,0.0356,3843.75,2906.25,937.5,0.0397,3375,2812.5,562.5,0.0389,3093.75,2906.25,187.5,0.0371,2812.5,2625,187.5,0.0237,2906.25,2531.25,375,,,,,,,,,,,,,,,,,,,,,,,,,,,,,,,,,,,,,,,,,,,,,,,,,,,,,,,,,,,,,,,,,,,,,,,,,,,,,,,,,,,,,,,,,,,,,,,,,,,,,,,,,,,,,,,,,,,,,,,,,,,,,,,,,,,,,,,,
GC-BCVI-GGOS-24-208-T1-N,b,12,5,31,2,0.4382,5343.75,2250,3093.75,0.1615,5343.75,3375,1968.75,0.0445,4031.25,2250,1781.25,0.0439,3375,2343.75,1031.25,0.0414,3468.75,2718.75,750,0.0625,3562.5,3093.75,468.75,,,,,,,,,,,,,,,,,,,,,,,,,,,,,,,,,,,,,,,,,,,,,,,,,,,,,,,,,,,,,,,,,,,,,,,,,,,,,,,,,,,,,,,,,,,,,,,,,,,,,,,,,,,,,,,,,,,,,,,,,,,,,,,,,,,,,,,,,,,,
GC-BCVI-GGOS-24-17-T1-N,b,12,5,31,2,0.4206,6375,2156.25,4218.75,0.1281,6375,3750,2625,0.0367,3187.5,2156.25,1031.25,0.0389,3937.5,2437.5,1500,0.0476,3843.75,2812.5,1031.25,0.0611,3562.5,3093.75,468.75,,,,,,,,,,,,,,,,,,,,,,,,,,,,,,,,,,,,,,,,,,,,,,,,,,,,,,,,,,,,,,,,,,,,,,,,,,,,,,,,,,,,,,,,,,,,,,,,,,,,,,,,,,,,,,,,,,,,,,,,,,,,,,,,,,,,,,,,,,,,
GC-BCVI-GGOS-24-38-T1-N,b,12,5,31,2,0.4427,6093.75,2156.25,3937.5,0.1546,6093.75,3375,2718.75,0.0442,3468.75,2156.25,1312.5,0.0464,3656.25,2437.5,1218.75,0.0435,4500,3000,1500,0.0562,4031.25,3093.75,937.5,,,,,,,,,,,,,,,,,,,,,,,,,,,,,,,,,,,,,,,,,,,,,,,,,,,,,,,,,,,,,,,,,,,,,,,,,,,,,,,,,,,,,,,,,,,,,,,,,,,,,,,,,,,,,,,,,,,,,,,,,,,,,,,,,,,,,,,,,,,,
GC-BCVI-GGOS-24-198-T1-N,b,12,5,31,2,0.4531,6000,2156.25,3843.75,0.1511,6000,4406.25,1593.75,0.0478,3281.25,2156.25,1125,0.0462,4875,2343.75,2531.25,0.0393,4781.25,3093.75,1687.5,0.0751,4125,3187.5,937.5,,,,,,,,,,,,,,,,,,,,,,,,,,,,,,,,,,,,,,,,,,,,,,,,,,,,,,,,,,,,,,,,,,,,,,,,,,,,,,,,,,,,,,,,,,,,,,,,,,,,,,,,,,,,,,,,,,,,,,,,,,,,,,,,,,,,,,,,,,,,
GC-BCVI-GGOS-24-210-T1-N,b,12,5,31,2,0.428,5625,2156.25,3468.75,0.1631,5625,2156.25,3468.75,0.0505,3937.5,2250,1687.5,0.0482,3562.5,2437.5,1125,0.0451,4781.25,2906.25,1875,0.0601,4406.25,3093.75,1312.5,,,,,,,,,,,,,,,,,,,,,,,,,,,,,,,,,,,,,,,,,,,,,,,,,,,,,,,,,,,,,,,,,,,,,,,,,,,,,,,,,,,,,,,,,,,,,,,,,,,,,,,,,,,,,,,,,,,,,,,,,,,,,,,,,,,,,,,,,,,,
GC-BCVI-GGOS-24-46-T1-N,b,12,5,31,2,0.4517,5906.25,2156.25,3750,0.1362,5906.25,3562.5,2343.75,0.0443,4500,2156.25,2343.75,0.0452,4781.25,2343.75,2437.5,0.0439,3562.5,2906.25,656.25,0.0521,3562.5,3000,562.5,,,,,,,,,,,,,,,,,,,,,,,,,,,,,,,,,,,,,,,,,,,,,,,,,,,,,,,,,,,,,,,,,,,,,,,,,,,,,,,,,,,,,,,,,,,,,,,,,,,,,,,,,,,,,,,,,,,,,,,,,,,,,,,,,,,,,,,,,,,,
GC-BCVI-GGOS-24-242-T5-N,c,12,9,31,3,0.8916,6093.75,2343.75,3750,0.0715,5531.25,5156.25,375,0.0628,5343.75,4968.75,375,0.0643,5625,4593.75,1031.25,0.0643,5906.25,4593.75,1312.5,0.0623,3562.5,2343.75,1218.75,0.0523,3468.75,2625,843.75,0.0448,3562.5,2625,937.5,0.0581,3562.5,2625,937.5,0.1697,6093.75,3187.5,2906.25,,,,,,,,,,,,,,,,,,,,,,,,,,,,,,,,,,,,,,,,,,,,,,,,,,,,,,,,,,,,,,,,,,,,,,,,,,,,,,,,,,,,,,,,,,,,,,,,,,,,,,,,,,,,,,,,,,,,,,,,,,,,
GC-BCVI-GGOS-24-63-T5-N,c,12,8,31,2,0.6401,5718.75,2343.75,3375,0.0825,5718.75,4500,1218.75,0.0625,5531.25,4968.75,562.5,0.0545,5625,4968.75,656.25,0.0655,5718.75,4875,843.75,0.0585,3843.75,2343.75,1500,0.0475,3843.75,2343.75,1500,0.0528,3562.5,2343.75,1218.75,0.0468,3562.5,2718.75,843.75,,,,,,,,,,,,,,,,,,,,,,,,,,,,,,,,,,,,,,,,,,,,,,,,,,,,,,,,,,,,,,,,,,,,,,,,,,,,,,,,,,,,,,,,,,,,,,,,,,,,,,,,,,,,,,,,,,,,,,,,,,,,,,,,
GC-BCVI-GGOS-24-80-T5-N,c,12,8,31,2,0.647,5718.75,2156.25,3562.5,0.0761,5531.25,4406.25,1125,0.0712,5625,4781.25,843.75,0.0666,5718.75,4781.25,937.5,0.0733,5718.75,4406.25,1312.5,0.0648,3937.5,2156.25,1781.25,0.0616,3562.5,2343.75,1218.75,0.0578,3562.5,2437.5,1125,0.0546,3562.5,2343.75,1218.75,,,,,,,,,,,,,,,,,,,,,,,,,,,,,,,,,,,,,,,,,,,,,,,,,,,,,,,,,,,,,,,,,,,,,,,,,,,,,,,,,,,,,,,,,,,,,,,,,,,,,,,,,,,,,,,,,,,,,,,,,,,,,,,,
GC-BCVI-GGOS-24-101-T26-N,d,12,8,31,6,1.0982,8250,2062.5,6187.5,0.0789,8250,5250,3000,0.1429,4406.25,2156.25,2250,0.047,6562.5,3375,3187.5,0.0493,6843.75,5062.5,1781.25,0.0509,7781.25,4968.75,2812.5,0.1425,6187.5,3656.25,2531.25,0.1441,4593.75,2531.25,2062.5,0.1362,4875,2062.5,2812.5,,,,,,,,,,,,,,,,,,,,,,,,,,,,,,,,,,,,,,,,,,,,,,,,,,,,,,,,,,,,,,,,,,,,,,,,,,,,,,,,,,,,,,,,,,,,,,,,,,,,,,,,,,,,,,,,,,,,,,,,,,,,,,,,
GC-BCVI-GGOS-24-103-T26-N,d,12,8,31,6,1.0821,8343.75,2156.25,6187.5,0.0917,8343.75,4875,3468.75,0.1731,4687.5,2156.25,2531.25,0.0582,6843.75,3468.75,3375,0.0603,6562.5,4687.5,1875,0.0718,7031.25,4687.5,2343.75,0.1373,6375,4406.25,1968.75,0.1556,4687.5,2531.25,2156.25,0.137,4781.25,2250,2531.25,,,,,,,,,,,,,,,,,,,,,,,,,,,,,,,,,,,,,,,,,,,,,,,,,,,,,,,,,,,,,,,,,,,,,,,,,,,,,,,,,,,,,,,,,,,,,,,,,,,,,,,,,,,,,,,,,,,,,,,,,,,,,,,,
GC-BCVI-GGOS-24-107-T26-N,d,12,8,31,6,1.0927,8437.5,2156.25,6281.25,0.0961,8437.5,4968.75,3468.75,0.1341,4968.75,2250,2718.75,0.0534,6562.5,3375,3187.5,0.0542,6562.5,4687.5,1875,0.0679,7125,5156.25,1968.75,0.1537,6375,4500,1875,0.1427,4593.75,2437.5,2156.25,0.1304,4781.25,2156.25,2625,,,,,,,,,,,,,,,,,,,,,,,,,,,,,,,,,,,,,,,,,,,,,,,,,,,,,,,,,,,,,,,,,,,,,,,,,,,,,,,,,,,,,,,,,,,,,,,,,,,,,,,,,,,,,,,,,,,,,,,,,,,,,,,,
GC-BCVI-GGOS-24-134-T26-N,d,12,8,31,6,1.1679,8625,2156.25,6468.75,0.0995,8625,4875,3750,0.1506,4593.75,2156.25,2437.5,0.0633,6562.5,4125,2437.5,0.0553,7312.5,4781.25,2531.25,0.0418,7312.5,4500,2812.5,0.1686,6468.75,4593.75,1875,0.1538,4781.25,2625,2156.25,0.1477,4781.25,2156.25,2625,,,,,,,,,,,,,,,,,,,,,,,,,,,,,,,,,,,,,,,,,,,,,,,,,,,,,,,,,,,,,,,,,,,,,,,,,,,,,,,,,,,,,,,,,,,,,,,,,,,,,,,,,,,,,,,,,,,,,,,,,,,,,,,,
GC-BCVI-GGOS-24-118-T26-N,d,12,8,31,6,1.1475,8718.75,2062.5,6656.25,0.1207,8718.75,5250,3468.75,0.1488,4687.5,2062.5,2625,0.0466,6750,3656.25,3093.75,0.0513,7125,4125,3000,0.0434,5437.5,4312.5,1125,0.1568,6281.25,4593.75,1687.5,0.1408,4593.75,2718.75,1875,0.1492,4875,2156.25,2718.75,,,,,,,,,,,,,,,,,,,,,,,,,,,,,,,,,,,,,,,,,,,,,,,,,,,,,,,,,,,,,,,,,,,,,,,,,,,,,,,,,,,,,,,,,,,,,,,,,,,,,,,,,,,,,,,,,,,,,,,,,,,,,,,,
GC-BCVI-GGOS-24-95-T27-N,e,12,11,31,5,1.1167,5718.75,2062.5,3656.25,0.0805,5718.75,4312.5,1406.25,0.0672,5718.75,4031.25,1687.5,0.0834,3562.5,2250,1312.5,0.0398,4968.75,4781.25,187.5,0.0469,5062.5,3656.25,1406.25,0.0505,5437.5,4031.25,1406.25,0.0468,5718.75,4031.25,1687.5,0.0639,3562.5,2156.25,1406.25,0.0461,3468.75,2062.5,1406.25,0.0581,3000,2062.5,937.5,0.2037,5625,2343.75,3281.25,,,,,,,,,,,,,,,,,,,,,,,,,,,,,,,,,,,,,,,,,,,,,,,,,,,,,,,,,,,,,,,,,,,,,,,,,,,,,,,,,,,,,,,,,,,,,,,,,,,,,,,,,,,,,,,,,,,,
GC-BCVI-GGOS-24-153-T27-N,e,12,11,31,5,1.1687,7312.5,1968.75,5343.75,0.0617,5718.75,4312.5,1406.25,0.0631,7312.5,4312.5,3000,0.0636,3562.5,2062.5,1500,0.0452,4968.75,3562.5,1406.25,0.0447,5156.25,3656.25,1500,0.049,5250,4125,1125,0.05,6093.75,4218.75,1875,0.0413,3562.5,2062.5,1500,0.0471,3375,1968.75,1406.25,0.0558,3468.75,2062.5,1406.25,0.2095,5625,2343.75,3281.25,,,,,,,,,,,,,,,,,,,,,,,,,,,,,,,,,,,,,,,,,,,,,,,,,,,,,,,,,,,,,,,,,,,,,,,,,,,,,,,,,,,,,,,,,,,,,,,,,,,,,,,,,,,,,,,,,,,,
GC-BCVI-GGOS-24-128-T27-N,e,12,11,31,5,1.2007,5531.25,2062.5,3468.75,0.0723,5531.25,4218.75,1312.5,0.0756,5343.75,4312.5,1031.25,0.0729,3656.25,2156.25,1500,0.0473,5156.25,3937.5,1218.75,0.0507,5250,3937.5,1312.5,0.0464,5250,4031.25,1218.75,0.0448,5437.5,3937.5,1500,0.0509,3375,2156.25,1218.75,0.0459,3468.75,2062.5,1406.25,0.0509,3281.25,2062.5,1218.75,0.2257,5531.25,2343.75,3187.5,,,,,,,,,,,,,,,,,,,,,,,,,,,,,,,,,,,,,,,,,,,,,,,,,,,,,,,,,,,,,,,,,,,,,,,,,,,,,,,,,,,,,,,,,,,,,,,,,,,,,,,,,,,,,,,,,,,,
GC-BCVI-GGOS-24-150-T27-N,e,12,11,31,5,1.1788,6375,1968.75,4406.25,0.0844,5812.5,4500,1312.5,0.0865,5718.75,4500,1218.75,0.0614,3468.75,2156.25,1312.5,0.0527,5062.5,3843.75,1218.75,0.0486,5156.25,3937.5,1218.75,0.0508,5343.75,4031.25,1312.5,0.0601,6000,4218.75,1781.25,0.0493,2812.5,2156.25,656.25,0.0501,2906.25,1968.75,937.5,0.053,3562.5,1968.75,1593.75,0.2024,6375,2343.75,4031.25,,,,,,,,,,,,,,,,,,,,,,,,,,,,,,,,,,,,,,,,,,,,,,,,,,,,,,,,,,,,,,,,,,,,,,,,,,,,,,,,,,,,,,,,,,,,,,,,,,,,,,,,,,,,,,,,,,,,
GC-BCVI-GGOS-24-250-T27-N,e,12,11,31,5,1.2374,5718.75,2156.25,3562.5,0.1119,5156.25,3000,2156.25,0.1112,5437.5,2718.75,2718.75,0.0791,3656.25,2343.75,1312.5,0.046,5156.25,3937.5,1218.75,0.0541,5156.25,3656.25,1500,0.056,5343.75,3937.5,1406.25,0.076,5531.25,3843.75,1687.5,0.0641,3375,2156.25,1218.75,0.0671,3375,2156.25,1218.75,0.0634,3375,2156.25,1218.75,0.2557,5718.75,2625,3093.75,,,,,,,,,,,,,,,,,,,,,,,,,,,,,,,,,,,,,,,,,,,,,,,,,,,,,,,,,,,,,,,,,,,,,,,,,,,,,,,,,,,,,,,,,,,,,,,,,,,,,,,,,,,,,,,,,,,,
GC-BCVI-GGOS-24-249-T27-N,e,12,11,31,5,1.1983,5531.25,2156.25,3375,0.0782,5437.5,4031.25,1406.25,0.0896,5531.25,4031.25,1500,0.0825,3656.25,2343.75,1312.5,0.0506,5062.5,4125,937.5,0.0539,5437.5,4125,1312.5,0.0475,5531.25,5156.25,375,0.057,5437.5,3843.75,1593.75,0.0467,3281.25,2156.25,1125,0.0475,3187.5,2718.75,468.75,0.0509,3656.25,2156.25,1500,0.2031,4968.75,2531.25,2437.5,,,,,,,,,,,,,,,,,,,,,,,,,,,,,,,,,,,,,,,,,,,,,,,,,,,,,,,,,,,,,,,,,,,,,,,,,,,,,,,,,,,,,,,,,,,,,,,,,,,,,,,,,,,,,,,,,,,,
GC-BCVI-GGOS-24-133-T27-N,e,12,11,31,5,1.3158,5906.25,2062.5,3843.75,0.1612,5062.5,2343.75,2718.75,0.0747,5906.25,4031.25,1875,0.09,3375,2156.25,1218.75,0.0551,4875,3750,1125,0.0522,5250,3843.75,1406.25,0.0545,5250,3937.5,1312.5,0.0613,5437.5,2718.75,2718.75,0.0557,3000,2156.25,843.75,0.0557,3562.5,2062.5,1500,0.073,4031.25,2062.5,1968.75,0.2087,5718.75,2250,3468.75,,,,,,,,,,,,,,,,,,,,,,,,,,,,,,,,,,,,,,,,,,,,,,,,,,,,,,,,,,,,,,,,,,,,,,,,,,,,,,,,,,,,,,,,,,,,,,,,,,,,,,,,,,,,,,,,,,,,
GC-BCVI-GGOS-24-140-T16_normalized,f,12,4,31,2,0.5487,6093.75,3281.25,2812.5,0.2104,6093.75,4500,1593.75,0.0603,5531.25,3656.25,1875,0.052,4781.25,3468.75,1312.5,0.0713,4875,3281.25,1593.75,,,,,,,,,,,,,,,,,,,,,,,,,,,,,,,,,,,,,,,,,,,,,,,,,,,,,,,,,,,,,,,,,,,,,,,,,,,,,,,,,,,,,,,,,,,,,,,,,,,,,,,,,,,,,,,,,,,,,,,,,,,,,,,,,,,,,,,,,,,,,,,,
GC-BCVI-GGOS-24-254-T1-N,f,12,4,31,2,0.5253,6187.5,3281.25,2906.25,0.2022,6187.5,4406.25,1781.25,0.0658,4875,3656.25,1218.75,0.0663,4781.25,3281.25,1500,0.0802,4781.25,3468.75,1312.5,,,,,,,,,,,,,,,,,,,,,,,,,,,,,,,,,,,,,,,,,,,,,,,,,,,,,,,,,,,,,,,,,,,,,,,,,,,,,,,,,,,,,,,,,,,,,,,,,,,,,,,,,,,,,,,,,,,,,,,,,,,,,,,,,,,,,,,,,,,,,,,,
GC-BCVI-GGOS-24-125-T16-N,f,12,4,31,2,0.4999,6468.75,3468.75,3000,0.2162,6468.75,3468.75,3000,0.0589,4781.25,3468.75,1312.5,0.0527,4593.75,3468.75,1125,0.0554,4875,3468.75,1406.25,,,,,,,,,,,,,,,,,,,,,,,,,,,,,,,,,,,,,,,,,,,,,,,,,,,,,,,,,,,,,,,,,,,,,,,,,,,,,,,,,,,,,,,,,,,,,,,,,,,,,,,,,,,,,,,,,,,,,,,,,,,,,,,,,,,,,,,,,,,,,,,,
GC-BCVI-GGOS-24-148-T16-N,f,12,4,31,2,0.534,5437.5,3375,2062.5,0.2236,5437.5,4500,937.5,0.0692,4875,3468.75,1406.25,0.0699,4593.75,3375,1218.75,0.0745,5062.5,3375,1687.5,,,,,,,,,,,,,,,,,,,,,,,,,,,,,,,,,,,,,,,,,,,,,,,,,,,,,,,,,,,,,,,,,,,,,,,,,,,,,,,,,,,,,,,,,,,,,,,,,,,,,,,,,,,,,,,,,,,,,,,,,,,,,,,,,,,,,,,,,,,,,,,,
GC-BCVI-GGOS-24-251-T1-N,f,12,4,31,2,0.5508,5812.5,3375,2437.5,0.2406,5812.5,4031.25,1781.25,0.0741,4968.75,3562.5,1406.25,0.0593,4781.25,3375,1406.25,0.0945,4968.75,3375,1593.75,,,,,,,,,,,,,,,,,,,,,,,,,,,,,,,,,,,,,,,,,,,,,,,,,,,,,,,,,,,,,,,,,,,,,,,,,,,,,,,,,,,,,,,,,,,,,,,,,,,,,,,,,,,,,,,,,,,,,,,,,,,,,,,,,,,,,,,,,,,,,,,,
GC-BCVI-GGOS-24-160-T2-N,g,12,10,31,4,1.1634,5625,2156.25,3468.75,0.1171,5343.75,4406.25,937.5,0.088,5062.5,4687.5,375,0.0706,4593.75,2625,1968.75,0.0544,5625,4406.25,1218.75,0.0536,5625,4312.5,1312.5,0.0584,5343.75,4312.5,1031.25,0.0641,5062.5,4031.25,1031.25,0.0703,3375,2156.25,1218.75,0.0622,3843.75,2156.25,1687.5,0.0639,2625,2156.25,468.75,,,,,,,,,,,,,,,,,,,,,,,,,,,,,,,,,,,,,,,,,,,,,,,,,,,,,,,,,,,,,,,,,,,,,,,,,,,,,,,,,,,,,,,,,,,,,,,,,,,,,,,,,,,,,,,,,,,,,,,,
GC-BCVI-GGOS-24-191-T3-N,g,12,2,31,1,0.2128,5250,4406.25,843.75,0.1092,5062.5,4406.25,656.25,0.0938,5250,4500,750,,,,,,,,,,,,,,,,,,,,,,,,,,,,,,,,,,,,,,,,,,,,,,,,,,,,,,,,,,,,,,,,,,,,,,,,,,,,,,,,,,,,,,,,,,,,,,,,,,,,,,,,,,,,,,,,,,,,,,,,,,,,,,,,,,,,,,,,,,,,,,,,,,,,,,,,
GC-BCVI-GGOS-24-186-T2-N,g,12,10,31,4,1.2057,5625,2062.5,3562.5,0.1137,5156.25,4781.25,375,0.092,5156.25,4781.25,375,0.0604,5156.25,2812.5,2343.75,0.0604,5625,4406.25,1218.75,0.0578,5625,4312.5,1312.5,0.0581,5531.25,4312.5,1218.75,0.0636,5156.25,4312.5,843.75,0.0706,4125,2062.5,2062.5,0.0694,3656.25,2156.25,1500,0.0733,3562.5,2156.25,1406.25,,,,,,,,,,,,,,,,,,,,,,,,,,,,,,,,,,,,,,,,,,,,,,,,,,,,,,,,,,,,,,,,,,,,,,,,,,,,,,,,,,,,,,,,,,,,,,,,,,,,,,,,,,,,,,,,,,,,,,,,
GC-BCVI-GGOS-24-15-T2-N,g,12,3,31,2,0.4109,4968.75,2437.5,2531.25,0.0904,4968.75,4312.5,656.25,0.0851,4781.25,4031.25,750,0.0514,4406.25,2437.5,1968.75,,,,,,,,,,,,,,,,,,,,,,,,,,,,,,,,,,,,,,,,,,,,,,,,,,,,,,,,,,,,,,,,,,,,,,,,,,,,,,,,,,,,,,,,,,,,,,,,,,,,,,,,,,,,,,,,,,,,,,,,,,,,,,,,,,,,,,,,,,,,,,,,,,,,
GC-BCVI-GGOS-24-3-T2-N,g,12,7,31,3,0.7975,5812.5,2156.25,3656.25,0.0857,4875,4406.25,468.75,0.0823,4687.5,4406.25,281.25,0.0425,4031.25,2156.25,1875,0.0567,5531.25,4875,656.25,0.0403,5718.75,4500,1218.75,0.0448,5812.5,4312.5,1500,0.0449,5062.5,3843.75,1218.75,,,,,,,,,,,,,,,,,,,,,,,,,,,,,,,,,,,,,,,,,,,,,,,,,,,,,,,,,,,,,,,,,,,,,,,,,,,,,,,,,,,,,,,,,,,,,,,,,,,,,,,,,,,,,,,,,,,,,,,,,,,,,,,,,,,,
GC-BCVI-GGOS-24-90-T2-N,h,12,8,31,3,0.9345,6375,3468.75,2906.25,0.2016,6375,3468.75,2906.25,0.0505,4781.25,3562.5,1218.75,0.0446,4781.25,4125,656.25,0.0431,4781.25,4218.75,562.5,0.0429,4781.25,4125,656.25,0.0549,4875,4031.25,843.75,0.1082,5156.25,4593.75,562.5,0.0904,4875,4500,375,,,,,,,,,,,,,,,,,,,,,,,,,,,,,,,,,,,,,,,,,,,,,,,,,,,,,,,,,,,,,,,,,,,,,,,,,,,,,,,,,,,,,,,,,,,,,,,,,,,,,,,,,,,,,,,,,,,,,,,,,,,,,,,,
GC-BCVI-GGOS-24-245-T1-N,i,12,5,31,3,0.5044,6093.75,2156.25,3937.5,0.1632,6093.75,3281.25,2812.5,0.066,4312.5,3000,1312.5,0.066,3562.5,2437.5,1125,0.0599,3187.5,2250,937.5,0.0648,3187.5,2156.25,1031.25,,,,,,,,,,,,,,,,,,,,,,,,,,,,,,,,,,,,,,,,,,,,,,,,,,,,,,,,,,,,,,,,,,,,,,,,,,,,,,,,,,,,,,,,,,,,,,,,,,,,,,,,,,,,,,,,,,,,,,,,,,,,,,,,,,,,,,,,,,,,
GC-BCVI-GGOS-24-183-T9-N,j,12,6,31,3,0.7257,7218.75,2250,4968.75,0.0424,5062.5,3937.5,1125,0.0419,5062.5,3937.5,1125,0.0457,5812.5,3843.75,1968.75,0.0659,7218.75,3468.75,3750,0.1217,4687.5,2250,2437.5,0.2305,5250,4125,1125,,,,,,,,,,,,,,,,,,,,,,,,,,,,,,,,,,,,,,,,,,,,,,,,,,,,,,,,,,,,,,,,,,,,,,,,,,,,,,,,,,,,,,,,,,,,,,,,,,,,,,,,,,,,,,,,,,,,,,,,,,,,,,,,,,,,,,,,
GC-BCVI-GGOS-24-129-T19-N,k,12,1,31,1,0.1371,7968.75,2625,5343.75,0.1371,7968.75,2625,5343.75,,,,,,,,,,,,,,,,,,,,,,,,,,,,,,,,,,,,,,,,,,,,,,,,,,,,,,,,,,,,,,,,,,,,,,,,,,,,,,,,,,,,,,,,,,,,,,,,,,,,,,,,,,,,,,,,,,,,,,,,,,,,,,,,,,,,,,,,,,,,,,,,,,,,,,,,,,,,
GC-BCVI-GGOS-24-244-T29-N,k,12,13,31,5,1.2013,8718.75,2062.5,6656.25,0.1007,8718.75,5812.5,2906.25,0.0454,3468.75,2250,1218.75,0.0416,3281.25,2531.25,750,0.0416,3656.25,3187.5,468.75,0.0432,4031.25,3656.25,375,0.0875,4312.5,3750,562.5,0.2196,7312.5,2156.25,5156.25,0.0636,3750,2625,1125,0.066,3562.5,2062.5,1500,0.0495,5531.25,3750,1781.25,0.0387,7125,4593.75,2531.25,0.033,5906.25,4781.25,1125,0.0567,7125,4781.25,2343.75,,,,,,,,,,,,,,,,,,,,,,,,,,,,,,,,,,,,,,,,,,,,,,,,,,,,,,,,,,,,,,,,,,,,,,,,,,,,,,,,,,,,,,,,,,,,,,,,,,,,,,,,,,,,
GC-BCVI-GOMS-24-18-T32-N,a,16,5,39,2,0.5771,6562.5,2343.75,4218.75,0.0639,6093.75,3375,2718.75,0.0666,6562.5,3468.75,3093.75,0.0753,6562.5,5250,1312.5,0.1675,4781.25,2343.75,2437.5,0.1312,4687.5,2343.75,2343.75,,,,,,,,,,,,,,,,,,,,,,,,,,,,,,,,,,,,,,,,,,,,,,,,,,,,,,,,,,,,,,,,,,,,,,,,,,,,,,,,,,,,,,,,,,,,,,,,,,,,,,,,,,,,,,,,,,,,,,,,,,,,,,,,,,,,,,,,,,,,
GC-BCVI-GOMS-24-8-T32-N,a,16,5,39,2,0.5774,6093.75,2250,3843.75,0.0526,5906.25,3093.75,2812.5,0.0643,6000,3375,2625,0.0675,6093.75,3187.5,2906.25,0.194,4968.75,2531.25,2437.5,0.126,4875,2250,2625,,,,,,,,,,,,,,,,,,,,,,,,,,,,,,,,,,,,,,,,,,,,,,,,,,,,,,,,,,,,,,,,,,,,,,,,,,,,,,,,,,,,,,,,,,,,,,,,,,,,,,,,,,,,,,,,,,,,,,,,,,,,,,,,,,,,,,,,,,,,
GC-BCVI-GOMS-24-9-T1-N,b,16,5,39,4,0.4697,6187.5,2250,3937.5,0.1614,6187.5,4218.75,1968.75,0.0463,3468.75,2250,1218.75,0.0433,3468.75,2437.5,1031.25,0.0453,4593.75,2625,1968.75,0.0782,3656.25,3093.75,562.5,,,,,,,,,,,,,,,,,,,,,,,,,,,,,,,,,,,,,,,,,,,,,,,,,,,,,,,,,,,,,,,,,,,,,,,,,,,,,,,,,,,,,,,,,,,,,,,,,,,,,,,,,,,,,,,,,,,,,,,,,,,,,,,,,,,,,,,,,,,,
GC-BCVI-GOMS-24-290-T1-N,c,16,6,39,2,0.4596,5812.5,2906.25,2906.25,0.1573,5812.5,4312.5,1500,0.0438,4875,3093.75,1781.25,0.0478,4312.5,2906.25,1406.25,0.0413,4312.5,2906.25,1406.25,0.0478,4593.75,3000,1593.75,0.0332,4312.5,2906.25,1406.25,,,,,,,,,,,,,,,,,,,,,,,,,,,,,,,,,,,,,,,,,,,,,,,,,,,,,,,,,,,,,,,,,,,,,,,,,,,,,,,,,,,,,,,,,,,,,,,,,,,,,,,,,,,,,,,,,,,,,,,,,,,,,,,,,,,,,,,,
GC-BCVI-GOMS-24-130-T1-N,c,16,6,39,2,0.534,6093.75,2718.75,3375,0.1689,6093.75,4593.75,1500,0.0385,5250,3281.25,1968.75,0.0341,4687.5,2718.75,1968.75,0.0437,4593.75,2812.5,1781.25,0.0474,4781.25,3375,1406.25,0.0778,4781.25,3375,1406.25,,,,,,,,,,,,,,,,,,,,,,,,,,,,,,,,,,,,,,,,,,,,,,,,,,,,,,,,,,,,,,,,,,,,,,,,,,,,,,,,,,,,,,,,,,,,,,,,,,,,,,,,,,,,,,,,,,,,,,,,,,,,,,,,,,,,,,,,
GC-BCVI-GOMS-24-231-T1-N,c,16,6,39,2,0.5231,6000,2531.25,3468.75,0.1705,6000,4593.75,1406.25,0.0476,4687.5,2718.75,1968.75,0.0516,4687.5,3093.75,1593.75,0.0466,4312.5,3187.5,1125,0.0476,4406.25,2531.25,1875,0.0664,4500,2812.5,1687.5,,,,,,,,,,,,,,,,,,,,,,,,,,,,,,,,,,,,,,,,,,,,,,,,,,,,,,,,,,,,,,,,,,,,,,,,,,,,,,,,,,,,,,,,,,,,,,,,,,,,,,,,,,,,,,,,,,,,,,,,,,,,,,,,,,,,,,,,
GC-BCVI-GOMS-24-288-T1-N,c,16,6,39,2,0.4814,6000,2718.75,3281.25,0.1716,6000,4125,1875,0.049,4593.75,2718.75,1875,0.0466,4312.5,3093.75,1218.75,0.0411,4218.75,3000,1218.75,0.0498,4593.75,2906.25,1687.5,0.0538,4218.75,2718.75,1500,,,,,,,,,,,,,,,,,,,,,,,,,,,,,,,,,,,,,,,,,,,,,,,,,,,,,,,,,,,,,,,,,,,,,,,,,,,,,,,,,,,,,,,,,,,,,,,,,,,,,,,,,,,,,,,,,,,,,,,,,,,,,,,,,,,,,,,,
GC-BCVI-GOMS-24-203-T1-N,c,16,6,39,2,0.5043,6000,2625,3375,0.163,6000,4781.25,1218.75,0.0471,4781.25,2718.75,2062.5,0.0481,4406.25,2718.75,1687.5,0.0466,4312.5,2812.5,1500,0.0497,4312.5,2625,1687.5,0.0476,4406.25,3375,1031.25,,,,,,,,,,,,,,,,,,,,,,,,,,,,,,,,,,,,,,,,,,,,,,,,,,,,,,,,,,,,,,,,,,,,,,,,,,,,,,,,,,,,,,,,,,,,,,,,,,,,,,,,,,,,,,,,,,,,,,,,,,,,,,,,,,,,,,,,
GC-BCVI-GOMS-24-33-T1-N,c,16,6,39,2,0.5166,5812.5,2250,3562.5,0.179,5812.5,2812.5,3000,0.0515,4687.5,2625,2062.5,0.046,4218.75,2437.5,1781.25,0.0443,4406.25,2437.5,1968.75,0.0538,4406.25,2437.5,1968.75,0.0643,4218.75,2250,1968.75,,,,,,,,,,,,,,,,,,,,,,,,,,,,,,,,,,,,,,,,,,,,,,,,,,,,,,,,,,,,,,,,,,,,,,,,,,,,,,,,,,,,,,,,,,,,,,,,,,,,,,,,,,,,,,,,,,,,,,,,,,,,,,,,,,,,,,,,
GC-BCVI-GOMS-24-211-T19-N,c,16,1,39,1,0.1625,5906.25,4500,1406.25,0.1625,5906.25,4500,1406.25,,,,,,,,,,,,,,,,,,,,,,,,,,,,,,,,,,,,,,,,,,,,,,,,,,,,,,,,,,,,,,,,,,,,,,,,,,,,,,,,,,,,,,,,,,,,,,,,,,,,,,,,,,,,,,,,,,,,,,,,,,,,,,,,,,,,,,,,,,,,,,,,,,,,,,,,,,,,
GC-BCVI-GOMS-24-36-T2-N,d,16,4,39,2,0.4987,6562.5,3656.25,2906.25,0.167,6562.5,4218.75,2343.75,0.099,4312.5,3656.25,656.25,0.0797,4406.25,4031.25,375,0.0845,4312.5,3937.5,375,,,,,,,,,,,,,,,,,,,,,,,,,,,,,,,,,,,,,,,,,,,,,,,,,,,,,,,,,,,,,,,,,,,,,,,,,,,,,,,,,,,,,,,,,,,,,,,,,,,,,,,,,,,,,,,,,,,,,,,,,,,,,,,,,,,,,,,,,,,,,,,,
GC-BCVI-GOMS-24-155-T2-N,d,16,4,39,2,0.5404,6093.75,3843.75,2250,0.1964,6093.75,4687.5,1406.25,0.0915,4500,3843.75,656.25,0.0915,4500,3843.75,656.25,0.0812,4781.25,4125,656.25,,,,,,,,,,,,,,,,,,,,,,,,,,,,,,,,,,,,,,,,,,,,,,,,,,,,,,,,,,,,,,,,,,,,,,,,,,,,,,,,,,,,,,,,,,,,,,,,,,,,,,,,,,,,,,,,,,,,,,,,,,,,,,,,,,,,,,,,,,,,,,,,
GC-BCVI-GOMS-24-210-T2-N,d,16,4,39,2,0.5199,5531.25,4031.25,1500,0.1488,5531.25,4125,1406.25,0.0807,4593.75,4031.25,562.5,0.0821,4781.25,4125,656.25,0.0779,4875,4406.25,468.75,,,,,,,,,,,,,,,,,,,,,,,,,,,,,,,,,,,,,,,,,,,,,,,,,,,,,,,,,,,,,,,,,,,,,,,,,,,,,,,,,,,,,,,,,,,,,,,,,,,,,,,,,,,,,,,,,,,,,,,,,,,,,,,,,,,,,,,,,,,,,,,,
GC-BCVI-GOMS-24-300-T2-N,d,16,4,39,2,0.5787,5156.25,3750,1406.25,0.2041,5156.25,4312.5,843.75,0.0985,4593.75,3750,843.75,0.0914,4687.5,3937.5,750,0.1198,4875,4218.75,656.25,,,,,,,,,,,,,,,,,,,,,,,,,,,,,,,,,,,,,,,,,,,,,,,,,,,,,,,,,,,,,,,,,,,,,,,,,,,,,,,,,,,,,,,,,,,,,,,,,,,,,,,,,,,,,,,,,,,,,,,,,,,,,,,,,,,,,,,,,,,,,,,,
GC-BCVI-GOMS-24-221-T2-N,d,16,5,39,3,0.6619,6187.5,3562.5,2625,0.1849,6187.5,4593.75,1593.75,0.0937,4406.25,3750,656.25,0.0971,4687.5,4312.5,375,0.0767,4781.25,4218.75,562.5,0.063,4125,3562.5,562.5,,,,,,,,,,,,,,,,,,,,,,,,,,,,,,,,,,,,,,,,,,,,,,,,,,,,,,,,,,,,,,,,,,,,,,,,,,,,,,,,,,,,,,,,,,,,,,,,,,,,,,,,,,,,,,,,,,,,,,,,,,,,,,,,,,,,,,,,,,,,
GC-BCVI-GOMS-24-235-T2-N,d,16,4,39,2,0.4902,5156.25,3562.5,1593.75,0.1655,5156.25,4687.5,468.75,0.0896,4500,3656.25,843.75,0.0906,4593.75,3750,843.75,0.1026,4406.25,3562.5,843.75,,,,,,,,,,,,,,,,,,,,,,,,,,,,,,,,,,,,,,,,,,,,,,,,,,,,,,,,,,,,,,,,,,,,,,,,,,,,,,,,,,,,,,,,,,,,,,,,,,,,,,,,,,,,,,,,,,,,,,,,,,,,,,,,,,,,,,,,,,,,,,,,
GC-BCVI-GOMS-24-161-T1-N,d,16,4,39,2,0.5324,6000,3281.25,2718.75,0.1936,6000,3281.25,2718.75,0.0887,4781.25,4218.75,562.5,0.0887,4875,4218.75,656.25,0.0807,4875,4218.75,656.25,,,,,,,,,,,,,,,,,,,,,,,,,,,,,,,,,,,,,,,,,,,,,,,,,,,,,,,,,,,,,,,,,,,,,,,,,,,,,,,,,,,,,,,,,,,,,,,,,,,,,,,,,,,,,,,,,,,,,,,,,,,,,,,,,,,,,,,,,,,,,,,,
GC-BCVI-GOMS-24-151-T2-N,d,16,4,39,2,0.5419,5812.5,4031.25,1781.25,0.1875,5812.5,4312.5,1500,0.1018,4687.5,4125,562.5,0.0888,4968.75,4031.25,937.5,0.0834,4875,4031.25,843.75,,,,,,,,,,,,,,,,,,,,,,,,,,,,,,,,,,,,,,,,,,,,,,,,,,,,,,,,,,,,,,,,,,,,,,,,,,,,,,,,,,,,,,,,,,,,,,,,,,,,,,,,,,,,,,,,,,,,,,,,,,,,,,,,,,,,,,,,,,,,,,,,
GC-BCVI-GOMS-24-284-T2-N,d,16,4,39,2,0.5066,6375,4031.25,2343.75,0.179,6375,4031.25,2343.75,0.0847,4593.75,4031.25,562.5,0.0802,4593.75,4312.5,281.25,0.0884,4781.25,4031.25,750,,,,,,,,,,,,,,,,,,,,,,,,,,,,,,,,,,,,,,,,,,,,,,,,,,,,,,,,,,,,,,,,,,,,,,,,,,,,,,,,,,,,,,,,,,,,,,,,,,,,,,,,,,,,,,,,,,,,,,,,,,,,,,,,,,,,,,,,,,,,,,,,
GC-BCVI-GOMS-24-195-T2-N,d,16,4,39,2,0.5076,6187.5,3843.75,2343.75,0.1648,6187.5,4500,1687.5,0.0889,4406.25,3843.75,562.5,0.0922,4781.25,4312.5,468.75,0.0688,4781.25,4218.75,562.5,,,,,,,,,,,,,,,,,,,,,,,,,,,,,,,,,,,,,,,,,,,,,,,,,,,,,,,,,,,,,,,,,,,,,,,,,,,,,,,,,,,,,,,,,,,,,,,,,,,,,,,,,,,,,,,,,,,,,,,,,,,,,,,,,,,,,,,,,,,,,,,,
GC-BCVI-GOMS-24-83-T9-N,e,16,6,39,3,0.5996,7875,2250,5625,0.1396,4312.5,2250,2062.5,0.0702,7875,4218.75,3656.25,0.0702,7687.5,4593.75,3093.75,0.0643,7312.5,4687.5,2625,0.0702,7312.5,4500,2812.5,0.0685,7031.25,4593.75,2437.5,,,,,,,,,,,,,,,,,,,,,,,,,,,,,,,,,,,,,,,,,,,,,,,,,,,,,,,,,,,,,,,,,,,,,,,,,,,,,,,,,,,,,,,,,,,,,,,,,,,,,,,,,,,,,,,,,,,,,,,,,,,,,,,,,,,,,,,,
GC-BCVI-GOMS-24-86-T1-N,f,16,6,39,3,0.6323,8625,2156.25,6468.75,0.1663,8625,3093.75,5531.25,0.0812,3843.75,2156.25,1687.5,0.0757,3843.75,2156.25,1687.5,0.0742,4031.25,2156.25,1875,0.0898,4031.25,2156.25,1875,0.0796,3000,2156.25,843.75,,,,,,,,,,,,,,,,,,,,,,,,,,,,,,,,,,,,,,,,,,,,,,,,,,,,,,,,,,,,,,,,,,,,,,,,,,,,,,,,,,,,,,,,,,,,,,,,,,,,,,,,,,,,,,,,,,,,,,,,,,,,,,,,,,,,,,,,
GC-BCVI-GOMS-24-87-T1-N,g,16,7,39,2,0.5773,7312.5,3093.75,4218.75,0.1844,7312.5,3281.25,4031.25,0.0446,4687.5,3281.25,1406.25,0.0484,5250,3375,1875,0.0476,4875,3281.25,1593.75,0.0499,5062.5,3281.25,1781.25,0.0536,5531.25,3093.75,2437.5,0.04,4687.5,3281.25,1406.25,,,,,,,,,,,,,,,,,,,,,,,,,,,,,,,,,,,,,,,,,,,,,,,,,,,,,,,,,,,,,,,,,,,,,,,,,,,,,,,,,,,,,,,,,,,,,,,,,,,,,,,,,,,,,,,,,,,,,,,,,,,,,,,,,,,,
GC-BCVI-GOMS-24-308-T1-N,g,16,7,39,2,0.5557,6656.25,2812.5,3843.75,0.1714,6656.25,2812.5,3843.75,0.0364,4500,3375,1125,0.045,4968.75,3750,1218.75,0.0467,4218.75,3468.75,750,0.0398,4312.5,3187.5,1125,0.0312,4218.75,3093.75,1125,0.026,4500,3375,1125,,,,,,,,,,,,,,,,,,,,,,,,,,,,,,,,,,,,,,,,,,,,,,,,,,,,,,,,,,,,,,,,,,,,,,,,,,,,,,,,,,,,,,,,,,,,,,,,,,,,,,,,,,,,,,,,,,,,,,,,,,,,,,,,,,,,
GC-BCVI-GOMS-24-89-T30-N,h,16,10,39,6,1.2629,7312.5,2156.25,5156.25,0.0693,6937.5,3375,3562.5,0.072,4781.25,2156.25,2625,0.0502,7312.5,4593.75,2718.75,0.0502,7312.5,4593.75,2718.75,0.0489,6656.25,4500,2156.25,0.1562,6093.75,4500,1593.75,0.0733,5156.25,3562.5,1593.75,0.0693,3562.5,2625,937.5,0.0679,3937.5,2625,1312.5,0.0747,3750,2625,1125,,,,,,,,,,,,,,,,,,,,,,,,,,,,,,,,,,,,,,,,,,,,,,,,,,,,,,,,,,,,,,,,,,,,,,,,,,,,,,,,,,,,,,,,,,,,,,,,,,,,,,,,,,,,,,,,,,,,,,,,
GC-BCVI-GOMS-24-93-T30-N,h,16,11,39,6,1.3453,7406.25,1968.75,5437.5,0.0585,6093.75,3656.25,2437.5,0.1835,4593.75,1968.75,2625,0.0572,7218.75,4500,2718.75,0.0599,7406.25,4781.25,2625,0.0677,7218.75,4500,2718.75,0.1613,5437.5,4500,937.5,0.0885,5156.25,3375,1781.25,0.0716,3656.25,2531.25,1125,0.0755,3843.75,2531.25,1312.5,0.0781,3843.75,2531.25,1312.5,0.0794,3937.5,2531.25,1406.25,,,,,,,,,,,,,,,,,,,,,,,,,,,,,,,,,,,,,,,,,,,,,,,,,,,,,,,,,,,,,,,,,,,,,,,,,,,,,,,,,,,,,,,,,,,,,,,,,,,,,,,,,,,,,,,,,,,,
GC-BCVI-GOMS-24-94-T35-N,i,16,4,39,2,0.5156,8343.75,2906.25,5437.5,0.1974,8343.75,4500,3843.75,0.0811,4781.25,2906.25,1875,0.0884,4125,3562.5,562.5,0.1037,4218.75,3000,1218.75,,,,,,,,,,,,,,,,,,,,,,,,,,,,,,,,,,,,,,,,,,,,,,,,,,,,,,,,,,,,,,,,,,,,,,,,,,,,,,,,,,,,,,,,,,,,,,,,,,,,,,,,,,,,,,,,,,,,,,,,,,,,,,,,,,,,,,,,,,,,,,,,
GC-BCVI-GOMS-24-121-T35-N,i,16,7,39,2,0.7049,7500,2718.75,4781.25,0.1797,7500,4687.5,2812.5,0.0771,4593.75,3093.75,1500,0.0755,4406.25,3375,1031.25,0.0574,4125,3281.25,843.75,0.0599,3656.25,2812.5,843.75,0.055,3468.75,2812.5,656.25,0.0542,3375,2718.75,656.25,,,,,,,,,,,,,,,,,,,,,,,,,,,,,,,,,,,,,,,,,,,,,,,,,,,,,,,,,,,,,,,,,,,,,,,,,,,,,,,,,,,,,,,,,,,,,,,,,,,,,,,,,,,,,,,,,,,,,,,,,,,,,,,,,,,,
GC-BCVI-GOMS-24-113-T1-N,j,16,4,39,4,0.8861,5718.75,2250,3468.75,0.1467,5531.25,3375,2156.25,0.1786,5718.75,3375,2343.75,0.0723,5531.25,4031.25,1500,0.1377,5437.5,2250,3187.5,,,,,,,,,,,,,,,,,,,,,,,,,,,,,,,,,,,,,,,,,,,,,,,,,,,,,,,,,,,,,,,,,,,,,,,,,,,,,,,,,,,,,,,,,,,,,,,,,,,,,,,,,,,,,,,,,,,,,,,,,,,,,,,,,,,,,,,,,,,,,,,,
GC-BCVI-GOMS-24-120-T15-N,j,16,3,39,3,0.4668,5812.5,2343.75,3468.75,0.1807,5718.75,3187.5,2531.25,0.0777,5812.5,3750,2062.5,0.1331,5343.75,2343.75,3000,,,,,,,,,,,,,,,,,,,,,,,,,,,,,,,,,,,,,,,,,,,,,,,,,,,,,,,,,,,,,,,,,,,,,,,,,,,,,,,,,,,,,,,,,,,,,,,,,,,,,,,,,,,,,,,,,,,,,,,,,,,,,,,,,,,,,,,,,,,,,,,,,,,,
GC-BCVI-GOMS-24-138-T17-N,k,16,2,39,2,0.4633,6468.75,2250,4218.75,0.0923,6468.75,2250,4218.75,0.2105,5156.25,3562.5,1593.75,,,,,,,,,,,,,,,,,,,,,,,,,,,,,,,,,,,,,,,,,,,,,,,,,,,,,,,,,,,,,,,,,,,,,,,,,,,,,,,,,,,,,,,,,,,,,,,,,,,,,,,,,,,,,,,,,,,,,,,,,,,,,,,,,,,,,,,,,,,,,,,,,,,,,,,,
GC-BCVI-GOMS-24-243-T5-N,k,16,8,39,4,1.0864,7781.25,2531.25,5250,0.1918,7781.25,5343.75,2437.5,0.1918,3468.75,2531.25,937.5,0.0862,6562.5,3937.5,2625,0.0382,5062.5,3093.75,1968.75,0.0343,5718.75,4406.25,1312.5,0.0451,5156.25,4218.75,937.5,0.0353,5062.5,3937.5,1125,0.049,4687.5,3937.5,750,,,,,,,,,,,,,,,,,,,,,,,,,,,,,,,,,,,,,,,,,,,,,,,,,,,,,,,,,,,,,,,,,,,,,,,,,,,,,,,,,,,,,,,,,,,,,,,,,,,,,,,,,,,,,,,,,,,,,,,,,,,,,,,,
GC-BCVI-GOMS-24-271-T1-N,k,16,7,39,3,0.7687,5531.25,2343.75,3187.5,0.1068,4781.25,2343.75,2437.5,0.0844,5531.25,4031.25,1500,0.0327,5343.75,3750,1593.75,0.0361,5531.25,4218.75,1312.5,0.0395,5531.25,4218.75,1312.5,0.0449,5343.75,4218.75,1125,0.0435,4968.75,3281.25,1687.5,,,,,,,,,,,,,,,,,,,,,,,,,,,,,,,,,,,,,,,,,,,,,,,,,,,,,,,,,,,,,,,,,,,,,,,,,,,,,,,,,,,,,,,,,,,,,,,,,,,,,,,,,,,,,,,,,,,,,,,,,,,,,,,,,,,,
GC-BCVI-GOMS-24-224-T5-N,k,16,4,39,4,1.8173,7781.25,2437.5,5343.75,0.1961,7781.25,5812.5,1968.75,0.1538,3562.5,2437.5,1125,0.0832,6656.25,3656.25,3000,0.2102,4125,3187.5,937.5,,,,,,,,,,,,,,,,,,,,,,,,,,,,,,,,,,,,,,,,,,,,,,,,,,,,,,,,,,,,,,,,,,,,,,,,,,,,,,,,,,,,,,,,,,,,,,,,,,,,,,,,,,,,,,,,,,,,,,,,,,,,,,,,,,,,,,,,,,,,,,,,
GC-BCVI-GOMS-24-218-T1-N,l,16,6,39,2,0.5029,6562.5,2156.25,4406.25,0.1188,6562.5,2343.75,4218.75,0.0383,3656.25,2531.25,1125,0.0486,3843.75,2250,1593.75,0.0383,3656.25,2250,1406.25,0.0434,3562.5,2250,1312.5,0.0607,4031.25,2156.25,1875,,,,,,,,,,,,,,,,,,,,,,,,,,,,,,,,,,,,,,,,,,,,,,,,,,,,,,,,,,,,,,,,,,,,,,,,,,,,,,,,,,,,,,,,,,,,,,,,,,,,,,,,,,,,,,,,,,,,,,,,,,,,,,,,,,,,,,,,
GC-BCVI-GOMS-24-228-T1-N,l,16,6,39,2,0.7408,7218.75,2156.25,5062.5,0.1105,6375,3750,2625,0.1807,7218.75,3000,4218.75,0.0652,3843.75,2437.5,1406.25,0.066,3750,2250,1500,0.0627,3843.75,2250,1593.75,0.0553,3656.25,2156.25,1500,,,,,,,,,,,,,,,,,,,,,,,,,,,,,,,,,,,,,,,,,,,,,,,,,,,,,,,,,,,,,,,,,,,,,,,,,,,,,,,,,,,,,,,,,,,,,,,,,,,,,,,,,,,,,,,,,,,,,,,,,,,,,,,,,,,,,,,,
GC-BCVI-GOMS-24-249-T1-N,l,16,7,39,2,0.6538,6375,2156.25,4218.75,0.1618,6375,3937.5,2437.5,0.0704,4031.25,2250,1781.25,0.0714,3750,2343.75,1406.25,0.0671,4031.25,2156.25,1875,0.0677,4031.25,2156.25,1875,0.0769,3562.5,2156.25,1406.25,0.0698,4125,2156.25,1968.75,,,,,,,,,,,,,,,,,,,,,,,,,,,,,,,,,,,,,,,,,,,,,,,,,,,,,,,,,,,,,,,,,,,,,,,,,,,,,,,,,,,,,,,,,,,,,,,,,,,,,,,,,,,,,,,,,,,,,,,,,,,,,,,,,,,,
GC-BCVI-GOMS-24-152-T15-N,l,16,6,39,2,0.5658,6562.5,2156.25,4406.25,0.1596,6562.5,3937.5,2625,0.0524,3562.5,2343.75,1218.75,0.0615,3843.75,2250,1593.75,0.0514,4125,2531.25,1593.75,0.0625,3656.25,2156.25,1500,0.0678,3656.25,2156.25,1500,,,,,,,,,,,,,,,,,,,,,,,,,,,,,,,,,,,,,,,,,,,,,,,,,,,,,,,,,,,,,,,,,,,,,,,,,,,,,,,,,,,,,,,,,,,,,,,,,,,,,,,,,,,,,,,,,,,,,,,,,,,,,,,,,,,,,,,,
GC-BCVI-GOMS-24-260-T1-N,l,16,8,39,3,0.8919,6375,2062.5,4312.5,0.0844,5812.5,3562.5,2250,0.1729,6375,3093.75,3281.25,0.0547,3656.25,2437.5,1218.75,0.0491,3468.75,2343.75,1125,0.0603,3937.5,2250,1687.5,0.0651,3656.25,2156.25,1500,0.0772,4031.25,2062.5,1968.75,0.0844,4125,2156.25,1968.75,,,,,,,,,,,,,,,,,,,,,,,,,,,,,,,,,,,,,,,,,,,,,,,,,,,,,,,,,,,,,,,,,,,,,,,,,,,,,,,,,,,,,,,,,,,,,,,,,,,,,,,,,,,,,,,,,,,,,,,,,,,,,,,,
GC-BCVI-GOMS-24-269-T1-N,l,16,5,39,2,0.4775,6468.75,2156.25,4312.5,0.1537,6468.75,3656.25,2812.5,0.0639,3656.25,2437.5,1218.75,0.0663,3750,2343.75,1406.25,0.0639,4500,2156.25,2343.75,0.0698,3750,2156.25,1593.75,,,,,,,,,,,,,,,,,,,,,,,,,,,,,,,,,,,,,,,,,,,,,,,,,,,,,,,,,,,,,,,,,,,,,,,,,,,,,,,,,,,,,,,,,,,,,,,,,,,,,,,,,,,,,,,,,,,,,,,,,,,,,,,,,,,,,,,,,,,,
GC-BCVI-GOMS-24-278-T1-N,l,16,7,39,2,0.7625,6093.75,2156.25,3937.5,0.0732,5531.25,3750,1781.25,0.1745,6093.75,3187.5,2906.25,0.0591,3562.5,2343.75,1218.75,0.0638,3656.25,2250,1406.25,0.0651,3843.75,2250,1593.75,0.0604,3562.5,2156.25,1406.25,0.0618,3562.5,2156.25,1406.25,,,,,,,,,,,,,,,,,,,,,,,,,,,,,,,,,,,,,,,,,,,,,,,,,,,,,,,,,,,,,,,,,,,,,,,,,,,,,,,,,,,,,,,,,,,,,,,,,,,,,,,,,,,,,,,,,,,,,,,,,,,,,,,,,,,,
GC-BCVI-GOMS-24-263-T1-N,l,16,7,39,2,0.8268,6656.25,2156.25,4500,0.082,6375,3281.25,3093.75,0.1823,6656.25,2156.25,4500,0.0664,3562.5,2718.75,843.75,0.0563,4218.75,2250,1968.75,0.0637,3375,2250,1125,0.0617,4312.5,2156.25,2156.25,0.0624,3375,2250,1125,,,,,,,,,,,,,,,,,,,,,,,,,,,,,,,,,,,,,,,,,,,,,,,,,,,,,,,,,,,,,,,,,,,,,,,,,,,,,,,,,,,,,,,,,,,,,,,,,,,,,,,,,,,,,,,,,,,,,,,,,,,,,,,,,,,,
GC-BCVI-GOMS-24-226-T1-N,m,16,6,39,2,0.5877,6562.5,2625,3937.5,0.1742,5906.25,2625,3281.25,0.048,5343.75,3937.5,1406.25,0.0518,5718.75,4781.25,937.5,0.0511,6187.5,4781.25,1406.25,0.0555,6562.5,3750,2812.5,0.0511,6000,3750,2250,,,,,,,,,,,,,,,,,,,,,,,,,,,,,,,,,,,,,,,,,,,,,,,,,,,,,,,,,,,,,,,,,,,,,,,,,,,,,,,,,,,,,,,,,,,,,,,,,,,,,,,,,,,,,,,,,,,,,,,,,,,,,,,,,,,,,,,,
GC-BCVI-GOMS-24-172-T1-N,m,16,6,39,2,0.654,6375,2156.25,4218.75,0.2307,6375,2156.25,4218.75,0.046,5531.25,3937.5,1593.75,0.046,5812.5,4781.25,1031.25,0.0497,5906.25,4406.25,1500,0.0595,5625,4781.25,843.75,0.0638,5906.25,4687.5,1218.75,,,,,,,,,,,,,,,,,,,,,,,,,,,,,,,,,,,,,,,,,,,,,,,,,,,,,,,,,,,,,,,,,,,,,,,,,,,,,,,,,,,,,,,,,,,,,,,,,,,,,,,,,,,,,,,,,,,,,,,,,,,,,,,,,,,,,,,,
GC-BCVI-GOMS-24-135-T12-N,m,16,6,39,2,0.8026,6656.25,2812.5,3843.75,0.2094,5812.5,4125,1687.5,0.059,6187.5,4312.5,1875,0.0603,5718.75,4687.5,1031.25,0.057,5625,4593.75,1031.25,0.0683,6656.25,3656.25,3000,0.1253,4875,2812.5,2062.5,,,,,,,,,,,,,,,,,,,,,,,,,,,,,,,,,,,,,,,,,,,,,,,,,,,,,,,,,,,,,,,,,,,,,,,,,,,,,,,,,,,,,,,,,,,,,,,,,,,,,,,,,,,,,,,,,,,,,,,,,,,,,,,,,,,,,,,,
GC-BCVI-GOMS-24-220-T1-N,n,16,6,39,3,0.8087,7406.25,2812.5,4593.75,0.1576,7406.25,3750,3656.25,0.058,4781.25,2812.5,1968.75,0.0719,6000,4687.5,1312.5,0.0675,5906.25,5156.25,750,0.0753,5718.75,5437.5,281.25,0.0597,5718.75,5062.5,656.25,,,,,,,,,,,,,,,,,,,,,,,,,,,,,,,,,,,,,,,,,,,,,,,,,,,,,,,,,,,,,,,,,,,,,,,,,,,,,,,,,,,,,,,,,,,,,,,,,,,,,,,,,,,,,,,,,,,,,,,,,,,,,,,,,,,,,,,,
GC-BCVI-GOMS-24-241-T30-N,o,16,8,39,4,0.9186,8625,2343.75,6281.25,0.0963,4031.25,2343.75,1687.5,0.0675,8625,3093.75,5531.25,0.0642,6843.75,3937.5,2906.25,0.1915,4687.5,2812.5,1875,0.041,5156.25,2531.25,2625,0.0476,5250,2531.25,2718.75,0.0465,4687.5,2531.25,2156.25,0.0476,4781.25,3093.75,1687.5,,,,,,,,,,,,,,,,,,,,,,,,,,,,,,,,,,,,,,,,,,,,,,,,,,,,,,,,,,,,,,,,,,,,,,,,,,,,,,,,,,,,,,,,,,,,,,,,,,,,,,,,,,,,,,,,,,,,,,,,,,,,,,,,
GC-BCVI-GOMS-24-236-T30-N,o,16,9,39,5,1.1682,8437.5,2437.5,6000,0.088,5250,3562.5,1687.5,0.0892,4031.25,2437.5,1593.75,0.0623,8437.5,4875,3562.5,0.055,7125,4781.25,2343.75,0.1931,5062.5,2718.75,2343.75,0.0501,5625,2437.5,3187.5,0.0513,5625,2437.5,3187.5,0.0501,5062.5,2531.25,2531.25,0.044,4968.75,2531.25,2437.5,,,,,,,,,,,,,,,,,,,,,,,,,,,,,,,,,,,,,,,,,,,,,,,,,,,,,,,,,,,,,,,,,,,,,,,,,,,,,,,,,,,,,,,,,,,,,,,,,,,,,,,,,,,,,,,,,,,,,,,,,,,,
GC-BCVI-GOMS-24-259-T30-N,o,16,8,39,4,1.1031,7312.5,2062.5,5250,0.077,4875,3656.25,1218.75,0.0803,4406.25,2062.5,2343.75,0.0715,7312.5,4218.75,3093.75,0.0715,7312.5,4312.5,3000,0.1837,4312.5,2531.25,1781.25,0.0561,5437.5,3562.5,1875,0.0627,4875,2437.5,2437.5,0.0484,4781.25,3187.5,1593.75,,,,,,,,,,,,,,,,,,,,,,,,,,,,,,,,,,,,,,,,,,,,,,,,,,,,,,,,,,,,,,,,,,,,,,,,,,,,,,,,,,,,,,,,,,,,,,,,,,,,,,,,,,,,,,,,,,,,,,,,,,,,,,,,
GC-BCVI-GOMS-24-74-T15-N,p,16,6,39,1,0.3822,6468.75,3468.75,3000,0.0566,6093.75,3562.5,2531.25,0.056,5156.25,4500,656.25,0.056,5250,4312.5,937.5,0.0726,5156.25,4218.75,937.5,0.0499,6468.75,3468.75,3000,0.048,5062.5,4218.75,843.75,,,,,,,,,,,,,,,,,,,,,,,,,,,,,,,,,,,,,,,,,,,,,,,,,,,,,,,,,,,,,,,,,,,,,,,,,,,,,,,,,,,,,,,,,,,,,,,,,,,,,,,,,,,,,,,,,,,,,,,,,,,,,,,,,,,,,,,,
GC-BCVI-KKWS-24-S3-T7-N,a,19,6,42,3,0.7032,5906.25,2531.25,3375,0.23,4593.75,2718.75,1875,0.1008,5531.25,3656.25,1875,0.1048,5906.25,3562.5,2343.75,0.0557,3937.5,2906.25,1031.25,0.0751,3750,2906.25,843.75,0.0523,3375,2531.25,843.75,,,,,,,,,,,,,,,,,,,,,,,,,,,,,,,,,,,,,,,,,,,,,,,,,,,,,,,,,,,,,,,,,,,,,,,,,,,,,,,,,,,,,,,,,,,,,,,,,,,,,,,,,,,,,,,,,,,,,,,,,,,,,,,,,,,,,,,,
GC-BCVI-KKWS-24-S61-T37-N,b,19,6,42,3,1.0333,7500,2156.25,5343.75,0.073,6750,4500,2250,0.0807,6000,5812.5,187.5,0.0893,6000,4781.25,1218.75,0.1165,7500,3750,3750,0.1599,5718.75,3562.5,2156.25,0.3137,4312.5,2156.25,2156.25,,,,,,,,,,,,,,,,,,,,,,,,,,,,,,,,,,,,,,,,,,,,,,,,,,,,,,,,,,,,,,,,,,,,,,,,,,,,,,,,,,,,,,,,,,,,,,,,,,,,,,,,,,,,,,,,,,,,,,,,,,,,,,,,,,,,,,,,
GC-BCVI-KKWS-24-S5-T37-N,b,19,6,42,3,1.0003,6375,2250,4125,0.0761,6000,4593.75,1406.25,0.0751,6000,4593.75,1406.25,0.0929,6000,3562.5,2437.5,0.0946,6375,3750,2625,0.0938,5718.75,4125,1593.75,0.3116,4312.5,2250,2062.5,,,,,,,,,,,,,,,,,,,,,,,,,,,,,,,,,,,,,,,,,,,,,,,,,,,,,,,,,,,,,,,,,,,,,,,,,,,,,,,,,,,,,,,,,,,,,,,,,,,,,,,,,,,,,,,,,,,,,,,,,,,,,,,,,,,,,,,,
GC-BCVI-KKWS-24-S60-T15-N,c,19,5,42,1,0.3725,5250,3656.25,1593.75,0.0628,5250,3937.5,1312.5,0.0592,5250,4875,375,0.0522,5156.25,4875,281.25,0.0592,5250,3750,1500,0.1044,5062.5,3656.25,1406.25,,,,,,,,,,,,,,,,,,,,,,,,,,,,,,,,,,,,,,,,,,,,,,,,,,,,,,,,,,,,,,,,,,,,,,,,,,,,,,,,,,,,,,,,,,,,,,,,,,,,,,,,,,,,,,,,,,,,,,,,,,,,,,,,,,,,,,,,,,,,
GC-BCVI-KKWS-24-S9-T15-N,c,19,5,42,1,0.3667,5343.75,3843.75,1500,0.0577,5343.75,4218.75,1125,0.0595,5156.25,3843.75,1312.5,0.0584,5156.25,3937.5,1218.75,0.0632,5156.25,3843.75,1312.5,0.0926,5250,4125,1125,,,,,,,,,,,,,,,,,,,,,,,,,,,,,,,,,,,,,,,,,,,,,,,,,,,,,,,,,,,,,,,,,,,,,,,,,,,,,,,,,,,,,,,,,,,,,,,,,,,,,,,,,,,,,,,,,,,,,,,,,,,,,,,,,,,,,,,,,,,,
GC-BCVI-KKWS-24-S58-T15-N,c,19,5,42,1,0.4052,5343.75,4125,1218.75,0.0594,5343.75,4312.5,1031.25,0.0584,5250,4312.5,937.5,0.0639,5343.75,4968.75,375,0.0751,5062.5,4125,937.5,0.1372,5156.25,4312.5,843.75,,,,,,,,,,,,,,,,,,,,,,,,,,,,,,,,,,,,,,,,,,,,,,,,,,,,,,,,,,,,,,,,,,,,,,,,,,,,,,,,,,,,,,,,,,,,,,,,,,,,,,,,,,,,,,,,,,,,,,,,,,,,,,,,,,,,,,,,,,,,
GC-BCVI-KKWS-24-S101-T9-N,d,19,2,42,2,0.1788,5718.75,2437.5,3281.25,0.033,5437.5,3750,1687.5,0.1402,5718.75,2437.5,3281.25,,,,,,,,,,,,,,,,,,,,,,,,,,,,,,,,,,,,,,,,,,,,,,,,,,,,,,,,,,,,,,,,,,,,,,,,,,,,,,,,,,,,,,,,,,,,,,,,,,,,,,,,,,,,,,,,,,,,,,,,,,,,,,,,,,,,,,,,,,,,,,,,,,,,,,,,
GC-BCVI-KKWS-24-S105-T9-N,e,19,6,42,3,0.7063,6375,2250,4125,0.1584,6375,3093.75,3281.25,0.157,5156.25,3750,1406.25,0.0732,4125,2812.5,1312.5,0.0585,3843.75,2343.75,1500,0.0784,3468.75,2250,1218.75,0.078,3468.75,2250,1218.75,,,,,,,,,,,,,,,,,,,,,,,,,,,,,,,,,,,,,,,,,,,,,,,,,,,,,,,,,,,,,,,,,,,,,,,,,,,,,,,,,,,,,,,,,,,,,,,,,,,,,,,,,,,,,,,,,,,,,,,,,,,,,,,,,,,,,,,,
GC-BCVI-KKWS-24-S145-T9-N,e,19,6,42,3,0.7053,7125,2250,4875,0.1652,7125,2906.25,4218.75,0.1906,5250,3937.5,1312.5,0.0733,4125,2812.5,1312.5,0.0773,3843.75,2906.25,937.5,0.0744,3093.75,2437.5,656.25,0.0801,2906.25,2250,656.25,,,,,,,,,,,,,,,,,,,,,,,,,,,,,,,,,,,,,,,,,,,,,,,,,,,,,,,,,,,,,,,,,,,,,,,,,,,,,,,,,,,,,,,,,,,,,,,,,,,,,,,,,,,,,,,,,,,,,,,,,,,,,,,,,,,,,,,,
GC-BCVI-KKWS-24-S124-T20-N,f,19,10,42,3,0.7105,6468.75,2343.75,4125,0.0726,5531.25,4968.75,562.5,0.0694,5531.25,4781.25,750,0.0724,5531.25,4781.25,750,0.0909,6468.75,2531.25,3937.5,0.0446,4500,2343.75,2156.25,0.0458,4500,2718.75,1781.25,0.0449,3750,3187.5,562.5,0.046,4125,3656.25,468.75,0.031,4687.5,4125,562.5,0.0186,4312.5,4312.5,0,,,,,,,,,,,,,,,,,,,,,,,,,,,,,,,,,,,,,,,,,,,,,,,,,,,,,,,,,,,,,,,,,,,,,,,,,,,,,,,,,,,,,,,,,,,,,,,,,,,,,,,,,,,,,,,,,,,,,,,,
GC-BCVI-KKWS-24-S141-T20-N,f,19,10,42,3,0.8059,6187.5,2343.75,3843.75,0.0753,5531.25,4968.75,562.5,0.0722,5437.5,4406.25,1031.25,0.0936,5531.25,4781.25,750,0.1192,6187.5,3000,3187.5,0.0345,3281.25,2343.75,937.5,0.0457,3375,2718.75,656.25,0.0481,3843.75,3187.5,656.25,0.0429,4125,3750,375,0.0479,4687.5,4218.75,468.75,0.1393,4593.75,4312.5,281.25,,,,,,,,,,,,,,,,,,,,,,,,,,,,,,,,,,,,,,,,,,,,,,,,,,,,,,,,,,,,,,,,,,,,,,,,,,,,,,,,,,,,,,,,,,,,,,,,,,,,,,,,,,,,,,,,,,,,,,,,
GC-BCVI-KKWS-24-S114-T20-N,f,19,10,42,3,0.7822,6750,2531.25,4218.75,0.0784,5812.5,4593.75,1218.75,0.0694,5437.5,4312.5,1125,0.1195,6750,4218.75,2531.25,0.0899,6375,3468.75,2906.25,0.0402,3468.75,2531.25,937.5,0.0462,3468.75,2718.75,750,0.047,4031.25,3187.5,843.75,0.0485,4125,3656.25,468.75,0.0435,4500,3937.5,562.5,0.0803,4593.75,4031.25,562.5,,,,,,,,,,,,,,,,,,,,,,,,,,,,,,,,,,,,,,,,,,,,,,,,,,,,,,,,,,,,,,,,,,,,,,,,,,,,,,,,,,,,,,,,,,,,,,,,,,,,,,,,,,,,,,,,,,,,,,,,
GC-BCVI-KKWS-24-S116-T23-N,g,19,4,42,3,0.6392,6281.25,2062.5,4218.75,0.161,6281.25,3000,3281.25,0.1684,5250,2062.5,3187.5,0.0805,6000,4312.5,1687.5,0.1194,6000,4125,1875,,,,,,,,,,,,,,,,,,,,,,,,,,,,,,,,,,,,,,,,,,,,,,,,,,,,,,,,,,,,,,,,,,,,,,,,,,,,,,,,,,,,,,,,,,,,,,,,,,,,,,,,,,,,,,,,,,,,,,,,,,,,,,,,,,,,,,,,,,,,,,,,
GC-BCVI-KKWS-24-S135-T30-N,h,19,9,42,5,1.0148,7406.25,2156.25,5250,0.0909,5906.25,2625,3281.25,0.0841,3750,2250,1500,0.0581,6656.25,4968.75,1687.5,0.0552,7406.25,5250,2156.25,0.1532,4406.25,2718.75,1687.5,0.0486,5718.75,2906.25,2812.5,0.0429,5062.5,2812.5,2250,0.0404,4781.25,2906.25,1875,0.0422,4125,2156.25,1968.75,,,,,,,,,,,,,,,,,,,,,,,,,,,,,,,,,,,,,,,,,,,,,,,,,,,,,,,,,,,,,,,,,,,,,,,,,,,,,,,,,,,,,,,,,,,,,,,,,,,,,,,,,,,,,,,,,,,,,,,,,,,,
GC-BCVI-KKWS-24-S175-T9-N,i,19,5,42,3,0.6145,5718.75,2062.5,3656.25,0.1147,5718.75,4406.25,1312.5,0.1361,4593.75,2062.5,2531.25,0.0638,5625,3468.75,2156.25,0.0726,5343.75,3562.5,1781.25,0.0749,5343.75,3281.25,2062.5,,,,,,,,,,,,,,,,,,,,,,,,,,,,,,,,,,,,,,,,,,,,,,,,,,,,,,,,,,,,,,,,,,,,,,,,,,,,,,,,,,,,,,,,,,,,,,,,,,,,,,,,,,,,,,,,,,,,,,,,,,,,,,,,,,,,,,,,,,,,
GC-BCVI-KKWS-24-S186-T9-N,j,19,6,42,4,0.7717,6562.5,2062.5,4500,0.1732,5625,4218.75,1406.25,0.1414,6562.5,2718.75,3843.75,0.0632,4218.75,2250,1968.75,0.0742,3843.75,2156.25,1687.5,0.0807,3937.5,2062.5,1875,0.0737,3843.75,2062.5,1781.25,,,,,,,,,,,,,,,,,,,,,,,,,,,,,,,,,,,,,,,,,,,,,,,,,,,,,,,,,,,,,,,,,,,,,,,,,,,,,,,,,,,,,,,,,,,,,,,,,,,,,,,,,,,,,,,,,,,,,,,,,,,,,,,,,,,,,,,,
GC-BCVI-KKWS-24-S187-T13-N,k,19,13,42,6,1.5347,6468.75,2156.25,4312.5,0.0762,6187.5,4312.5,1875,0.04,6187.5,4031.25,2156.25,0.0422,6468.75,5531.25,937.5,0.0341,6375,5437.5,937.5,0.0404,6375,5343.75,1031.25,0.0524,6375,5250,1125,0.0287,6187.5,4781.25,1406.25,0.0577,4781.25,3562.5,1218.75,0.054,3562.5,2531.25,1031.25,0.061,3656.25,2156.25,1500,0.059,3656.25,2437.5,1218.75,0.1733,6000,3843.75,2156.25,0.2,4406.25,3187.5,1218.75,,,,,,,,,,,,,,,,,,,,,,,,,,,,,,,,,,,,,,,,,,,,,,,,,,,,,,,,,,,,,,,,,,,,,,,,,,,,,,,,,,,,,,,,,,,,,,,,,,,,,,,,,,,,
GC-BCVI-KKWS-24-S188-T9-N,l,19,5,42,3,0.8803,6281.25,2718.75,3562.5,0.2233,6187.5,2718.75,3468.75,0.041,5906.25,3750,2156.25,0.0419,6281.25,5156.25,1125,0.0412,5906.25,5250,656.25,0.1512,5906.25,4593.75,1312.5,,,,,,,,,,,,,,,,,,,,,,,,,,,,,,,,,,,,,,,,,,,,,,,,,,,,,,,,,,,,,,,,,,,,,,,,,,,,,,,,,,,,,,,,,,,,,,,,,,,,,,,,,,,,,,,,,,,,,,,,,,,,,,,,,,,,,,,,,,,,
GC-BCVI-KKWS-24-S201-T1-N,m,19,7,42,2,0.5458,5812.5,2437.5,3375,0.1481,5812.5,4593.75,1218.75,0.0268,4406.25,3281.25,1125,0.0258,4031.25,2437.5,1593.75,0.0202,3281.25,3281.25,0,0.0355,3562.5,3281.25,281.25,0.0297,3562.5,2625,937.5,0.0233,3562.5,2437.5,1125,,,,,,,,,,,,,,,,,,,,,,,,,,,,,,,,,,,,,,,,,,,,,,,,,,,,,,,,,,,,,,,,,,,,,,,,,,,,,,,,,,,,,,,,,,,,,,,,,,,,,,,,,,,,,,,,,,,,,,,,,,,,,,,,,,,,
GC-BCVI-KKWS-24-S190-T1-N,m,19,7,42,2,0.547,5906.25,2250,3656.25,0.2009,5906.25,4687.5,1218.75,0.0381,4500,2250,2250,0.0369,4218.75,2437.5,1781.25,0.0435,3937.5,2343.75,1593.75,0.0377,3187.5,2250,937.5,0.0476,4406.25,2343.75,2062.5,0.0485,4500,2437.5,2062.5,,,,,,,,,,,,,,,,,,,,,,,,,,,,,,,,,,,,,,,,,,,,,,,,,,,,,,,,,,,,,,,,,,,,,,,,,,,,,,,,,,,,,,,,,,,,,,,,,,,,,,,,,,,,,,,,,,,,,,,,,,,,,,,,,,,,
GC-BCVI-KKWS-24-S324-T1-N,n,19,4,42,2,0.3907,5625,2437.5,3187.5,0.1491,5625,4125,1500,0.0466,5343.75,2437.5,2906.25,0.0423,4593.75,2531.25,2062.5,0.0671,3843.75,3000,843.75,,,,,,,,,,,,,,,,,,,,,,,,,,,,,,,,,,,,,,,,,,,,,,,,,,,,,,,,,,,,,,,,,,,,,,,,,,,,,,,,,,,,,,,,,,,,,,,,,,,,,,,,,,,,,,,,,,,,,,,,,,,,,,,,,,,,,,,,,,,,,,,,
GC-BCVI-KKWS-24-S362-T1-N,n,19,4,42,2,0.3753,5718.75,2343.75,3375,0.1318,5718.75,4125,1593.75,0.0392,3750,2343.75,1406.25,0.0492,4125,2625,1500,0.0593,3656.25,3000,656.25,,,,,,,,,,,,,,,,,,,,,,,,,,,,,,,,,,,,,,,,,,,,,,,,,,,,,,,,,,,,,,,,,,,,,,,,,,,,,,,,,,,,,,,,,,,,,,,,,,,,,,,,,,,,,,,,,,,,,,,,,,,,,,,,,,,,,,,,,,,,,,,,
GC-BCVI-KKWS-24-S263-T1-N,n,19,4,42,2,0.4081,6187.5,2531.25,3656.25,0.175,6187.5,4218.75,1968.75,0.0528,4875,2531.25,2343.75,0.0515,3843.75,2718.75,1125,0.0911,3843.75,3187.5,656.25,,,,,,,,,,,,,,,,,,,,,,,,,,,,,,,,,,,,,,,,,,,,,,,,,,,,,,,,,,,,,,,,,,,,,,,,,,,,,,,,,,,,,,,,,,,,,,,,,,,,,,,,,,,,,,,,,,,,,,,,,,,,,,,,,,,,,,,,,,,,,,,,
GC-BCVI-KKWS-24-S215-T1-N,n,19,4,42,2,0.3799,6000,2343.75,3656.25,0.1544,6000,3937.5,2062.5,0.0473,5062.5,2343.75,2718.75,0.0496,5156.25,2437.5,2718.75,0.0738,4875,3000,1875,,,,,,,,,,,,,,,,,,,,,,,,,,,,,,,,,,,,,,,,,,,,,,,,,,,,,,,,,,,,,,,,,,,,,,,,,,,,,,,,,,,,,,,,,,,,,,,,,,,,,,,,,,,,,,,,,,,,,,,,,,,,,,,,,,,,,,,,,,,,,,,,
GC-BCVI-KKWS-24-S348-T1-N,n,19,4,42,2,0.4047,5718.75,2343.75,3375,0.1429,5718.75,4125,1593.75,0.0432,3375,2343.75,1031.25,0.0385,4125,2437.5,1687.5,0.0815,4875,3000,1875,,,,,,,,,,,,,,,,,,,,,,,,,,,,,,,,,,,,,,,,,,,,,,,,,,,,,,,,,,,,,,,,,,,,,,,,,,,,,,,,,,,,,,,,,,,,,,,,,,,,,,,,,,,,,,,,,,,,,,,,,,,,,,,,,,,,,,,,,,,,,,,,
GC-BCVI-KKWS-24-S371-T1-N,n,19,4,42,2,0.3848,5531.25,2343.75,3187.5,0.1367,5531.25,3656.25,1875,0.0513,3468.75,2343.75,1125,0.046,3656.25,2718.75,937.5,0.0755,3656.25,3093.75,562.5,,,,,,,,,,,,,,,,,,,,,,,,,,,,,,,,,,,,,,,,,,,,,,,,,,,,,,,,,,,,,,,,,,,,,,,,,,,,,,,,,,,,,,,,,,,,,,,,,,,,,,,,,,,,,,,,,,,,,,,,,,,,,,,,,,,,,,,,,,,,,,,,
GC-BCVI-KKWS-24-S257-T21-N,o,19,3,42,2,0.4531,6656.25,2718.75,3937.5,0.2244,6656.25,2906.25,3750,0.088,4968.75,2906.25,2062.5,0.1092,4406.25,2718.75,1687.5,,,,,,,,,,,,,,,,,,,,,,,,,,,,,,,,,,,,,,,,,,,,,,,,,,,,,,,,,,,,,,,,,,,,,,,,,,,,,,,,,,,,,,,,,,,,,,,,,,,,,,,,,,,,,,,,,,,,,,,,,,,,,,,,,,,,,,,,,,,,,,,,,,,,
GC-BCVI-KKWS-24-S366-T21-N,o,19,3,42,2,0.4548,6093.75,2437.5,3656.25,0.2143,6093.75,3468.75,2625,0.092,5062.5,2437.5,2625,0.0878,4687.5,2437.5,2250,,,,,,,,,,,,,,,,,,,,,,,,,,,,,,,,,,,,,,,,,,,,,,,,,,,,,,,,,,,,,,,,,,,,,,,,,,,,,,,,,,,,,,,,,,,,,,,,,,,,,,,,,,,,,,,,,,,,,,,,,,,,,,,,,,,,,,,,,,,,,,,,,,,,
GC-BCVI-KKWS-24-S216-T21-N,o,19,3,42,2,0.4068,6750,2343.75,4406.25,0.1662,6750,4593.75,2156.25,0.0572,5062.5,2718.75,2343.75,0.0636,4781.25,2343.75,2437.5,,,,,,,,,,,,,,,,,,,,,,,,,,,,,,,,,,,,,,,,,,,,,,,,,,,,,,,,,,,,,,,,,,,,,,,,,,,,,,,,,,,,,,,,,,,,,,,,,,,,,,,,,,,,,,,,,,,,,,,,,,,,,,,,,,,,,,,,,,,,,,,,,,,,
GC-BCVI-KKWS-24-S250-T21-N,o,19,3,42,2,0.4064,6187.5,2812.5,3375,0.168,6187.5,3562.5,2625,0.0608,4781.25,2906.25,1875,0.0567,4687.5,2812.5,1875,,,,,,,,,,,,,,,,,,,,,,,,,,,,,,,,,,,,,,,,,,,,,,,,,,,,,,,,,,,,,,,,,,,,,,,,,,,,,,,,,,,,,,,,,,,,,,,,,,,,,,,,,,,,,,,,,,,,,,,,,,,,,,,,,,,,,,,,,,,,,,,,,,,,
GC-BCVI-KKWS-24-S229-T1-N,o,19,3,42,2,0.4564,6562.5,2625,3937.5,0.1867,6562.5,3468.75,3093.75,0.1139,4968.75,2718.75,2250,0.0992,4968.75,2625,2343.75,,,,,,,,,,,,,,,,,,,,,,,,,,,,,,,,,,,,,,,,,,,,,,,,,,,,,,,,,,,,,,,,,,,,,,,,,,,,,,,,,,,,,,,,,,,,,,,,,,,,,,,,,,,,,,,,,,,,,,,,,,,,,,,,,,,,,,,,,,,,,,,,,,,,
GC-BCVI-KKWS-24-S220-T21-N,o,19,3,42,2,0.3995,6937.5,2718.75,4218.75,0.1433,6937.5,3562.5,3375,0.0681,4500,2812.5,1687.5,0.0785,4875,2718.75,2156.25,,,,,,,,,,,,,,,,,,,,,,,,,,,,,,,,,,,,,,,,,,,,,,,,,,,,,,,,,,,,,,,,,,,,,,,,,,,,,,,,,,,,,,,,,,,,,,,,,,,,,,,,,,,,,,,,,,,,,,,,,,,,,,,,,,,,,,,,,,,,,,,,,,,,
GC-BCVI-KKWS-24-S293-T21-N,o,19,3,42,2,0.404,6937.5,2531.25,4406.25,0.1545,6937.5,4500,2437.5,0.0527,5156.25,2531.25,2625,0.0586,4687.5,2812.5,1875,,,,,,,,,,,,,,,,,,,,,,,,,,,,,,,,,,,,,,,,,,,,,,,,,,,,,,,,,,,,,,,,,,,,,,,,,,,,,,,,,,,,,,,,,,,,,,,,,,,,,,,,,,,,,,,,,,,,,,,,,,,,,,,,,,,,,,,,,,,,,,,,,,,,
GC-BCVI-KKWS-24-S282-T19-N,p,19,1,42,1,0.1787,6000,3093.75,2906.25,0.1787,6000,3093.75,2906.25,,,,,,,,,,,,,,,,,,,,,,,,,,,,,,,,,,,,,,,,,,,,,,,,,,,,,,,,,,,,,,,,,,,,,,,,,,,,,,,,,,,,,,,,,,,,,,,,,,,,,,,,,,,,,,,,,,,,,,,,,,,,,,,,,,,,,,,,,,,,,,,,,,,,,,,,,,,,
GC-BCVI-KKWS-24-S219-T40-N,p,19,4,42,4,0.7436,7125,3093.75,4031.25,0.1216,6375,3093.75,3281.25,0.0745,5343.75,3375,1968.75,0.1496,7125,5625,1500,0.1775,5250,3281.25,1968.75,,,,,,,,,,,,,,,,,,,,,,,,,,,,,,,,,,,,,,,,,,,,,,,,,,,,,,,,,,,,,,,,,,,,,,,,,,,,,,,,,,,,,,,,,,,,,,,,,,,,,,,,,,,,,,,,,,,,,,,,,,,,,,,,,,,,,,,,,,,,,,,,
GC-BCVI-KKWS-24-S374-T40-N,p,19,4,42,4,0.7328,7218.75,3000,4218.75,0.1319,6375,3000,3375,0.0995,5250,3468.75,1781.25,0.1639,7218.75,5531.25,1687.5,0.1723,5250,3187.5,2062.5,,,,,,,,,,,,,,,,,,,,,,,,,,,,,,,,,,,,,,,,,,,,,,,,,,,,,,,,,,,,,,,,,,,,,,,,,,,,,,,,,,,,,,,,,,,,,,,,,,,,,,,,,,,,,,,,,,,,,,,,,,,,,,,,,,,,,,,,,,,,,,,,
GC-BCVI-KKWS-24-S300-T40-N,p,19,4,42,4,0.7469,6937.5,2812.5,4125,0.1309,6375,3000,3375,0.0678,5250,3468.75,1781.25,0.1137,6937.5,5625,1312.5,0.1868,5437.5,2812.5,2625,,,,,,,,,,,,,,,,,,,,,,,,,,,,,,,,,,,,,,,,,,,,,,,,,,,,,,,,,,,,,,,,,,,,,,,,,,,,,,,,,,,,,,,,,,,,,,,,,,,,,,,,,,,,,,,,,,,,,,,,,,,,,,,,,,,,,,,,,,,,,,,,
GC-BCVI-KKWS-24-S252-T40-N,p,19,4,42,4,0.8111,7031.25,2250,4781.25,0.1339,6468.75,4500,1968.75,0.0787,5250,3281.25,1968.75,0.1308,7031.25,5343.75,1687.5,0.2069,5625,2250,3375,,,,,,,,,,,,,,,,,,,,,,,,,,,,,,,,,,,,,,,,,,,,,,,,,,,,,,,,,,,,,,,,,,,,,,,,,,,,,,,,,,,,,,,,,,,,,,,,,,,,,,,,,,,,,,,,,,,,,,,,,,,,,,,,,,,,,,,,,,,,,,,,
GC-BCVI-KKWS-24-S313-T40-N,p,19,4,42,4,0.7683,7218.75,2718.75,4500,0.1378,6093.75,3000,3093.75,0.0848,4875,2812.5,2062.5,0.1584,7218.75,5625,1593.75,0.2075,5437.5,2718.75,2718.75,,,,,,,,,,,,,,,,,,,,,,,,,,,,,,,,,,,,,,,,,,,,,,,,,,,,,,,,,,,,,,,,,,,,,,,,,,,,,,,,,,,,,,,,,,,,,,,,,,,,,,,,,,,,,,,,,,,,,,,,,,,,,,,,,,,,,,,,,,,,,,,,
GC-BCVI-KKWS-24-S350-T40-N,p,19,4,42,4,0.7682,7031.25,2625,4406.25,0.1266,6375,3281.25,3093.75,0.0894,5062.5,2906.25,2156.25,0.1279,7031.25,5437.5,1593.75,0.1759,5531.25,2625,2906.25,,,,,,,,,,,,,,,,,,,,,,,,,,,,,,,,,,,,,,,,,,,,,,,,,,,,,,,,,,,,,,,,,,,,,,,,,,,,,,,,,,,,,,,,,,,,,,,,,,,,,,,,,,,,,,,,,,,,,,,,,,,,,,,,,,,,,,,,,,,,,,,,
GC-BCVI-KKWS-24-S266-T21-N,q,19,3,42,2,0.3937,6562.5,4218.75,2343.75,0.1802,6000,4312.5,1687.5,0.0753,6562.5,4218.75,2343.75,0.0771,6375,4875,1500,,,,,,,,,,,,,,,,,,,,,,,,,,,,,,,,,,,,,,,,,,,,,,,,,,,,,,,,,,,,,,,,,,,,,,,,,,,,,,,,,,,,,,,,,,,,,,,,,,,,,,,,,,,,,,,,,,,,,,,,,,,,,,,,,,,,,,,,,,,,,,,,,,,,
GC-BCVI-KKWS-24-S280-T30-N,q,19,10,42,6,1.6336,7875,2156.25,5718.75,0.1925,6093.75,3093.75,3000,0.0806,6656.25,4312.5,2343.75,0.1099,6187.5,4875,1312.5,0.2152,7875,2250,5625,0.048,4968.75,3750,1218.75,0.0473,5343.75,3843.75,1500,0.052,5625,3750,1875,0.062,5718.75,3562.5,2156.25,0.1286,5156.25,2156.25,3000,0.2385,5625,4218.75,1406.25,,,,,,,,,,,,,,,,,,,,,,,,,,,,,,,,,,,,,,,,,,,,,,,,,,,,,,,,,,,,,,,,,,,,,,,,,,,,,,,,,,,,,,,,,,,,,,,,,,,,,,,,,,,,,,,,,,,,,,,,
GC-BCVI-KKWS-24-S243-T30-N,q,19,9,42,5,1.1791,6656.25,2156.25,4500,0.1859,6000,3468.75,2531.25,0.0717,6656.25,5062.5,1593.75,0.0741,6468.75,4687.5,1781.25,0.1173,4875,2531.25,2343.75,0.0437,5062.5,3468.75,1593.75,0.0432,6281.25,3937.5,2343.75,0.0442,6281.25,3937.5,2343.75,0.0645,6281.25,3750,2531.25,0.1053,5343.75,2156.25,3187.5,,,,,,,,,,,,,,,,,,,,,,,,,,,,,,,,,,,,,,,,,,,,,,,,,,,,,,,,,,,,,,,,,,,,,,,,,,,,,,,,,,,,,,,,,,,,,,,,,,,,,,,,,,,,,,,,,,,,,,,,,,,,
GC-BCVI-KKWS-24-S291-T30-N,q,19,9,42,5,1.1688,6562.5,2156.25,4406.25,0.1529,6375,4125,2250,0.0765,6562.5,4781.25,1781.25,0.1153,6468.75,4125,2343.75,0.1283,3937.5,2437.5,1500,0.0432,5156.25,4218.75,937.5,0.0362,5437.5,3656.25,1781.25,0.0427,5437.5,3937.5,1500,0.0519,5343.75,3750,1593.75,0.1216,4875,2156.25,2718.75,,,,,,,,,,,,,,,,,,,,,,,,,,,,,,,,,,,,,,,,,,,,,,,,,,,,,,,,,,,,,,,,,,,,,,,,,,,,,,,,,,,,,,,,,,,,,,,,,,,,,,,,,,,,,,,,,,,,,,,,,,,,
GC-BCVI-KKWS-24-S247-T30-N,q,19,9,42,5,1.2674,6375,2062.5,4312.5,0.2066,6000,4031.25,1968.75,0.0803,6281.25,4031.25,2250,0.1069,6375,4687.5,1687.5,0.1392,3937.5,2812.5,1125,0.0455,5250,3562.5,1687.5,0.0527,5625,3937.5,1687.5,0.0509,5250,3937.5,1312.5,0.0715,5718.75,3468.75,2250,0.1209,4312.5,2062.5,2250,,,,,,,,,,,,,,,,,,,,,,,,,,,,,,,,,,,,,,,,,,,,,,,,,,,,,,,,,,,,,,,,,,,,,,,,,,,,,,,,,,,,,,,,,,,,,,,,,,,,,,,,,,,,,,,,,,,,,,,,,,,,
GC-BCVI-KKWS-24-S332-T1-N,r,19,5,42,2,0.4821,9187.5,2343.75,6843.75,0.1952,9187.5,4781.25,4406.25,0.0499,3281.25,2343.75,937.5,0.055,3843.75,2343.75,1500,0.053,3937.5,2812.5,1125,0.0711,3750,2625,1125,,,,,,,,,,,,,,,,,,,,,,,,,,,,,,,,,,,,,,,,,,,,,,,,,,,,,,,,,,,,,,,,,,,,,,,,,,,,,,,,,,,,,,,,,,,,,,,,,,,,,,,,,,,,,,,,,,,,,,,,,,,,,,,,,,,,,,,,,,,,
GC-BCVI-KKWS-24-S339-T1-N,r,19,5,42,2,0.4777,9000,2718.75,6281.25,0.2309,9000,4500,4500,0.0502,3468.75,2718.75,750,0.0503,3656.25,3000,656.25,0.0456,3656.25,3093.75,562.5,0.0897,3562.5,3093.75,468.75,,,,,,,,,,,,,,,,,,,,,,,,,,,,,,,,,,,,,,,,,,,,,,,,,,,,,,,,,,,,,,,,,,,,,,,,,,,,,,,,,,,,,,,,,,,,,,,,,,,,,,,,,,,,,,,,,,,,,,,,,,,,,,,,,,,,,,,,,,,,
GC-BCVI-KKWS-24-S287-T1-N,r,19,6,42,2,0.5172,8812.5,2718.75,6093.75,0.1837,8812.5,4500,4312.5,0.0486,4125,3000,1125,0.0548,3750,3000,750,0.05,3656.25,3093.75,562.5,0.0595,3562.5,3093.75,468.75,0.0667,3656.25,2718.75,937.5,,,,,,,,,,,,,,,,,,,,,,,,,,,,,,,,,,,,,,,,,,,,,,,,,,,,,,,,,,,,,,,,,,,,,,,,,,,,,,,,,,,,,,,,,,,,,,,,,,,,,,,,,,,,,,,,,,,,,,,,,,,,,,,,,,,,,,,,
GC-BCVI-KKWS-24-S299-T1-N,r,19,5,42,2,0.4317,8906.25,2250,6656.25,0.1648,8906.25,4875,4031.25,0.0483,3093.75,2437.5,656.25,0.0463,3656.25,2250,1406.25,0.0527,3656.25,3187.5,468.75,0.0559,3562.5,3093.75,468.75,,,,,,,,,,,,,,,,,,,,,,,,,,,,,,,,,,,,,,,,,,,,,,,,,,,,,,,,,,,,,,,,,,,,,,,,,,,,,,,,,,,,,,,,,,,,,,,,,,,,,,,,,,,,,,,,,,,,,,,,,,,,,,,,,,,,,,,,,,,,
GC-BCVI-KKWS-24-S207-T19-N,s,19,1,42,1,0.1644,5625,3656.25,1968.75,0.1645,5625,3656.25,1968.75,,,,,,,,,,,,,,,,,,,,,,,,,,,,,,,,,,,,,,,,,,,,,,,,,,,,,,,,,,,,,,,,,,,,,,,,,,,,,,,,,,,,,,,,,,,,,,,,,,,,,,,,,,,,,,,,,,,,,,,,,,,,,,,,,,,,,,,,,,,,,,,,,,,,,,,,,,,,
GC-BCVI-KMGS-24-S236-T37-N,a,19,4,41,2,0.5092,6187.5,3281.25,2906.25,0.0665,4875,3281.25,1593.75,0.0623,5062.5,4593.75,468.75,0.06,4875,4500,375,0.1469,6187.5,3375,2812.5,,,,,,,,,,,,,,,,,,,,,,,,,,,,,,,,,,,,,,,,,,,,,,,,,,,,,,,,,,,,,,,,,,,,,,,,,,,,,,,,,,,,,,,,,,,,,,,,,,,,,,,,,,,,,,,,,,,,,,,,,,,,,,,,,,,,,,,,,,,,,,,,
GC-BCVI-KMGS-24-S56-T33-N,a,19,5,41,3,0.6804,6281.25,2625,3656.25,0.0629,6000,2718.75,3281.25,0.0656,6000,4687.5,1312.5,0.0746,5906.25,4687.5,1218.75,0.0973,3656.25,2625,1031.25,0.2211,6281.25,4312.5,1968.75,,,,,,,,,,,,,,,,,,,,,,,,,,,,,,,,,,,,,,,,,,,,,,,,,,,,,,,,,,,,,,,,,,,,,,,,,,,,,,,,,,,,,,,,,,,,,,,,,,,,,,,,,,,,,,,,,,,,,,,,,,,,,,,,,,,,,,,,,,,,
GC-BCVI-KMGS-24-S54-T20-N,a,19,5,41,3,0.6982,6375,2343.75,4031.25,0.0534,6375,3000,3375,0.0554,6093.75,5250,843.75,0.0581,6000,5250,750,0.0981,4593.75,2343.75,2250,0.2163,5906.25,4031.25,1875,,,,,,,,,,,,,,,,,,,,,,,,,,,,,,,,,,,,,,,,,,,,,,,,,,,,,,,,,,,,,,,,,,,,,,,,,,,,,,,,,,,,,,,,,,,,,,,,,,,,,,,,,,,,,,,,,,,,,,,,,,,,,,,,,,,,,,,,,,,,
GC-BCVI-KMGS-24-S2-T1-N,b,19,4,41,2,0.4703,6281.25,2812.5,3468.75,0.0672,6281.25,2812.5,3468.75,0.0753,4968.75,3375,1593.75,0.0667,4781.25,3468.75,1312.5,0.0775,4781.25,2906.25,1875,,,,,,,,,,,,,,,,,,,,,,,,,,,,,,,,,,,,,,,,,,,,,,,,,,,,,,,,,,,,,,,,,,,,,,,,,,,,,,,,,,,,,,,,,,,,,,,,,,,,,,,,,,,,,,,,,,,,,,,,,,,,,,,,,,,,,,,,,,,,,,,,
GC-BCVI-KMGS-24-S10-T1-N,b,19,4,41,2,0.5212,6281.25,3375,2906.25,0.0805,6281.25,5437.5,843.75,0.0751,5531.25,3656.25,1875,0.0691,5156.25,3375,1781.25,0.0877,6187.5,3468.75,2718.75,,,,,,,,,,,,,,,,,,,,,,,,,,,,,,,,,,,,,,,,,,,,,,,,,,,,,,,,,,,,,,,,,,,,,,,,,,,,,,,,,,,,,,,,,,,,,,,,,,,,,,,,,,,,,,,,,,,,,,,,,,,,,,,,,,,,,,,,,,,,,,,,
GC-BCVI-KMGS-24-S8-T1-N,b,19,4,41,2,0.4762,6281.25,3093.75,3187.5,0.1191,6281.25,5062.5,1218.75,0.0832,4968.75,3187.5,1781.25,0.0882,4875,3281.25,1593.75,0.0844,4875,3093.75,1781.25,,,,,,,,,,,,,,,,,,,,,,,,,,,,,,,,,,,,,,,,,,,,,,,,,,,,,,,,,,,,,,,,,,,,,,,,,,,,,,,,,,,,,,,,,,,,,,,,,,,,,,,,,,,,,,,,,,,,,,,,,,,,,,,,,,,,,,,,,,,,,,,,
GC-BCVI-KMGS-24-S58-T15-N,b,19,3,41,1,0.2369,4968.75,3093.75,1875,0.0713,4968.75,3375,1593.75,0.0716,4875,3093.75,1781.25,0.0721,4593.75,3562.5,1031.25,,,,,,,,,,,,,,,,,,,,,,,,,,,,,,,,,,,,,,,,,,,,,,,,,,,,,,,,,,,,,,,,,,,,,,,,,,,,,,,,,,,,,,,,,,,,,,,,,,,,,,,,,,,,,,,,,,,,,,,,,,,,,,,,,,,,,,,,,,,,,,,,,,,,
GC-BCVI-KMGS-24-S188-T1-N,b,19,4,41,2,0.4508,6281.25,3187.5,3093.75,0.1419,6281.25,3468.75,2812.5,0.0801,4968.75,3468.75,1500,0.0718,4593.75,3187.5,1406.25,0.0931,4781.25,3375,1406.25,,,,,,,,,,,,,,,,,,,,,,,,,,,,,,,,,,,,,,,,,,,,,,,,,,,,,,,,,,,,,,,,,,,,,,,,,,,,,,,,,,,,,,,,,,,,,,,,,,,,,,,,,,,,,,,,,,,,,,,,,,,,,,,,,,,,,,,,,,,,,,,,
GC-BCVI-KMGS-24-S165-T1-N,b,19,4,41,2,0.4707,6281.25,3468.75,2812.5,0.1696,6281.25,4406.25,1875,0.0743,4875,3468.75,1406.25,0.0753,4687.5,3468.75,1218.75,0.0837,4500,3468.75,1031.25,,,,,,,,,,,,,,,,,,,,,,,,,,,,,,,,,,,,,,,,,,,,,,,,,,,,,,,,,,,,,,,,,,,,,,,,,,,,,,,,,,,,,,,,,,,,,,,,,,,,,,,,,,,,,,,,,,,,,,,,,,,,,,,,,,,,,,,,,,,,,,,,
GC-BCVI-KMGS-24-S1-T1-N,b,19,4,41,2,0.4561,6187.5,3281.25,2906.25,0.1018,6187.5,5343.75,843.75,0.0758,4687.5,3468.75,1218.75,0.0836,4593.75,3281.25,1312.5,0.0833,4593.75,3375,1218.75,,,,,,,,,,,,,,,,,,,,,,,,,,,,,,,,,,,,,,,,,,,,,,,,,,,,,,,,,,,,,,,,,,,,,,,,,,,,,,,,,,,,,,,,,,,,,,,,,,,,,,,,,,,,,,,,,,,,,,,,,,,,,,,,,,,,,,,,,,,,,,,,
GC-BCVI-KMGS-24-S126-T16-N,c,19,5,41,4,0.6088,6000,2250,3750,0.2092,6000,4406.25,1593.75,0.0973,5718.75,2718.75,3000,0.0671,5625,3281.25,2343.75,0.0626,3093.75,2437.5,656.25,0.0706,3187.5,2250,937.5,,,,,,,,,,,,,,,,,,,,,,,,,,,,,,,,,,,,,,,,,,,,,,,,,,,,,,,,,,,,,,,,,,,,,,,,,,,,,,,,,,,,,,,,,,,,,,,,,,,,,,,,,,,,,,,,,,,,,,,,,,,,,,,,,,,,,,,,,,,,
GC-BCVI-KMGS-24-S64-T33-N,c,19,5,41,4,0.5797,6656.25,2156.25,4500,0.2158,6656.25,3937.5,2718.75,0.1139,5812.5,2906.25,2906.25,0.0726,5718.75,3187.5,2531.25,0.0597,3093.75,2250,843.75,0.0645,2906.25,2156.25,750,,,,,,,,,,,,,,,,,,,,,,,,,,,,,,,,,,,,,,,,,,,,,,,,,,,,,,,,,,,,,,,,,,,,,,,,,,,,,,,,,,,,,,,,,,,,,,,,,,,,,,,,,,,,,,,,,,,,,,,,,,,,,,,,,,,,,,,,,,,,
GC-BCVI-KMGS-24-S84-T16-N,c,19,5,41,4,0.6312,7031.25,2156.25,4875,0.2147,6187.5,3937.5,2250,0.1128,7031.25,2812.5,4218.75,0.0801,5812.5,3281.25,2531.25,0.0567,3468.75,2250,1218.75,0.0648,3281.25,2156.25,1125,,,,,,,,,,,,,,,,,,,,,,,,,,,,,,,,,,,,,,,,,,,,,,,,,,,,,,,,,,,,,,,,,,,,,,,,,,,,,,,,,,,,,,,,,,,,,,,,,,,,,,,,,,,,,,,,,,,,,,,,,,,,,,,,,,,,,,,,,,,,
GC-BCVI-KMGS-24-S155-T16-N,c,19,5,41,4,0.619,6093.75,2156.25,3937.5,0.2416,6093.75,4031.25,2062.5,0.0871,5437.5,3000,2437.5,0.0663,5718.75,3468.75,2250,0.0552,3375,2250,1125,0.0628,3000,2156.25,843.75,,,,,,,,,,,,,,,,,,,,,,,,,,,,,,,,,,,,,,,,,,,,,,,,,,,,,,,,,,,,,,,,,,,,,,,,,,,,,,,,,,,,,,,,,,,,,,,,,,,,,,,,,,,,,,,,,,,,,,,,,,,,,,,,,,,,,,,,,,,,
GC-BCVI-KMGS-24-S207-T16-N,c,19,5,41,4,0.6144,6750,2343.75,4406.25,0.2327,6750,4312.5,2437.5,0.1032,5906.25,3000,2906.25,0.0816,5906.25,3000,2906.25,0.0608,3093.75,2343.75,750,0.0773,3656.25,2343.75,1312.5,,,,,,,,,,,,,,,,,,,,,,,,,,,,,,,,,,,,,,,,,,,,,,,,,,,,,,,,,,,,,,,,,,,,,,,,,,,,,,,,,,,,,,,,,,,,,,,,,,,,,,,,,,,,,,,,,,,,,,,,,,,,,,,,,,,,,,,,,,,,
GC-BCVI-KMGS-24-S145-T16-N,c,19,5,41,4,0.5821,6000,2156.25,3843.75,0.2186,6000,4500,1500,0.1024,5625,2906.25,2718.75,0.0849,5531.25,3375,2156.25,0.0699,3468.75,2250,1218.75,0.0793,2906.25,2156.25,750,,,,,,,,,,,,,,,,,,,,,,,,,,,,,,,,,,,,,,,,,,,,,,,,,,,,,,,,,,,,,,,,,,,,,,,,,,,,,,,,,,,,,,,,,,,,,,,,,,,,,,,,,,,,,,,,,,,,,,,,,,,,,,,,,,,,,,,,,,,,
GC-BCVI-KMGS-24-S95-T16-N,c,19,5,41,4,0.6263,6375,2625,3750,0.2128,6375,4218.75,2156.25,0.095,5531.25,2812.5,2718.75,0.075,5812.5,3187.5,2625,0.0619,3000,2625,375,0.0699,2906.25,2625,281.25,,,,,,,,,,,,,,,,,,,,,,,,,,,,,,,,,,,,,,,,,,,,,,,,,,,,,,,,,,,,,,,,,,,,,,,,,,,,,,,,,,,,,,,,,,,,,,,,,,,,,,,,,,,,,,,,,,,,,,,,,,,,,,,,,,,,,,,,,,,,
GC-BCVI-KMGS-24-S70-T5-N,d,19,8,41,4,0.9601,7500,2156.25,5343.75,0.0615,5625,4593.75,1031.25,0.054,5531.25,4687.5,843.75,0.0856,5343.75,4500,843.75,0.0777,3937.5,2718.75,1218.75,0.0881,3468.75,2625,843.75,0.0771,3468.75,2437.5,1031.25,0.1493,7500,2156.25,5343.75,0.0856,7500,6000,1500,,,,,,,,,,,,,,,,,,,,,,,,,,,,,,,,,,,,,,,,,,,,,,,,,,,,,,,,,,,,,,,,,,,,,,,,,,,,,,,,,,,,,,,,,,,,,,,,,,,,,,,,,,,,,,,,,,,,,,,,,,,,,,,,
GC-BCVI-KMGS-24-S86-T2-N,e,19,8,41,3,0.6101,6093.75,2437.5,3656.25,0.0428,5718.75,4781.25,937.5,0.0414,4968.75,4500,468.75,0.0414,4968.75,4406.25,562.5,0.0423,4875,4312.5,562.5,0.0414,4500,4125,375,0.0711,3656.25,3281.25,375,0.0684,3562.5,3187.5,375,0.1235,6093.75,2437.5,3656.25,,,,,,,,,,,,,,,,,,,,,,,,,,,,,,,,,,,,,,,,,,,,,,,,,,,,,,,,,,,,,,,,,,,,,,,,,,,,,,,,,,,,,,,,,,,,,,,,,,,,,,,,,,,,,,,,,,,,,,,,,,,,,,,,
GC-BCVI-KMGS-24-S149-T42-N,e,19,10,41,5,0.7747,6093.75,2625,3468.75,0.094,6093.75,3562.5,2531.25,0.0418,5625,4500,1125,0.0423,5156.25,4406.25,750,0.039,4781.25,4406.25,375,0.0442,4781.25,4218.75,562.5,0.0483,4500,4312.5,187.5,0.0769,3468.75,3093.75,375,0.0711,3468.75,3093.75,375,0.1243,4687.5,2625,2062.5,,,,,,,,,,,,,,,,,,,,,,,,,,,,,,,,,,,,,,,,,,,,,,,,,,,,,,,,,,,,,,,,,,,,,,,,,,,,,,,,,,,,,,,,,,,,,,,,,,,,,,,,,,,,,,,,,,,,,,,,,,,,
GC-BCVI-KMGS-24-S132-T42-N,e,19,8,41,4,0.5783,5437.5,2718.75,2718.75,0.0405,5437.5,4312.5,1125,0.0373,5062.5,4500,562.5,0.0436,4875,4406.25,468.75,0.0373,4781.25,4406.25,375,0.0613,4968.75,4031.25,937.5,0.0653,3468.75,3000,468.75,0.0791,3562.5,3000,562.5,0.1606,4500,2718.75,1781.25,,,,,,,,,,,,,,,,,,,,,,,,,,,,,,,,,,,,,,,,,,,,,,,,,,,,,,,,,,,,,,,,,,,,,,,,,,,,,,,,,,,,,,,,,,,,,,,,,,,,,,,,,,,,,,,,,,,,,,,,,,,,,,,,
GC-BCVI-KMGS-24-S139-T42-N,e,19,8,41,4,0.5954,5437.5,2156.25,3281.25,0.0436,5437.5,5062.5,375,0.0422,5062.5,4687.5,375,0.0404,5062.5,2343.75,2718.75,0.0454,4968.75,4500,468.75,0.0549,4687.5,2156.25,2531.25,0.0735,3562.5,3000,562.5,0.0676,3468.75,2812.5,656.25,0.1529,5437.5,2812.5,2625,,,,,,,,,,,,,,,,,,,,,,,,,,,,,,,,,,,,,,,,,,,,,,,,,,,,,,,,,,,,,,,,,,,,,,,,,,,,,,,,,,,,,,,,,,,,,,,,,,,,,,,,,,,,,,,,,,,,,,,,,,,,,,,,
GC-BCVI-KMGS-24-S103-T7-N,f,19,3,41,3,0.4518,6656.25,3187.5,3468.75,0.1068,6656.25,3187.5,3468.75,0.0623,4968.75,3468.75,1500,0.1207,6562.5,4875,1687.5,,,,,,,,,,,,,,,,,,,,,,,,,,,,,,,,,,,,,,,,,,,,,,,,,,,,,,,,,,,,,,,,,,,,,,,,,,,,,,,,,,,,,,,,,,,,,,,,,,,,,,,,,,,,,,,,,,,,,,,,,,,,,,,,,,,,,,,,,,,,,,,,,,,,
GC-BCVI-KMGS-24-S262-T20-N,f,19,5,41,3,0.662,5625,2437.5,3187.5,0.0613,5437.5,3000,2437.5,0.0649,5625,4218.75,1406.25,0.0634,4687.5,4031.25,656.25,0.0904,4218.75,2437.5,1781.25,0.1914,5531.25,4218.75,1312.5,,,,,,,,,,,,,,,,,,,,,,,,,,,,,,,,,,,,,,,,,,,,,,,,,,,,,,,,,,,,,,,,,,,,,,,,,,,,,,,,,,,,,,,,,,,,,,,,,,,,,,,,,,,,,,,,,,,,,,,,,,,,,,,,,,,,,,,,,,,,
GC-BCVI-KMGS-24-S204-T7-N,f,19,3,41,3,0.4039,6468.75,2812.5,3656.25,0.1064,6468.75,4687.5,1781.25,0.0702,4687.5,2812.5,1875,0.1197,6375,4875,1500,,,,,,,,,,,,,,,,,,,,,,,,,,,,,,,,,,,,,,,,,,,,,,,,,,,,,,,,,,,,,,,,,,,,,,,,,,,,,,,,,,,,,,,,,,,,,,,,,,,,,,,,,,,,,,,,,,,,,,,,,,,,,,,,,,,,,,,,,,,,,,,,,,,,
GC-BCVI-KMGS-24-S111-T7-N,f,19,3,41,3,0.4843,8062.5,2812.5,5250,0.098,6093.75,3187.5,2906.25,0.0887,4781.25,2812.5,1968.75,0.1728,8062.5,4875,3187.5,,,,,,,,,,,,,,,,,,,,,,,,,,,,,,,,,,,,,,,,,,,,,,,,,,,,,,,,,,,,,,,,,,,,,,,,,,,,,,,,,,,,,,,,,,,,,,,,,,,,,,,,,,,,,,,,,,,,,,,,,,,,,,,,,,,,,,,,,,,,,,,,,,,,
GC-BCVI-KMGS-24-S122-T7-N,g,19,8,41,2,0.4901,5531.25,2156.25,3375,0.0903,5531.25,5156.25,375,0.0662,5343.75,4968.75,375,0.0361,3187.5,2156.25,1031.25,0.0359,3093.75,2531.25,562.5,0.0401,3375,2812.5,562.5,0.0478,3562.5,2906.25,656.25,0.0439,3843.75,2906.25,937.5,0.0459,3937.5,3843.75,93.75,,,,,,,,,,,,,,,,,,,,,,,,,,,,,,,,,,,,,,,,,,,,,,,,,,,,,,,,,,,,,,,,,,,,,,,,,,,,,,,,,,,,,,,,,,,,,,,,,,,,,,,,,,,,,,,,,,,,,,,,,,,,,,,,
GC-BCVI-KMGS-24-S151-T7-N,g,19,8,41,2,0.5646,7312.5,2156.25,5156.25,0.1256,7312.5,4312.5,3000,0.0904,5343.75,4875,468.75,0.0511,5250,2156.25,3093.75,0.0464,3093.75,2531.25,562.5,0.0434,3375,2718.75,656.25,0.0476,3562.5,3093.75,468.75,0.0453,3750,3468.75,281.25,0.0651,3937.5,3562.5,375,,,,,,,,,,,,,,,,,,,,,,,,,,,,,,,,,,,,,,,,,,,,,,,,,,,,,,,,,,,,,,,,,,,,,,,,,,,,,,,,,,,,,,,,,,,,,,,,,,,,,,,,,,,,,,,,,,,,,,,,,,,,,,,,
GC-BCVI-KMGS-24-S146-T7-N,g,19,8,41,2,0.4982,5437.5,2156.25,3281.25,0.087,5437.5,3562.5,1875,0.0993,5156.25,4875,281.25,0.0368,5156.25,2156.25,3000,0.0469,3093.75,2531.25,562.5,0.0463,3281.25,3000,281.25,0.0418,3468.75,3187.5,281.25,0.0446,3750,3468.75,281.25,0.0493,3937.5,3656.25,281.25,,,,,,,,,,,,,,,,,,,,,,,,,,,,,,,,,,,,,,,,,,,,,,,,,,,,,,,,,,,,,,,,,,,,,,,,,,,,,,,,,,,,,,,,,,,,,,,,,,,,,,,,,,,,,,,,,,,,,,,,,,,,,,,,
GC-BCVI-KMGS-24-S130-T7-N,g,19,8,41,2,0.4996,5437.5,2250,3187.5,0.0899,5437.5,5156.25,281.25,0.0994,5437.5,2625,2812.5,0.0306,2625,2250,375,0.0401,3093.75,2625,468.75,0.0414,3375,3000,375,0.0479,3562.5,3281.25,281.25,0.0426,3937.5,3468.75,468.75,0.0488,4125,3468.75,656.25,,,,,,,,,,,,,,,,,,,,,,,,,,,,,,,,,,,,,,,,,,,,,,,,,,,,,,,,,,,,,,,,,,,,,,,,,,,,,,,,,,,,,,,,,,,,,,,,,,,,,,,,,,,,,,,,,,,,,,,,,,,,,,,,
GC-BCVI-KMGS-24-S138-T17-N,h,19,1,41,1,0.2513,5343.75,4218.75,1125,0.2513,5343.75,4218.75,1125,,,,,,,,,,,,,,,,,,,,,,,,,,,,,,,,,,,,,,,,,,,,,,,,,,,,,,,,,,,,,,,,,,,,,,,,,,,,,,,,,,,,,,,,,,,,,,,,,,,,,,,,,,,,,,,,,,,,,,,,,,,,,,,,,,,,,,,,,,,,,,,,,,,,,,,,,,,,
GC-BCVI-KMGS-24-S208-T17-N,h,19,1,41,1,0.1912,5156.25,3843.75,1312.5,0.1912,5156.25,3843.75,1312.5,,,,,,,,,,,,,,,,,,,,,,,,,,,,,,,,,,,,,,,,,,,,,,,,,,,,,,,,,,,,,,,,,,,,,,,,,,,,,,,,,,,,,,,,,,,,,,,,,,,,,,,,,,,,,,,,,,,,,,,,,,,,,,,,,,,,,,,,,,,,,,,,,,,,,,,,,,,,
GC-BCVI-KMGS-24-S19-T19-N,h,19,1,41,1,0.2101,7781.25,3187.5,4593.75,0.2101,7781.25,3187.5,4593.75,,,,,,,,,,,,,,,,,,,,,,,,,,,,,,,,,,,,,,,,,,,,,,,,,,,,,,,,,,,,,,,,,,,,,,,,,,,,,,,,,,,,,,,,,,,,,,,,,,,,,,,,,,,,,,,,,,,,,,,,,,,,,,,,,,,,,,,,,,,,,,,,,,,,,,,,,,,,
GC-BCVI-KMGS-24-S152-T17-N,i,19,1,41,1,0.2822,7218.75,3468.75,3750,0.2822,7218.75,3468.75,3750,,,,,,,,,,,,,,,,,,,,,,,,,,,,,,,,,,,,,,,,,,,,,,,,,,,,,,,,,,,,,,,,,,,,,,,,,,,,,,,,,,,,,,,,,,,,,,,,,,,,,,,,,,,,,,,,,,,,,,,,,,,,,,,,,,,,,,,,,,,,,,,,,,,,,,,,,,,,
GC-BCVI-KMGS-24-S154-T12-N,j,19,8,41,3,0.7674,6281.25,2062.5,4218.75,0.1024,6281.25,3656.25,2625,0.0409,5156.25,4312.5,843.75,0.0391,5062.5,4968.75,93.75,0.0449,4875,4406.25,468.75,0.0449,4875,4312.5,562.5,0.0503,4593.75,3562.5,1031.25,0.0382,4687.5,3750,937.5,0.2077,3937.5,2062.5,1875,,,,,,,,,,,,,,,,,,,,,,,,,,,,,,,,,,,,,,,,,,,,,,,,,,,,,,,,,,,,,,,,,,,,,,,,,,,,,,,,,,,,,,,,,,,,,,,,,,,,,,,,,,,,,,,,,,,,,,,,,,,,,,,,
GC-BCVI-KMGS-24-S163-T30-N,k,19,6,41,4,0.7142,6187.5,2062.5,4125,0.1067,6187.5,4031.25,2156.25,0.0796,4968.75,2062.5,2906.25,0.1432,5156.25,3000,2156.25,0.0677,5437.5,3468.75,1968.75,0.063,6187.5,3468.75,2718.75,0.0672,6187.5,4125,2062.5,,,,,,,,,,,,,,,,,,,,,,,,,,,,,,,,,,,,,,,,,,,,,,,,,,,,,,,,,,,,,,,,,,,,,,,,,,,,,,,,,,,,,,,,,,,,,,,,,,,,,,,,,,,,,,,,,,,,,,,,,,,,,,,,,,,,,,,,
GC-BCVI-KMGS-24-S37-T16-N,l,19,9,41,4,1.0506,8343.75,2625,5718.75,0.1013,8343.75,6093.75,2250,0.0421,3562.5,3281.25,281.25,0.0483,3750,3093.75,656.25,0.0542,3656.25,2625,1031.25,0.0492,3750,2718.75,1031.25,0.1835,7125,5250,1875,0.0649,4031.25,2718.75,1312.5,0.0646,4031.25,2718.75,1312.5,0.0627,3937.5,2718.75,1218.75,,,,,,,,,,,,,,,,,,,,,,,,,,,,,,,,,,,,,,,,,,,,,,,,,,,,,,,,,,,,,,,,,,,,,,,,,,,,,,,,,,,,,,,,,,,,,,,,,,,,,,,,,,,,,,,,,,,,,,,,,,,,
GC-BCVI-KMGS-24-S21-T40-N,t,19,8,41,4,1.0623,7875,1968.75,5906.25,0.1006,7875,6750,1125,0.1429,6000,4125,1875,0.0416,4781.25,2812.5,1968.75,0.0466,4593.75,2718.75,1875,0.1832,6562.5,4312.5,2250,0.0617,3937.5,2531.25,1406.25,0.0712,3562.5,1968.75,1593.75,0.0837,3750,2156.25,1593.75,,,,,,,,,,,,,,,,,,,,,,,,,,,,,,,,,,,,,,,,,,,,,,,,,,,,,,,,,,,,,,,,,,,,,,,,,,,,,,,,,,,,,,,,,,,,,,,,,,,,,,,,,,,,,,,,,,,,,,,,,,,,,,,,
GC-BCVI-KMGS-24-S232-T30-N,l,19,9,41,4,0.9548,8343.75,2625,5718.75,0.1282,8343.75,2906.25,5437.5,0.0519,3656.25,3093.75,562.5,0.0421,3750,2718.75,1031.25,0.0489,3562.5,2718.75,843.75,0.0607,3281.25,2625,656.25,0.209,7125,4781.25,2343.75,0.0664,4125,2906.25,1218.75,0.0727,4125,2625,1500,0.0719,4031.25,2625,1406.25,,,,,,,,,,,,,,,,,,,,,,,,,,,,,,,,,,,,,,,,,,,,,,,,,,,,,,,,,,,,,,,,,,,,,,,,,,,,,,,,,,,,,,,,,,,,,,,,,,,,,,,,,,,,,,,,,,,,,,,,,,,,
GC-BCVI-KMGS-24-S175-T1-N,l,19,4,41,2,0.4664,7312.5,2625,4687.5,0.2104,7312.5,5250,2062.5,0.0647,3843.75,2812.5,1031.25,0.0655,3937.5,2625,1312.5,0.0901,3937.5,2625,1312.5,,,,,,,,,,,,,,,,,,,,,,,,,,,,,,,,,,,,,,,,,,,,,,,,,,,,,,,,,,,,,,,,,,,,,,,,,,,,,,,,,,,,,,,,,,,,,,,,,,,,,,,,,,,,,,,,,,,,,,,,,,,,,,,,,,,,,,,,,,,,,,,,
GC-BCVI-KMGS-24-S20-T16-N,l,19,9,41,4,1.0045,8156.25,2718.75,5437.5,0.1179,8156.25,6937.5,1218.75,0.0468,3750,3093.75,656.25,0.041,3750,2718.75,1031.25,0.0464,3937.5,2812.5,1125,0.054,3750,2718.75,1031.25,0.1864,7218.75,4875,2343.75,0.0662,4218.75,2718.75,1500,0.0662,4125,2718.75,1406.25,0.0681,4031.25,2718.75,1312.5,,,,,,,,,,,,,,,,,,,,,,,,,,,,,,,,,,,,,,,,,,,,,,,,,,,,,,,,,,,,,,,,,,,,,,,,,,,,,,,,,,,,,,,,,,,,,,,,,,,,,,,,,,,,,,,,,,,,,,,,,,,,
GC-BCVI-KMGS-24-S223-T23-N,m,19,7,41,3,0.5184,7031.25,2718.75,4312.5,0.0478,6750,2812.5,3937.5,0.0509,7031.25,3000,4031.25,0.0473,6937.5,4875,2062.5,0.0682,6750,3187.5,3562.5,0.1018,5156.25,3750,1406.25,0.0691,4125,2718.75,1406.25,0.0611,4031.25,2718.75,1312.5,,,,,,,,,,,,,,,,,,,,,,,,,,,,,,,,,,,,,,,,,,,,,,,,,,,,,,,,,,,,,,,,,,,,,,,,,,,,,,,,,,,,,,,,,,,,,,,,,,,,,,,,,,,,,,,,,,,,,,,,,,,,,,,,,,,,
GC-BCVI-KMGS-24-S241-T27-N,n,19,7,41,4,0.7775,5625,2437.5,3187.5,0.0761,5625,3656.25,1968.75,0.0712,5343.75,3281.25,2062.5,0.0662,3375,2718.75,656.25,0.1744,5531.25,3187.5,2343.75,0.065,4406.25,2437.5,1968.75,0.0541,3750,2531.25,1218.75,0.0623,3750,2437.5,1312.5,,,,,,,,,,,,,,,,,,,,,,,,,,,,,,,,,,,,,,,,,,,,,,,,,,,,,,,,,,,,,,,,,,,,,,,,,,,,,,,,,,,,,,,,,,,,,,,,,,,,,,,,,,,,,,,,,,,,,,,,,,,,,,,,,,,,
GC-BCVI-KMGS-24-S242-T9-N,o,19,5,41,3,0.5429,5531.25,2718.75,2812.5,0.0568,5531.25,4031.25,1500,0.226,4687.5,3187.5,1500,0.0583,4031.25,3000,1031.25,0.0563,3843.75,2812.5,1031.25,0.0668,4781.25,2718.75,2062.5,,,,,,,,,,,,,,,,,,,,,,,,,,,,,,,,,,,,,,,,,,,,,,,,,,,,,,,,,,,,,,,,,,,,,,,,,,,,,,,,,,,,,,,,,,,,,,,,,,,,,,,,,,,,,,,,,,,,,,,,,,,,,,,,,,,,,,,,,,,,
GC-BCVI-KMGS-24-S247-T12-N,p,19,5,41,2,0.5796,5812.5,2531.25,3281.25,0.0687,5437.5,4500,937.5,0.0655,5812.5,3093.75,2718.75,0.0629,5718.75,4968.75,750,0.0771,5625,3843.75,1781.25,0.2485,4687.5,2531.25,2156.25,,,,,,,,,,,,,,,,,,,,,,,,,,,,,,,,,,,,,,,,,,,,,,,,,,,,,,,,,,,,,,,,,,,,,,,,,,,,,,,,,,,,,,,,,,,,,,,,,,,,,,,,,,,,,,,,,,,,,,,,,,,,,,,,,,,,,,,,,,,,
GC-BCVI-KMGS-24-S248-T12-N,p,19,5,41,2,0.5345,5625,2531.25,3093.75,0.0869,5625,3750,1875,0.0552,5343.75,4875,468.75,0.0629,5250,4312.5,937.5,0.0761,5062.5,4312.5,750,0.2142,4500,2531.25,1968.75,,,,,,,,,,,,,,,,,,,,,,,,,,,,,,,,,,,,,,,,,,,,,,,,,,,,,,,,,,,,,,,,,,,,,,,,,,,,,,,,,,,,,,,,,,,,,,,,,,,,,,,,,,,,,,,,,,,,,,,,,,,,,,,,,,,,,,,,,,,,
GC-BCVI-KMGS-24-S49-T33-N,q,19,7,41,3,0.6683,6656.25,3000,3656.25,0.1898,6656.25,3000,3656.25,0.045,3843.75,3000,843.75,0.044,4312.5,3562.5,750,0.0453,4500,3843.75,656.25,0.0527,4500,4125,375,0.0881,5812.5,3656.25,2156.25,0.0858,5062.5,3000,2062.5,,,,,,,,,,,,,,,,,,,,,,,,,,,,,,,,,,,,,,,,,,,,,,,,,,,,,,,,,,,,,,,,,,,,,,,,,,,,,,,,,,,,,,,,,,,,,,,,,,,,,,,,,,,,,,,,,,,,,,,,,,,,,,,,,,,,
GC-BCVI-KMGS-24-S276-T16-N,q,19,7,41,3,0.683,6937.5,3000,3937.5,0.2624,6937.5,5156.25,1781.25,0.0426,4125,3656.25,468.75,0.0448,4406.25,3750,656.25,0.0426,4687.5,4406.25,281.25,0.0642,4875,4031.25,843.75,0.0914,5906.25,3750,2156.25,0.0762,4593.75,3000,1593.75,,,,,,,,,,,,,,,,,,,,,,,,,,,,,,,,,,,,,,,,,,,,,,,,,,,,,,,,,,,,,,,,,,,,,,,,,,,,,,,,,,,,,,,,,,,,,,,,,,,,,,,,,,,,,,,,,,,,,,,,,,,,,,,,,,,,
GC-BCVI-KMGS-24-S281-T32-N,r,19,5,41,4,0.6665,5625,2625,3000,0.1037,5625,4687.5,937.5,0.0467,4687.5,4125,562.5,0.0547,4875,3000,1875,0.1625,4687.5,3281.25,1406.25,0.1423,4968.75,2625,2343.75,,,,,,,,,,,,,,,,,,,,,,,,,,,,,,,,,,,,,,,,,,,,,,,,,,,,,,,,,,,,,,,,,,,,,,,,,,,,,,,,,,,,,,,,,,,,,,,,,,,,,,,,,,,,,,,,,,,,,,,,,,,,,,,,,,,,,,,,,,,,
GC-BCVI-KMGS-24-S283-T34-N,s,19,10,41,4,0.9692,6093.75,2343.75,3750,0.0565,5343.75,4500,843.75,0.0599,5531.25,4500,1031.25,0.057,5625,3843.75,1781.25,0.0585,5531.25,4312.5,1218.75,0.0595,6093.75,4312.5,1781.25,0.1342,5531.25,3937.5,1593.75,0.2002,5906.25,3562.5,2343.75,0.0625,3656.25,2437.5,1218.75,0.0666,3750,2343.75,1406.25,0.0799,3843.75,2531.25,1312.5,,,,,,,,,,,,,,,,,,,,,,,,,,,,,,,,,,,,,,,,,,,,,,,,,,,,,,,,,,,,,,,,,,,,,,,,,,,,,,,,,,,,,,,,,,,,,,,,,,,,,,,,,,,,,,,,,,,,,,,,
GC-BCVI-MWYS-24-S4-T1,a,11,4,27,2,0.3688,6000,2156.25,3843.75,0.0779,6000,4406.25,1593.75,0.0681,4781.25,2156.25,2625,0.0582,4781.25,3375,1406.25,0.056,4500,3375,1125,,,,,,,,,,,,,,,,,,,,,,,,,,,,,,,,,,,,,,,,,,,,,,,,,,,,,,,,,,,,,,,,,,,,,,,,,,,,,,,,,,,,,,,,,,,,,,,,,,,,,,,,,,,,,,,,,,,,,,,,,,,,,,,,,,,,,,,,,,,,,,,,
GC-BCVI-MWYS-24-S136-T1,a,11,4,27,2,0.3937,6187.5,3000,3187.5,0.0702,6187.5,4312.5,1875,0.0597,4687.5,3000,1687.5,0.0573,4593.75,3000,1593.75,0.054,4687.5,3093.75,1593.75,,,,,,,,,,,,,,,,,,,,,,,,,,,,,,,,,,,,,,,,,,,,,,,,,,,,,,,,,,,,,,,,,,,,,,,,,,,,,,,,,,,,,,,,,,,,,,,,,,,,,,,,,,,,,,,,,,,,,,,,,,,,,,,,,,,,,,,,,,,,,,,,
GC-BCVI-MWYS-24-S142-T15,a,11,3,27,1,0.2199,4875,2718.75,2156.25,0.0644,4875,2718.75,2156.25,0.061,4687.5,2718.75,1968.75,0.055,4406.25,3093.75,1312.5,,,,,,,,,,,,,,,,,,,,,,,,,,,,,,,,,,,,,,,,,,,,,,,,,,,,,,,,,,,,,,,,,,,,,,,,,,,,,,,,,,,,,,,,,,,,,,,,,,,,,,,,,,,,,,,,,,,,,,,,,,,,,,,,,,,,,,,,,,,,,,,,,,,,
GC-BCVI-MWYS-24-S23-T12,b,11,9,27,5,0.9487,5718.75,2156.25,3562.5,0.0441,4875,3375,1500,0.0429,5250,3843.75,1406.25,0.0464,5718.75,4031.25,1687.5,0.0893,4968.75,3656.25,1312.5,0.0545,3843.75,2531.25,1312.5,0.0534,3937.5,2250,1687.5,0.0522,3750,2250,1500,0.0499,3750,2156.25,1593.75,0.1635,5625,2437.5,3187.5,,,,,,,,,,,,,,,,,,,,,,,,,,,,,,,,,,,,,,,,,,,,,,,,,,,,,,,,,,,,,,,,,,,,,,,,,,,,,,,,,,,,,,,,,,,,,,,,,,,,,,,,,,,,,,,,,,,,,,,,,,,,
GC-BCVI-MWYS-24-S24-T12,b,11,9,27,5,0.9269,6000,2250,3750,0.0293,4875,4500,375,0.0597,5156.25,3750,1406.25,0.0434,5718.75,4031.25,1687.5,0.1031,4968.75,3187.5,1781.25,0.0488,4406.25,2531.25,1875,0.051,3843.75,2250,1593.75,0.0467,3937.5,2343.75,1593.75,0.0478,4031.25,2343.75,1687.5,0.1715,6000,2437.5,3562.5,,,,,,,,,,,,,,,,,,,,,,,,,,,,,,,,,,,,,,,,,,,,,,,,,,,,,,,,,,,,,,,,,,,,,,,,,,,,,,,,,,,,,,,,,,,,,,,,,,,,,,,,,,,,,,,,,,,,,,,,,,,,
GC-BCVI-MWYS-24-S38-T1,c,11,5,27,2,0.5249,5531.25,2437.5,3093.75,0.0496,5531.25,4406.25,1125,0.0528,5156.25,4125,1031.25,0.0512,5250,4218.75,1031.25,0.0528,5343.75,4406.25,937.5,0.1804,4593.75,2437.5,2156.25,,,,,,,,,,,,,,,,,,,,,,,,,,,,,,,,,,,,,,,,,,,,,,,,,,,,,,,,,,,,,,,,,,,,,,,,,,,,,,,,,,,,,,,,,,,,,,,,,,,,,,,,,,,,,,,,,,,,,,,,,,,,,,,,,,,,,,,,,,,,
GC-BCVI-MWYS-24-S54-T1,c,11,5,27,2,0.5317,5531.25,2437.5,3093.75,0.0618,5531.25,4125,1406.25,0.0527,5343.75,4312.5,1031.25,0.0499,5343.75,4312.5,1031.25,0.0513,5156.25,4312.5,843.75,0.1844,4312.5,2437.5,1875,,,,,,,,,,,,,,,,,,,,,,,,,,,,,,,,,,,,,,,,,,,,,,,,,,,,,,,,,,,,,,,,,,,,,,,,,,,,,,,,,,,,,,,,,,,,,,,,,,,,,,,,,,,,,,,,,,,,,,,,,,,,,,,,,,,,,,,,,,,,
GC-BCVI-MWYS-24-S56-T1,c,11,5,27,2,0.5182,5437.5,2437.5,3000,0.0638,5437.5,4593.75,843.75,0.0479,5062.5,4406.25,656.25,0.0504,5250,4312.5,937.5,0.0512,5156.25,4125,1031.25,0.178,4406.25,2437.5,1968.75,,,,,,,,,,,,,,,,,,,,,,,,,,,,,,,,,,,,,,,,,,,,,,,,,,,,,,,,,,,,,,,,,,,,,,,,,,,,,,,,,,,,,,,,,,,,,,,,,,,,,,,,,,,,,,,,,,,,,,,,,,,,,,,,,,,,,,,,,,,,
GC-BCVI-MWYS-24-S99-T1,c,11,5,27,2,0.5158,5437.5,2437.5,3000,0.0517,5062.5,3656.25,1406.25,0.0491,5250,3656.25,1593.75,0.0551,5437.5,4406.25,1031.25,0.0517,5250,4406.25,843.75,0.1912,4500,2437.5,2062.5,,,,,,,,,,,,,,,,,,,,,,,,,,,,,,,,,,,,,,,,,,,,,,,,,,,,,,,,,,,,,,,,,,,,,,,,,,,,,,,,,,,,,,,,,,,,,,,,,,,,,,,,,,,,,,,,,,,,,,,,,,,,,,,,,,,,,,,,,,,,
GC-BCVI-MWYS-24-S103-T15,c,11,4,27,1,0.2495,5531.25,2062.5,3468.75,0.0514,5531.25,3843.75,1687.5,0.0504,5343.75,4218.75,1125,0.046,5156.25,4125,1031.25,0.0445,5062.5,4218.75,843.75,0.0284,3375,2625,750,0.0269,2906.25,2156.25,750,0.0213,2156.25,2062.5,93.75,0.051,4781.25,3000,1781.25,0.0468,4687.5,2906.25,1781.25,0.0482,4593.75,2906.25,1687.5,,,,,,,,,,,,,,,,,,,,,,,,,,,,,,,,,,,,,,,,,,,,,,,,,,,,,,,,,,,,,,,,,,,,,,,,,,,,,,,,,,,,,,,,,,,,,,,,,,,,,,,,,,,,,,,,,,,,,,,,
GC-BCVI-MWYS-24-S146-T1,c,11,5,27,2,0.5167,5437.5,2437.5,3000,0.0561,5250,4687.5,562.5,0.0506,5437.5,4687.5,750,0.05,5343.75,3656.25,1687.5,0.05,5250,4312.5,937.5,0.1793,4406.25,2437.5,1968.75,,,,,,,,,,,,,,,,,,,,,,,,,,,,,,,,,,,,,,,,,,,,,,,,,,,,,,,,,,,,,,,,,,,,,,,,,,,,,,,,,,,,,,,,,,,,,,,,,,,,,,,,,,,,,,,,,,,,,,,,,,,,,,,,,,,,,,,,,,,,
GC-BCVI-MWYS-24-S148-T1,c,11,5,27,2,0.532,5531.25,2437.5,3093.75,0.0474,5531.25,4500,1031.25,0.0463,5437.5,4500,937.5,0.052,5343.75,4500,843.75,0.0531,5343.75,4500,843.75,0.192,4500,2437.5,2062.5,,,,,,,,,,,,,,,,,,,,,,,,,,,,,,,,,,,,,,,,,,,,,,,,,,,,,,,,,,,,,,,,,,,,,,,,,,,,,,,,,,,,,,,,,,,,,,,,,,,,,,,,,,,,,,,,,,,,,,,,,,,,,,,,,,,,,,,,,,,,
GC-BCVI-MWYS-24-S158-T1,c,11,6,27,3,0.6033,5625,2343.75,3281.25,0.079,3656.25,2718.75,937.5,0.0484,5625,3843.75,1781.25,0.0523,5343.75,3562.5,1781.25,0.0533,5062.5,4031.25,1031.25,0.0513,5343.75,4312.5,1031.25,0.1679,4500,2343.75,2156.25,,,,,,,,,,,,,,,,,,,,,,,,,,,,,,,,,,,,,,,,,,,,,,,,,,,,,,,,,,,,,,,,,,,,,,,,,,,,,,,,,,,,,,,,,,,,,,,,,,,,,,,,,,,,,,,,,,,,,,,,,,,,,,,,,,,,,,,,
GC-BCVI-MWYS-24-S160-T1,c,11,5,27,2,0.4815,5531.25,2625,2906.25,0.0539,5531.25,3937.5,1593.75,0.0527,5437.5,4218.75,1218.75,0.0527,5343.75,4406.25,937.5,0.0573,5250,4312.5,937.5,0.1444,4406.25,2625,1781.25,,,,,,,,,,,,,,,,,,,,,,,,,,,,,,,,,,,,,,,,,,,,,,,,,,,,,,,,,,,,,,,,,,,,,,,,,,,,,,,,,,,,,,,,,,,,,,,,,,,,,,,,,,,,,,,,,,,,,,,,,,,,,,,,,,,,,,,,,,,,
GC-BCVI-MWYS-24-S162-T1,c,11,5,27,2,0.5064,5625,2437.5,3187.5,0.0549,5625,4218.75,1406.25,0.0558,5437.5,4312.5,1125,0.0504,5343.75,4406.25,937.5,0.0531,5343.75,4500,843.75,0.1619,4500,2437.5,2062.5,,,,,,,,,,,,,,,,,,,,,,,,,,,,,,,,,,,,,,,,,,,,,,,,,,,,,,,,,,,,,,,,,,,,,,,,,,,,,,,,,,,,,,,,,,,,,,,,,,,,,,,,,,,,,,,,,,,,,,,,,,,,,,,,,,,,,,,,,,,,
GC-BCVI-MWYS-24-S171-T1,c,11,5,27,2,0.5243,5531.25,2343.75,3187.5,0.0497,5531.25,4406.25,1125,0.0581,5343.75,4406.25,937.5,0.0497,5250,4312.5,937.5,0.055,5250,4218.75,1031.25,0.1765,4500,2343.75,2156.25,,,,,,,,,,,,,,,,,,,,,,,,,,,,,,,,,,,,,,,,,,,,,,,,,,,,,,,,,,,,,,,,,,,,,,,,,,,,,,,,,,,,,,,,,,,,,,,,,,,,,,,,,,,,,,,,,,,,,,,,,,,,,,,,,,,,,,,,,,,,
GC-BCVI-MWYS-24-S174-T1,c,11,5,27,2,0.4686,5718.75,2625,3093.75,0.0498,5718.75,4593.75,1125,0.0465,5343.75,4218.75,1125,0.0519,5250,4406.25,843.75,0.0541,5250,4125,1125,0.1374,4500,2625,1875,,,,,,,,,,,,,,,,,,,,,,,,,,,,,,,,,,,,,,,,,,,,,,,,,,,,,,,,,,,,,,,,,,,,,,,,,,,,,,,,,,,,,,,,,,,,,,,,,,,,,,,,,,,,,,,,,,,,,,,,,,,,,,,,,,,,,,,,,,,,
GC-BCVI-MWYS-24-S177-T1,c,11,5,27,2,0.4876,5343.75,2625,2718.75,0.0454,5343.75,4406.25,937.5,0.0462,5156.25,4312.5,843.75,0.0512,5062.5,4406.25,656.25,0.0512,5062.5,4031.25,1031.25,0.1576,4406.25,2625,1781.25,,,,,,,,,,,,,,,,,,,,,,,,,,,,,,,,,,,,,,,,,,,,,,,,,,,,,,,,,,,,,,,,,,,,,,,,,,,,,,,,,,,,,,,,,,,,,,,,,,,,,,,,,,,,,,,,,,,,,,,,,,,,,,,,,,,,,,,,,,,,
GC-BCVI-MWYS-24-S178-T1,c,11,5,27,2,0.5022,5343.75,2437.5,2906.25,0.0496,5343.75,4218.75,1125,0.0601,4968.75,4312.5,656.25,0.0528,5062.5,3843.75,1218.75,0.0559,4968.75,4125,843.75,0.1646,4406.25,2437.5,1968.75,,,,,,,,,,,,,,,,,,,,,,,,,,,,,,,,,,,,,,,,,,,,,,,,,,,,,,,,,,,,,,,,,,,,,,,,,,,,,,,,,,,,,,,,,,,,,,,,,,,,,,,,,,,,,,,,,,,,,,,,,,,,,,,,,,,,,,,,,,,,
GC-BCVI-MWYS-24-S180-T1,c,11,5,27,2,0.491,5437.5,2531.25,2906.25,0.0509,5437.5,4312.5,1125,0.0455,5250,4406.25,843.75,0.0509,5156.25,4312.5,843.75,0.0545,5156.25,4218.75,937.5,0.15,4500,2531.25,1968.75,,,,,,,,,,,,,,,,,,,,,,,,,,,,,,,,,,,,,,,,,,,,,,,,,,,,,,,,,,,,,,,,,,,,,,,,,,,,,,,,,,,,,,,,,,,,,,,,,,,,,,,,,,,,,,,,,,,,,,,,,,,,,,,,,,,,,,,,,,,,
GC-BCVI-MWYS-24-S182-T1,c,11,5,27,2,0.5048,5343.75,2437.5,2906.25,0.0526,5062.5,4312.5,750,0.0471,5343.75,4406.25,937.5,0.048,5062.5,3468.75,1593.75,0.0489,4968.75,3375,1593.75,0.1668,4406.25,2437.5,1968.75,,,,,,,,,,,,,,,,,,,,,,,,,,,,,,,,,,,,,,,,,,,,,,,,,,,,,,,,,,,,,,,,,,,,,,,,,,,,,,,,,,,,,,,,,,,,,,,,,,,,,,,,,,,,,,,,,,,,,,,,,,,,,,,,,,,,,,,,,,,,
GC-BCVI-MWYS-24-S206-T1,c,11,5,27,2,0.5236,5531.25,2437.5,3093.75,0.0613,5531.25,4031.25,1500,0.0564,5531.25,4218.75,1312.5,0.0543,5343.75,4312.5,1031.25,0.0529,5343.75,4312.5,1031.25,0.1824,4687.5,2437.5,2250,,,,,,,,,,,,,,,,,,,,,,,,,,,,,,,,,,,,,,,,,,,,,,,,,,,,,,,,,,,,,,,,,,,,,,,,,,,,,,,,,,,,,,,,,,,,,,,,,,,,,,,,,,,,,,,,,,,,,,,,,,,,,,,,,,,,,,,,,,,,
GC-BCVI-MWYS-24-S221-T1,c,11,5,27,2,0.5183,5625,2437.5,3187.5,0.065,5625,4031.25,1593.75,0.067,5437.5,4406.25,1031.25,0.065,5343.75,4500,843.75,0.063,5250,4312.5,937.5,0.1771,4593.75,2437.5,2156.25,,,,,,,,,,,,,,,,,,,,,,,,,,,,,,,,,,,,,,,,,,,,,,,,,,,,,,,,,,,,,,,,,,,,,,,,,,,,,,,,,,,,,,,,,,,,,,,,,,,,,,,,,,,,,,,,,,,,,,,,,,,,,,,,,,,,,,,,,,,,
GC-BCVI-MWYS-24-S227-T33,c,11,5,27,2,0.537,4781.25,2437.5,2343.75,0.1047,4781.25,4031.25,750,0.0412,4781.25,3468.75,1312.5,0.0421,4687.5,3468.75,1218.75,0.0465,4218.75,3281.25,937.5,0.0895,3843.75,2437.5,1406.25,,,,,,,,,,,,,,,,,,,,,,,,,,,,,,,,,,,,,,,,,,,,,,,,,,,,,,,,,,,,,,,,,,,,,,,,,,,,,,,,,,,,,,,,,,,,,,,,,,,,,,,,,,,,,,,,,,,,,,,,,,,,,,,,,,,,,,,,,,,,
GC-BCVI-MWYS-24-S234-T1,c,11,5,27,2,0.4976,5343.75,2437.5,2906.25,0.0439,5343.75,3656.25,1687.5,0.0439,5250,4406.25,843.75,0.0511,5156.25,4500,656.25,0.0529,5156.25,4406.25,750,0.1578,4500,2437.5,2062.5,,,,,,,,,,,,,,,,,,,,,,,,,,,,,,,,,,,,,,,,,,,,,,,,,,,,,,,,,,,,,,,,,,,,,,,,,,,,,,,,,,,,,,,,,,,,,,,,,,,,,,,,,,,,,,,,,,,,,,,,,,,,,,,,,,,,,,,,,,,,
GC-BCVI-MWYS-24-S236-T1,c,11,5,27,2,0.539,5531.25,2437.5,3093.75,0.052,5531.25,4312.5,1218.75,0.0553,5250,4406.25,843.75,0.0486,5156.25,4500,656.25,0.0493,5250,4406.25,843.75,0.1592,4406.25,2437.5,1968.75,,,,,,,,,,,,,,,,,,,,,,,,,,,,,,,,,,,,,,,,,,,,,,,,,,,,,,,,,,,,,,,,,,,,,,,,,,,,,,,,,,,,,,,,,,,,,,,,,,,,,,,,,,,,,,,,,,,,,,,,,,,,,,,,,,,,,,,,,,,,
GC-BCVI-MWYS-24-S239-T1,c,11,5,27,2,0.517,5812.5,2343.75,3468.75,0.0528,5812.5,3656.25,2156.25,0.0518,5343.75,4687.5,656.25,0.0626,5062.5,2812.5,2250,0.0616,4968.75,3000,1968.75,0.1789,4406.25,2343.75,2062.5,,,,,,,,,,,,,,,,,,,,,,,,,,,,,,,,,,,,,,,,,,,,,,,,,,,,,,,,,,,,,,,,,,,,,,,,,,,,,,,,,,,,,,,,,,,,,,,,,,,,,,,,,,,,,,,,,,,,,,,,,,,,,,,,,,,,,,,,,,,,
GC-BCVI-MWYS-24-S241-T1,c,11,5,27,2,0.5475,5812.5,2437.5,3375,0.0606,5812.5,4218.75,1593.75,0.0577,5531.25,4125,1406.25,0.0541,5531.25,4500,1031.25,0.0562,5343.75,4312.5,1031.25,0.1997,4687.5,2437.5,2250,,,,,,,,,,,,,,,,,,,,,,,,,,,,,,,,,,,,,,,,,,,,,,,,,,,,,,,,,,,,,,,,,,,,,,,,,,,,,,,,,,,,,,,,,,,,,,,,,,,,,,,,,,,,,,,,,,,,,,,,,,,,,,,,,,,,,,,,,,,,
GC-BCVI-MWYS-24-S46-T9,d,11,5,27,5,0.8489,7593.75,2062.5,5531.25,0.0688,4218.75,2343.75,1875,0.1534,7593.75,2437.5,5156.25,0.0616,3468.75,2250,1218.75,0.0604,3843.75,2062.5,1781.25,0.0628,3937.5,2062.5,1875,,,,,,,,,,,,,,,,,,,,,,,,,,,,,,,,,,,,,,,,,,,,,,,,,,,,,,,,,,,,,,,,,,,,,,,,,,,,,,,,,,,,,,,,,,,,,,,,,,,,,,,,,,,,,,,,,,,,,,,,,,,,,,,,,,,,,,,,,,,,
GC-BCVI-MWYS-24-S61-T30,e,11,11,27,6,1.3737,6000,2250,3750,0.0983,5625,3468.75,2156.25,0.0444,5156.25,3375,1781.25,0.0391,3843.75,3562.5,281.25,0.0431,4406.25,3562.5,843.75,0.1024,3656.25,2250,1406.25,0.0633,6000,4500,1500,0.062,5812.5,4500,1312.5,0.1454,4406.25,2906.25,1500,0.0498,5062.5,2625,2437.5,0.0485,4218.75,2437.5,1781.25,0.0391,4218.75,2250,1968.75,,,,,,,,,,,,,,,,,,,,,,,,,,,,,,,,,,,,,,,,,,,,,,,,,,,,,,,,,,,,,,,,,,,,,,,,,,,,,,,,,,,,,,,,,,,,,,,,,,,,,,,,,,,,,,,,,,,,
GC-BCVI-MWYS-24-S80-T16,e,11,6,27,3,0.6268,6375,2531.25,3843.75,0.056,6281.25,4968.75,1312.5,0.056,6375,4687.5,1687.5,0.1687,4968.75,2812.5,2156.25,0.0414,5156.25,2531.25,2625,0.0385,4593.75,2531.25,2062.5,0.0422,4312.5,2531.25,1781.25,,,,,,,,,,,,,,,,,,,,,,,,,,,,,,,,,,,,,,,,,,,,,,,,,,,,,,,,,,,,,,,,,,,,,,,,,,,,,,,,,,,,,,,,,,,,,,,,,,,,,,,,,,,,,,,,,,,,,,,,,,,,,,,,,,,,,,,,
GC-BCVI-MWYS-24-S155-T33,e,11,11,27,6,1.362,6468.75,2156.25,4312.5,0.1111,4781.25,3187.5,1593.75,0.0517,5156.25,3562.5,1593.75,0.0426,4031.25,3468.75,562.5,0.0457,4593.75,3656.25,937.5,0.0974,3750,2156.25,1593.75,0.067,5625,4781.25,843.75,0.0609,6468.75,4781.25,1687.5,0.1537,4500,2906.25,1593.75,0.0502,4875,2625,2250,0.0517,4500,2531.25,1968.75,0.0441,4500,2343.75,2156.25,,,,,,,,,,,,,,,,,,,,,,,,,,,,,,,,,,,,,,,,,,,,,,,,,,,,,,,,,,,,,,,,,,,,,,,,,,,,,,,,,,,,,,,,,,,,,,,,,,,,,,,,,,,,,,,,,,,,
GC-BCVI-MWYS-24-S161-T33,e,11,11,27,6,1.3877,6093.75,2156.25,3937.5,0.1045,5437.5,4031.25,1406.25,0.05,4500,3468.75,1031.25,0.0454,4500,3468.75,1031.25,0.05,4875,3562.5,1312.5,0.1015,3750,2156.25,1593.75,0.0682,6093.75,4687.5,1406.25,0.0636,6000,4593.75,1406.25,0.1666,4312.5,3000,1312.5,0.0515,4875,2343.75,2531.25,0.05,4312.5,2343.75,1968.75,0.0485,4312.5,2156.25,2156.25,,,,,,,,,,,,,,,,,,,,,,,,,,,,,,,,,,,,,,,,,,,,,,,,,,,,,,,,,,,,,,,,,,,,,,,,,,,,,,,,,,,,,,,,,,,,,,,,,,,,,,,,,,,,,,,,,,,,
GC-BCVI-MWYS-24-S213-T30,e,11,11,27,6,1.2733,6093.75,2250,3843.75,0.1066,4875,2718.75,2156.25,0.0463,5062.5,3468.75,1593.75,0.0519,4781.25,3375,1406.25,0.0421,4875,3468.75,1406.25,0.0926,3750,2250,1500,0.0673,6093.75,4968.75,1125,0.0603,6093.75,4500,1593.75,0.1487,4406.25,2625,1781.25,0.0463,5156.25,2718.75,2437.5,0.0491,3937.5,2531.25,1406.25,0.0435,4312.5,2437.5,1875,,,,,,,,,,,,,,,,,,,,,,,,,,,,,,,,,,,,,,,,,,,,,,,,,,,,,,,,,,,,,,,,,,,,,,,,,,,,,,,,,,,,,,,,,,,,,,,,,,,,,,,,,,,,,,,,,,,,
GC-BCVI-MWYS-24-S64-T23,f,11,8,27,3,0.6297,6187.5,2156.25,4031.25,0.1319,6187.5,4031.25,2156.25,0.037,3468.75,2625,843.75,0.0343,3281.25,2250,1031.25,0.0416,3187.5,2156.25,1031.25,0.0316,3750,2437.5,1312.5,0.0551,5343.75,2812.5,2531.25,0.0506,4500,2906.25,1593.75,0.0515,4593.75,3000,1593.75,,,,,,,,,,,,,,,,,,,,,,,,,,,,,,,,,,,,,,,,,,,,,,,,,,,,,,,,,,,,,,,,,,,,,,,,,,,,,,,,,,,,,,,,,,,,,,,,,,,,,,,,,,,,,,,,,,,,,,,,,,,,,,,,
GC-BCVI-MWYS-24-S70-T23,f,11,11,27,4,0.6136,5625,2156.25,3468.75,0.0368,5250,3562.5,1687.5,0.0353,5531.25,4781.25,750,0.0384,5156.25,4968.75,187.5,0.127,5625,3562.5,2062.5,0.0392,3562.5,2718.75,843.75,0.0321,3468.75,2250,1218.75,0.0337,3468.75,2156.25,1312.5,0.0266,3750,2343.75,1406.25,0.0486,4687.5,3093.75,1593.75,0.0462,4125,2718.75,1406.25,0.0486,4125,3000,1125,,,,,,,,,,,,,,,,,,,,,,,,,,,,,,,,,,,,,,,,,,,,,,,,,,,,,,,,,,,,,,,,,,,,,,,,,,,,,,,,,,,,,,,,,,,,,,,,,,,,,,,,,,,,,,,,,,,,
GC-BCVI-MWYS-24-S105-T23,f,11,10,27,4,1.0011,6281.25,3093.75,3187.5,0.0425,5437.5,3093.75,2343.75,0.0397,6187.5,4687.5,1500,0.044,6093.75,5156.25,937.5,0.1347,6281.25,3843.75,2437.5,,,,,,,,,,,,,,,,,,,,,,,,,,,,,,,,,,,,,,,,,,,,,,,,,,,,,,,,,,,,,,,,,,,,,,,,,,,,,,,,,,,,,,,,,,,,,,,,,,,,,,,,,,,,,,,,,,,,,,,,,,,,,,,,,,,,,,,,,,,,,,,,
GC-BCVI-MWYS-24-S72-T5,g,11,2,27,2,0.5898,6000,2812.5,3187.5,0.0601,5718.75,4875,843.75,0.0556,5812.5,4406.25,1406.25,0.0512,6000,4687.5,1312.5,0.0729,3468.75,2812.5,656.25,0.0563,3468.75,2812.5,656.25,0.055,3375,3000,375,0.0601,3375,2812.5,562.5,,,,,,,,,,,,,,,,,,,,,,,,,,,,,,,,,,,,,,,,,,,,,,,,,,,,,,,,,,,,,,,,,,,,,,,,,,,,,,,,,,,,,,,,,,,,,,,,,,,,,,,,,,,,,,,,,,,,,,,,,,,,,,,,,,,,
GC-BCVI-MWYS-24-S77-T1,h,11,5,27,2,0.4892,5906.25,2062.5,3843.75,0.0416,5156.25,2718.75,2437.5,0.0565,5906.25,4031.25,1875,0.053,3281.25,2343.75,937.5,0.06,2906.25,2062.5,843.75,0.0357,2812.5,2156.25,656.25,,,,,,,,,,,,,,,,,,,,,,,,,,,,,,,,,,,,,,,,,,,,,,,,,,,,,,,,,,,,,,,,,,,,,,,,,,,,,,,,,,,,,,,,,,,,,,,,,,,,,,,,,,,,,,,,,,,,,,,,,,,,,,,,,,,,,,,,,,,,
GC-BCVI-MWYS-24-S96-T29,i,11,17,27,4,0.9513,5812.5,2531.25,3281.25,0.2139,5625,3093.75,2531.25,0.0407,5250,3187.5,2062.5,0.0365,4312.5,2906.25,1406.25,0.0376,3937.5,2531.25,1406.25,0.0365,3562.5,2718.75,843.75,0.0543,5812.5,4312.5,1500,0.0543,5718.75,4406.25,1312.5,0.0303,4031.25,2531.25,1500,0.0157,2812.5,2531.25,281.25,0.0141,2625,2625,0,0.0162,3093.75,3093.75,0,0.0183,3281.25,3281.25,0,0.0183,3562.5,3375,187.5,0.0162,3843.75,3843.75,0,0.0167,3937.5,3468.75,468.75,0.0167,4312.5,4312.5,0,0.0162,4406.25,4406.25,0,,,,,,,,,,,,,,,,,,,,,,,,,,,,,,,,,,,,,,,,,,,,,,,,,,,,,,,,,,,,,,,,,,,,,,,,,,,,,,,,,,,,,,,,,,,,
GC-BCVI-MWYS-24-S128-T37,i,11,13,27,3,0.708,5718.75,2250,3468.75,0.1739,5156.25,2812.5,2343.75,0.0735,5718.75,4781.25,937.5,0.0784,5437.5,4031.25,1406.25,0.0286,3843.75,2625,1218.75,0.0171,2718.75,2250,468.75,0.0163,2625,2625,0,0.0188,3000,2812.5,187.5,0.0212,3375,3093.75,281.25,0.0204,3562.5,3093.75,468.75,0.018,3656.25,3656.25,0,0.018,4125,4125,0,0.018,4218.75,3843.75,375,0.0229,4031.25,3750,281.25,,,,,,,,,,,,,,,,,,,,,,,,,,,,,,,,,,,,,,,,,,,,,,,,,,,,,,,,,,,,,,,,,,,,,,,,,,,,,,,,,,,,,,,,,,,,,,,,,,,,,,,,,,,,
GC-BCVI-MWYS-24-S141-T15,i,11,5,27,1,0.1818,5625,2812.5,2812.5,0.0173,3562.5,2812.5,750,0.0224,3843.75,3468.75,375,0.0213,4968.75,4500,468.75,0.0253,5437.5,5062.5,375,0.0219,5625,4968.75,656.25,,,,,,,,,,,,,,,,,,,,,,,,,,,,,,,,,,,,,,,,,,,,,,,,,,,,,,,,,,,,,,,,,,,,,,,,,,,,,,,,,,,,,,,,,,,,,,,,,,,,,,,,,,,,,,,,,,,,,,,,,,,,,,,,,,,,,,,,,,,,
GC-BCVI-MWYS-24-S113-T2,j,11,4,27,2,0.4818,5625,3562.5,2062.5,0.1313,5625,4500,1125,0.0863,4031.25,3562.5,468.75,0.0849,4125,3656.25,468.75,0.0627,4125,3562.5,562.5,,,,,,,,,,,,,,,,,,,,,,,,,,,,,,,,,,,,,,,,,,,,,,,,,,,,,,,,,,,,,,,,,,,,,,,,,,,,,,,,,,,,,,,,,,,,,,,,,,,,,,,,,,,,,,,,,,,,,,,,,,,,,,,,,,,,,,,,,,,,,,,,
GC-BCVI-MWYS-24-S114-T5,j,11,4,27,2,0.4747,5343.75,3562.5,1781.25,0.1204,5343.75,4687.5,656.25,0.095,4218.75,3562.5,656.25,0.0815,4218.75,3656.25,562.5,0.074,4312.5,3750,562.5,,,,,,,,,,,,,,,,,,,,,,,,,,,,,,,,,,,,,,,,,,,,,,,,,,,,,,,,,,,,,,,,,,,,,,,,,,,,,,,,,,,,,,,,,,,,,,,,,,,,,,,,,,,,,,,,,,,,,,,,,,,,,,,,,,,,,,,,,,,,,,,,
GC-BCVI-MWYS-24-S116-T2,j,11,4,27,2,0.4962,4781.25,3468.75,1312.5,0.1177,4781.25,4593.75,187.5,0.0921,4406.25,3468.75,937.5,0.0726,4312.5,3562.5,750,0.0859,4125,3468.75,656.25,,,,,,,,,,,,,,,,,,,,,,,,,,,,,,,,,,,,,,,,,,,,,,,,,,,,,,,,,,,,,,,,,,,,,,,,,,,,,,,,,,,,,,,,,,,,,,,,,,,,,,,,,,,,,,,,,,,,,,,,,,,,,,,,,,,,,,,,,,,,,,,,
GC-BCVI-MWYS-24-S134-T2,j,11,4,27,2,0.5069,4781.25,2531.25,2250,0.1226,4781.25,2531.25,2250,0.0875,4218.75,3656.25,562.5,0.0763,4312.5,3750,562.5,0.08,4406.25,3750,656.25,,,,,,,,,,,,,,,,,,,,,,,,,,,,,,,,,,,,,,,,,,,,,,,,,,,,,,,,,,,,,,,,,,,,,,,,,,,,,,,,,,,,,,,,,,,,,,,,,,,,,,,,,,,,,,,,,,,,,,,,,,,,,,,,,,,,,,,,,,,,,,,,
GC-BCVI-MWYS-24-S201-T2,j,11,4,27,2,0.5152,7031.25,3562.5,3468.75,0.1656,7031.25,4312.5,2718.75,0.105,4593.75,3562.5,1031.25,0.092,4406.25,3843.75,562.5,0.0768,4500,3937.5,562.5,,,,,,,,,,,,,,,,,,,,,,,,,,,,,,,,,,,,,,,,,,,,,,,,,,,,,,,,,,,,,,,,,,,,,,,,,,,,,,,,,,,,,,,,,,,,,,,,,,,,,,,,,,,,,,,,,,,,,,,,,,,,,,,,,,,,,,,,,,,,,,,,
GC-BCVI-MWYS-24-S117-T41,k,11,4,27,3,0.6075,5718.75,2250,3468.75,0.0626,3937.5,3375,562.5,0.0907,5718.75,5250,468.75,0.0757,5718.75,5250,468.75,0.1608,3281.25,2250,1031.25,,,,,,,,,,,,,,,,,,,,,,,,,,,,,,,,,,,,,,,,,,,,,,,,,,,,,,,,,,,,,,,,,,,,,,,,,,,,,,,,,,,,,,,,,,,,,,,,,,,,,,,,,,,,,,,,,,,,,,,,,,,,,,,,,,,,,,,,,,,,,,,,
GC-BCVI-MWYS-24-S194-T41,k,11,4,27,3,0.6263,5718.75,2437.5,3281.25,0.0996,4968.75,3375,1593.75,0.0817,5718.75,5437.5,281.25,0.0755,5718.75,5437.5,281.25,0.1929,3656.25,2437.5,1218.75,,,,,,,,,,,,,,,,,,,,,,,,,,,,,,,,,,,,,,,,,,,,,,,,,,,,,,,,,,,,,,,,,,,,,,,,,,,,,,,,,,,,,,,,,,,,,,,,,,,,,,,,,,,,,,,,,,,,,,,,,,,,,,,,,,,,,,,,,,,,,,,,
GC-BCVI-MWYS-24-S204-T41,k,11,4,27,3,0.6372,5718.75,2343.75,3375,0.1106,4687.5,3468.75,1218.75,0.1085,5718.75,3843.75,1875,0.0959,5625,5250,375,0.1917,3468.75,2343.75,1125,,,,,,,,,,,,,,,,,,,,,,,,,,,,,,,,,,,,,,,,,,,,,,,,,,,,,,,,,,,,,,,,,,,,,,,,,,,,,,,,,,,,,,,,,,,,,,,,,,,,,,,,,,,,,,,,,,,,,,,,,,,,,,,,,,,,,,,,,,,,,,,,
GC-BCVI-OGBS-24-S39-T1,a,15,6,35,3,0.4596,5437.5,2156.25,3281.25,0.0541,5437.5,3656.25,1781.25,0.0562,5437.5,4125,1312.5,0.0521,5250,4031.25,1218.75,0.0562,5062.5,4031.25,1031.25,0.0664,5437.5,2156.25,3281.25,0.047,5437.5,2343.75,3093.75,,,,,,,,,,,,,,,,,,,,,,,,,,,,,,,,,,,,,,,,,,,,,,,,,,,,,,,,,,,,,,,,,,,,,,,,,,,,,,,,,,,,,,,,,,,,,,,,,,,,,,,,,,,,,,,,,,,,,,,,,,,,,,,,,,,,,,,,
GC-BCVI-OGBS-24-S52-T1,a,15,6,35,3,0.4574,5812.5,2531.25,3281.25,0.0485,5156.25,3562.5,1593.75,0.0565,5343.75,3937.5,1406.25,0.0515,5156.25,4218.75,937.5,0.0535,5156.25,3468.75,1687.5,0.0707,5250,2531.25,2718.75,0.0495,5812.5,2625,3187.5,,,,,,,,,,,,,,,,,,,,,,,,,,,,,,,,,,,,,,,,,,,,,,,,,,,,,,,,,,,,,,,,,,,,,,,,,,,,,,,,,,,,,,,,,,,,,,,,,,,,,,,,,,,,,,,,,,,,,,,,,,,,,,,,,,,,,,,,
GC-BCVI-OGBS-24-S55-T1,a,15,6,35,3,0.4562,5718.75,2250,3468.75,0.059,5718.75,4406.25,1312.5,0.0562,5437.5,3843.75,1593.75,0.058,5343.75,3937.5,1406.25,0.0545,5156.25,4218.75,937.5,0.0723,5531.25,2250,3281.25,0.0446,5156.25,2343.75,2812.5,,,,,,,,,,,,,,,,,,,,,,,,,,,,,,,,,,,,,,,,,,,,,,,,,,,,,,,,,,,,,,,,,,,,,,,,,,,,,,,,,,,,,,,,,,,,,,,,,,,,,,,,,,,,,,,,,,,,,,,,,,,,,,,,,,,,,,,,
GC-BCVI-OGBS-24-S72-T1,a,15,6,35,3,0.4549,5718.75,2343.75,3375,0.0518,5718.75,4500,1218.75,0.0483,5531.25,4500,1031.25,0.0518,5250,4125,1125,0.0554,5343.75,4312.5,1031.25,0.0706,5437.5,2343.75,3093.75,0.0492,5531.25,2437.5,3093.75,,,,,,,,,,,,,,,,,,,,,,,,,,,,,,,,,,,,,,,,,,,,,,,,,,,,,,,,,,,,,,,,,,,,,,,,,,,,,,,,,,,,,,,,,,,,,,,,,,,,,,,,,,,,,,,,,,,,,,,,,,,,,,,,,,,,,,,,
GC-BCVI-OGBS-24-S75-T1,a,15,6,35,3,0.3648,5531.25,2250,3281.25,0.0533,5531.25,3656.25,1875,0.0522,5437.5,3656.25,1781.25,0.0522,5250,4312.5,937.5,0.0554,5156.25,4125,1031.25,0.0689,5343.75,2437.5,2906.25,0.048,5531.25,2250,3281.25,,,,,,,,,,,,,,,,,,,,,,,,,,,,,,,,,,,,,,,,,,,,,,,,,,,,,,,,,,,,,,,,,,,,,,,,,,,,,,,,,,,,,,,,,,,,,,,,,,,,,,,,,,,,,,,,,,,,,,,,,,,,,,,,,,,,,,,,
GC-BCVI-OGBS-24-S81-T1,a,15,6,35,3,0.4483,5718.75,2437.5,3281.25,0.0555,5531.25,4500,1031.25,0.0505,5437.5,4406.25,1031.25,0.0606,5343.75,3750,1593.75,0.0535,5156.25,4312.5,843.75,0.0687,5437.5,2437.5,3000,0.0434,5718.75,2437.5,3281.25,,,,,,,,,,,,,,,,,,,,,,,,,,,,,,,,,,,,,,,,,,,,,,,,,,,,,,,,,,,,,,,,,,,,,,,,,,,,,,,,,,,,,,,,,,,,,,,,,,,,,,,,,,,,,,,,,,,,,,,,,,,,,,,,,,,,,,,,
GC-BCVI-OGBS-24-S216-T12,a,15,6,35,3,0.3873,5625,2062.5,3562.5,0.0557,5625,4312.5,1312.5,0.0529,5343.75,4312.5,1031.25,0.0529,5250,3750,1500,0.0548,5156.25,3750,1406.25,0.0715,5343.75,2437.5,2906.25,0.0455,4593.75,2062.5,2531.25,,,,,,,,,,,,,,,,,,,,,,,,,,,,,,,,,,,,,,,,,,,,,,,,,,,,,,,,,,,,,,,,,,,,,,,,,,,,,,,,,,,,,,,,,,,,,,,,,,,,,,,,,,,,,,,,,,,,,,,,,,,,,,,,,,,,,,,,
GC-BCVI-OGBS-24-S231-T12,a,15,6,35,3,0.447,5531.25,2343.75,3187.5,0.0522,5437.5,3656.25,1781.25,0.0599,5343.75,4312.5,1031.25,0.0492,5156.25,4031.25,1125,0.0507,4968.75,4125,843.75,0.0653,5531.25,2343.75,3187.5,0.0415,5531.25,2625,2906.25,,,,,,,,,,,,,,,,,,,,,,,,,,,,,,,,,,,,,,,,,,,,,,,,,,,,,,,,,,,,,,,,,,,,,,,,,,,,,,,,,,,,,,,,,,,,,,,,,,,,,,,,,,,,,,,,,,,,,,,,,,,,,,,,,,,,,,,,
GC-BCVI-OGBS-24-S40-T10,b,15,3,35,2,0.3064,6656.25,2718.75,3937.5,0.0552,4031.25,2718.75,1312.5,0.0692,3843.75,2812.5,1031.25,0.1197,6656.25,5062.5,1593.75,,,,,,,,,,,,,,,,,,,,,,,,,,,,,,,,,,,,,,,,,,,,,,,,,,,,,,,,,,,,,,,,,,,,,,,,,,,,,,,,,,,,,,,,,,,,,,,,,,,,,,,,,,,,,,,,,,,,,,,,,,,,,,,,,,,,,,,,,,,,,,,,,,,,
GC-BCVI-OGBS-24-S48-T10,b,15,3,35,2,0.3438,6937.5,2718.75,4218.75,0.1548,6937.5,4687.5,2250,0.0673,4312.5,2718.75,1593.75,0.0577,3468.75,2718.75,750,,,,,,,,,,,,,,,,,,,,,,,,,,,,,,,,,,,,,,,,,,,,,,,,,,,,,,,,,,,,,,,,,,,,,,,,,,,,,,,,,,,,,,,,,,,,,,,,,,,,,,,,,,,,,,,,,,,,,,,,,,,,,,,,,,,,,,,,,,,,,,,,,,,,
GC-BCVI-OGBS-24-S196-T10,b,15,3,35,2,0.3414,7125,2343.75,4781.25,0.1634,7125,3093.75,4031.25,0.0721,4031.25,2437.5,1593.75,0.0631,3375,2343.75,1031.25,,,,,,,,,,,,,,,,,,,,,,,,,,,,,,,,,,,,,,,,,,,,,,,,,,,,,,,,,,,,,,,,,,,,,,,,,,,,,,,,,,,,,,,,,,,,,,,,,,,,,,,,,,,,,,,,,,,,,,,,,,,,,,,,,,,,,,,,,,,,,,,,,,,,
GC-BCVI-OGBS-24-S199-T10,b,15,3,35,2,0.3424,6843.75,2625,4218.75,0.1533,6843.75,3000,3843.75,0.0758,3843.75,2812.5,1031.25,0.0733,3468.75,2625,843.75,,,,,,,,,,,,,,,,,,,,,,,,,,,,,,,,,,,,,,,,,,,,,,,,,,,,,,,,,,,,,,,,,,,,,,,,,,,,,,,,,,,,,,,,,,,,,,,,,,,,,,,,,,,,,,,,,,,,,,,,,,,,,,,,,,,,,,,,,,,,,,,,,,,,
GC-BCVI-OGBS-24-S59-T37,c,15,11,35,6,1.0253,8437.5,2250,6187.5,0.0985,4968.75,2250,2718.75,0.0408,4687.5,3843.75,843.75,0.0352,4875,3562.5,1312.5,0.0464,4500,2437.5,2062.5,0.0394,5906.25,4031.25,1875,0.0816,3937.5,2718.75,1218.75,0.1195,8437.5,4875,3562.5,0.0366,2625,2343.75,281.25,0.0366,3562.5,2718.75,843.75,0.0352,3562.5,2625,937.5,0.0366,3750,3281.25,468.75,,,,,,,,,,,,,,,,,,,,,,,,,,,,,,,,,,,,,,,,,,,,,,,,,,,,,,,,,,,,,,,,,,,,,,,,,,,,,,,,,,,,,,,,,,,,,,,,,,,,,,,,,,,,,,,,,,,,
GC-BCVI-OGBS-24-S156-T29,c,15,12,35,6,1.0102,7031.25,2250,4781.25,0.065,5718.75,3937.5,1781.25,0.0314,4406.25,3937.5,468.75,0.0392,4406.25,3843.75,562.5,0.0437,4687.5,3656.25,1031.25,0.0459,5531.25,3562.5,1968.75,0.0762,3843.75,3000,843.75,0.1243,7031.25,4125,2906.25,0.0426,2531.25,2250,281.25,0.0459,3093.75,2718.75,375,0.0336,3468.75,3000,468.75,0.0336,3656.25,3000,656.25,0.0414,3750,3468.75,281.25,,,,,,,,,,,,,,,,,,,,,,,,,,,,,,,,,,,,,,,,,,,,,,,,,,,,,,,,,,,,,,,,,,,,,,,,,,,,,,,,,,,,,,,,,,,,,,,,,,,,,,,,,,,,,,,,
GC-BCVI-OGBS-24-S220-T29,c,15,11,35,6,0.9846,8906.25,2156.25,6750,0.0911,6187.5,2437.5,3750,0.0361,4687.5,3843.75,843.75,0.0346,4687.5,4031.25,656.25,0.041,4687.5,3375,1312.5,0.0353,5343.75,4593.75,750,0.0866,3937.5,2625,1312.5,0.1231,8906.25,4593.75,4312.5,0.0376,2625,2156.25,468.75,0.0456,3093.75,2250,843.75,0.0376,3750,3000,750,0.041,3468.75,2718.75,750,,,,,,,,,,,,,,,,,,,,,,,,,,,,,,,,,,,,,,,,,,,,,,,,,,,,,,,,,,,,,,,,,,,,,,,,,,,,,,,,,,,,,,,,,,,,,,,,,,,,,,,,,,,,,,,,,,,,
GC-BCVI-OGBS-24-S225-T29,c,15,12,35,6,1.0087,8437.5,2156.25,6281.25,0.0828,6562.5,3093.75,3468.75,0.0409,4781.25,3843.75,937.5,0.0387,4781.25,3562.5,1218.75,0.0387,4781.25,3562.5,1218.75,0.028,4968.75,4687.5,281.25,0.0753,3843.75,2437.5,1406.25,0.1204,8437.5,4875,3562.5,0.0452,3562.5,2156.25,1406.25,0.0462,3468.75,2625,843.75,0.0398,3375,2625,750,0.0409,3468.75,3187.5,281.25,0.0473,3750,3562.5,187.5,,,,,,,,,,,,,,,,,,,,,,,,,,,,,,,,,,,,,,,,,,,,,,,,,,,,,,,,,,,,,,,,,,,,,,,,,,,,,,,,,,,,,,,,,,,,,,,,,,,,,,,,,,,,,,,,
GC-BCVI-OGBS-24-S228-T29,c,15,12,35,6,1.0243,7781.25,2343.75,5437.5,0.0953,6750,3187.5,3562.5,0.0376,4687.5,2531.25,2156.25,0.0351,4687.5,3843.75,843.75,0.0401,4687.5,3656.25,1031.25,0.0339,5156.25,3656.25,1500,0.0702,3843.75,3093.75,750,0.1179,7781.25,4500,3281.25,0.0326,2625,2343.75,281.25,0.0451,3281.25,2625,656.25,0.0401,3468.75,2625,843.75,0.0326,3656.25,3281.25,375,0.0389,3937.5,3468.75,468.75,,,,,,,,,,,,,,,,,,,,,,,,,,,,,,,,,,,,,,,,,,,,,,,,,,,,,,,,,,,,,,,,,,,,,,,,,,,,,,,,,,,,,,,,,,,,,,,,,,,,,,,,,,,,,,,,
GC-BCVI-OGBS-24-S68-T10,d,15,3,35,3,0.6847,6375,2250,4125,0.1588,6375,3281.25,3093.75,0.0694,5250,3937.5,1312.5,0.1161,3468.75,2250,1218.75,,,,,,,,,,,,,,,,,,,,,,,,,,,,,,,,,,,,,,,,,,,,,,,,,,,,,,,,,,,,,,,,,,,,,,,,,,,,,,,,,,,,,,,,,,,,,,,,,,,,,,,,,,,,,,,,,,,,,,,,,,,,,,,,,,,,,,,,,,,,,,,,,,,,
GC-BCVI-OGBS-24-S78-T10,d,15,2,35,2,0.3402,6187.5,3375,2812.5,0.1701,6187.5,3562.5,2625,0.0761,5625,3375,2250,,,,,,,,,,,,,,,,,,,,,,,,,,,,,,,,,,,,,,,,,,,,,,,,,,,,,,,,,,,,,,,,,,,,,,,,,,,,,,,,,,,,,,,,,,,,,,,,,,,,,,,,,,,,,,,,,,,,,,,,,,,,,,,,,,,,,,,,,,,,,,,,,,,,,,,,
GC-BCVI-OGBS-24-S82-T10,d,15,3,35,3,0.687,6656.25,2062.5,4593.75,0.156,6656.25,3562.5,3093.75,0.0743,5156.25,3750,1406.25,0.1048,3468.75,2062.5,1406.25,,,,,,,,,,,,,,,,,,,,,,,,,,,,,,,,,,,,,,,,,,,,,,,,,,,,,,,,,,,,,,,,,,,,,,,,,,,,,,,,,,,,,,,,,,,,,,,,,,,,,,,,,,,,,,,,,,,,,,,,,,,,,,,,,,,,,,,,,,,,,,,,,,,,
GC-BCVI-OGBS-24-S84-T10,d,15,3,35,3,0.5617,6281.25,2343.75,3937.5,0.1438,6281.25,3468.75,2812.5,0.0719,5531.25,3656.25,1875,0.0829,3468.75,2343.75,1125,,,,,,,,,,,,,,,,,,,,,,,,,,,,,,,,,,,,,,,,,,,,,,,,,,,,,,,,,,,,,,,,,,,,,,,,,,,,,,,,,,,,,,,,,,,,,,,,,,,,,,,,,,,,,,,,,,,,,,,,,,,,,,,,,,,,,,,,,,,,,,,,,,,,
GC-BCVI-OGBS-24-S179-T10,d,15,2,35,2,0.3101,7406.25,3656.25,3750,0.1396,7406.25,3656.25,3750,0.0577,4593.75,3937.5,656.25,,,,,,,,,,,,,,,,,,,,,,,,,,,,,,,,,,,,,,,,,,,,,,,,,,,,,,,,,,,,,,,,,,,,,,,,,,,,,,,,,,,,,,,,,,,,,,,,,,,,,,,,,,,,,,,,,,,,,,,,,,,,,,,,,,,,,,,,,,,,,,,,,,,,,,,,
GC-BCVI-OGBS-24-S88-T16,e,15,5,35,3,0.4482,7031.25,2437.5,4593.75,0.1353,7031.25,3750,3281.25,0.0469,3937.5,2437.5,1500,0.0469,4593.75,3281.25,1312.5,0.0497,5062.5,3187.5,1875,0.046,5062.5,3750,1312.5,,,,,,,,,,,,,,,,,,,,,,,,,,,,,,,,,,,,,,,,,,,,,,,,,,,,,,,,,,,,,,,,,,,,,,,,,,,,,,,,,,,,,,,,,,,,,,,,,,,,,,,,,,,,,,,,,,,,,,,,,,,,,,,,,,,,,,,,,,,,
GC-BCVI-OGBS-24-S91-T16,e,15,5,35,3,0.4779,6468.75,2343.75,4125,0.1647,6468.75,3468.75,3000,0.0504,3937.5,2343.75,1593.75,0.0558,4687.5,3000,1687.5,0.0653,4875,3562.5,1312.5,0.0626,4968.75,3187.5,1781.25,,,,,,,,,,,,,,,,,,,,,,,,,,,,,,,,,,,,,,,,,,,,,,,,,,,,,,,,,,,,,,,,,,,,,,,,,,,,,,,,,,,,,,,,,,,,,,,,,,,,,,,,,,,,,,,,,,,,,,,,,,,,,,,,,,,,,,,,,,,,
GC-BCVI-OGBS-24-S94-T16,e,15,5,35,3,0.4682,7500,2250,5250,0.1504,7500,3656.25,3843.75,0.0492,4125,2250,1875,0.0564,4593.75,3000,1593.75,0.0528,4781.25,3750,1031.25,0.0546,4781.25,3375,1406.25,,,,,,,,,,,,,,,,,,,,,,,,,,,,,,,,,,,,,,,,,,,,,,,,,,,,,,,,,,,,,,,,,,,,,,,,,,,,,,,,,,,,,,,,,,,,,,,,,,,,,,,,,,,,,,,,,,,,,,,,,,,,,,,,,,,,,,,,,,,,
GC-BCVI-OGBS-24-S97-T16,e,15,5,35,3,0.4714,7125,2250,4875,0.1418,7125,3656.25,3468.75,0.0482,3750,2250,1500,0.0628,4406.25,3187.5,1218.75,0.0475,4593.75,3093.75,1500,0.0533,4875,3656.25,1218.75,,,,,,,,,,,,,,,,,,,,,,,,,,,,,,,,,,,,,,,,,,,,,,,,,,,,,,,,,,,,,,,,,,,,,,,,,,,,,,,,,,,,,,,,,,,,,,,,,,,,,,,,,,,,,,,,,,,,,,,,,,,,,,,,,,,,,,,,,,,,
GC-BCVI-OGBS-24-S89-T1,f,15,5,35,2,0.4084,5906.25,2156.25,3750,0.1148,5906.25,3468.75,2437.5,0.0491,4406.25,2156.25,2250,0.0403,3375,2437.5,937.5,0.0482,3562.5,2531.25,1031.25,0.057,3468.75,3093.75,375,,,,,,,,,,,,,,,,,,,,,,,,,,,,,,,,,,,,,,,,,,,,,,,,,,,,,,,,,,,,,,,,,,,,,,,,,,,,,,,,,,,,,,,,,,,,,,,,,,,,,,,,,,,,,,,,,,,,,,,,,,,,,,,,,,,,,,,,,,,,
GC-BCVI-OGBS-24-S123-T1,f,15,4,35,2,0.4287,6562.5,2156.25,4406.25,0.1098,6562.5,4312.5,2250,0.0303,2906.25,2156.25,750,0.037,3375,2250,1125,0.1098,3562.5,2531.25,1031.25,,,,,,,,,,,,,,,,,,,,,,,,,,,,,,,,,,,,,,,,,,,,,,,,,,,,,,,,,,,,,,,,,,,,,,,,,,,,,,,,,,,,,,,,,,,,,,,,,,,,,,,,,,,,,,,,,,,,,,,,,,,,,,,,,,,,,,,,,,,,,,,,
GC-BCVI-OGBS-24-S93-T10,g,15,3,35,2,0.3362,5343.75,2531.25,2812.5,0.1886,5343.75,3656.25,1687.5,0.056,3562.5,2531.25,1031.25,0.0635,3750,2906.25,843.75,,,,,,,,,,,,,,,,,,,,,,,,,,,,,,,,,,,,,,,,,,,,,,,,,,,,,,,,,,,,,,,,,,,,,,,,,,,,,,,,,,,,,,,,,,,,,,,,,,,,,,,,,,,,,,,,,,,,,,,,,,,,,,,,,,,,,,,,,,,,,,,,,,,,
GC-BCVI-OGBS-24-S95-T10,g,15,3,35,2,0.3446,5343.75,2437.5,2906.25,0.185,5343.75,3562.5,1781.25,0.0636,3375,2437.5,937.5,0.0578,3656.25,2625,1031.25,,,,,,,,,,,,,,,,,,,,,,,,,,,,,,,,,,,,,,,,,,,,,,,,,,,,,,,,,,,,,,,,,,,,,,,,,,,,,,,,,,,,,,,,,,,,,,,,,,,,,,,,,,,,,,,,,,,,,,,,,,,,,,,,,,,,,,,,,,,,,,,,,,,,
GC-BCVI-OGBS-24-S99-T10,g,15,3,35,2,0.3678,5437.5,2343.75,3093.75,0.1893,5437.5,3468.75,1968.75,0.0649,3468.75,2343.75,1125,0.0736,3562.5,2812.5,750,,,,,,,,,,,,,,,,,,,,,,,,,,,,,,,,,,,,,,,,,,,,,,,,,,,,,,,,,,,,,,,,,,,,,,,,,,,,,,,,,,,,,,,,,,,,,,,,,,,,,,,,,,,,,,,,,,,,,,,,,,,,,,,,,,,,,,,,,,,,,,,,,,,,
GC-BCVI-OGBS-24-S103-T12,h,15,4,35,2,0.3329,7406.25,2250,5156.25,0.0415,4312.5,3281.25,1031.25,0.0436,7406.25,4687.5,2718.75,0.0443,6375,3562.5,2812.5,0.0887,4781.25,2250,2531.25,,,,,,,,,,,,,,,,,,,,,,,,,,,,,,,,,,,,,,,,,,,,,,,,,,,,,,,,,,,,,,,,,,,,,,,,,,,,,,,,,,,,,,,,,,,,,,,,,,,,,,,,,,,,,,,,,,,,,,,,,,,,,,,,,,,,,,,,,,,,,,,,
GC-BCVI-OGBS-24-S118-T12,h,15,4,35,2,0.372,6937.5,2531.25,4406.25,0.0417,4406.25,3375,1031.25,0.0504,6937.5,3750,3187.5,0.0469,6750,3468.75,3281.25,0.0742,4406.25,2531.25,1875,,,,,,,,,,,,,,,,,,,,,,,,,,,,,,,,,,,,,,,,,,,,,,,,,,,,,,,,,,,,,,,,,,,,,,,,,,,,,,,,,,,,,,,,,,,,,,,,,,,,,,,,,,,,,,,,,,,,,,,,,,,,,,,,,,,,,,,,,,,,,,,,
GC-BCVI-OGBS-24-S115-T1,i,15,6,35,3,0.6484,5625,2437.5,3187.5,0.0374,3937.5,3187.5,750,0.1013,5625,4031.25,1593.75,0.0426,3656.25,3093.75,562.5,0.0382,3281.25,2812.5,468.75,0.0338,3000,2625,375,0.0338,2812.5,2437.5,375,,,,,,,,,,,,,,,,,,,,,,,,,,,,,,,,,,,,,,,,,,,,,,,,,,,,,,,,,,,,,,,,,,,,,,,,,,,,,,,,,,,,,,,,,,,,,,,,,,,,,,,,,,,,,,,,,,,,,,,,,,,,,,,,,,,,,,,,
GC-BCVI-OGBS-24-S125-T40,j,15,5,35,2,0.5229,6468.75,2062.5,4406.25,0.1113,6468.75,5343.75,1125,0.066,2531.25,2062.5,468.75,0.0614,2531.25,2156.25,375,0.0622,2531.25,2062.5,468.75,0.0668,2437.5,2062.5,375,,,,,,,,,,,,,,,,,,,,,,,,,,,,,,,,,,,,,,,,,,,,,,,,,,,,,,,,,,,,,,,,,,,,,,,,,,,,,,,,,,,,,,,,,,,,,,,,,,,,,,,,,,,,,,,,,,,,,,,,,,,,,,,,,,,,,,,,,,,,
GC-BCVI-OGBS-24-S158-T12,k,15,5,35,4,0.4599,6750,2062.5,4687.5,0.0562,6750,5062.5,1687.5,0.0787,6187.5,3468.75,2718.75,0.0631,3375,2343.75,1031.25,0.0625,3093.75,2062.5,1031.25,0.0606,3187.5,2156.25,1031.25,,,,,,,,,,,,,,,,,,,,,,,,,,,,,,,,,,,,,,,,,,,,,,,,,,,,,,,,,,,,,,,,,,,,,,,,,,,,,,,,,,,,,,,,,,,,,,,,,,,,,,,,,,,,,,,,,,,,,,,,,,,,,,,,,,,,,,,,,,,,
GC-BCVI-OGBS-24-S176-T12,k,15,4,35,4,0.4141,6093.75,2156.25,3937.5,0.0524,6093.75,3562.5,2531.25,0.0902,5812.5,3562.5,2250,0.064,3937.5,2156.25,1781.25,0.0669,3281.25,2343.75,937.5,,,,,,,,,,,,,,,,,,,,,,,,,,,,,,,,,,,,,,,,,,,,,,,,,,,,,,,,,,,,,,,,,,,,,,,,,,,,,,,,,,,,,,,,,,,,,,,,,,,,,,,,,,,,,,,,,,,,,,,,,,,,,,,,,,,,,,,,,,,,,,,,
GC-BCVI-OGBS-24-S198-T12,k,15,5,35,4,0.4744,6937.5,2156.25,4781.25,0.0588,6937.5,3562.5,3375,0.0938,5250,3093.75,2156.25,0.067,3750,2156.25,1593.75,0.0629,2906.25,2343.75,562.5,0.0701,3187.5,2156.25,1031.25,,,,,,,,,,,,,,,,,,,,,,,,,,,,,,,,,,,,,,,,,,,,,,,,,,,,,,,,,,,,,,,,,,,,,,,,,,,,,,,,,,,,,,,,,,,,,,,,,,,,,,,,,,,,,,,,,,,,,,,,,,,,,,,,,,,,,,,,,,,,
GC-BCVI-OGBS-24-S218-T12,k,15,5,35,4,0.4609,6750,2062.5,4687.5,0.0675,6750,4875,1875,0.0778,5906.25,3562.5,2343.75,0.0633,4031.25,2250,1781.25,0.0602,3093.75,2062.5,1031.25,0.0623,3093.75,2250,843.75,,,,,,,,,,,,,,,,,,,,,,,,,,,,,,,,,,,,,,,,,,,,,,,,,,,,,,,,,,,,,,,,,,,,,,,,,,,,,,,,,,,,,,,,,,,,,,,,,,,,,,,,,,,,,,,,,,,,,,,,,,,,,,,,,,,,,,,,,,,,
GC-BCVI-OGBS-24-S166-T12,l,15,5,35,3,0.4968,5812.5,1968.75,3843.75,0.0646,5812.5,4218.75,1593.75,0.0939,2718.75,1968.75,750,0.0626,4125,2625,1500,0.0626,4031.25,2437.5,1593.75,0.0559,3843.75,2437.5,1406.25,,,,,,,,,,,,,,,,,,,,,,,,,,,,,,,,,,,,,,,,,,,,,,,,,,,,,,,,,,,,,,,,,,,,,,,,,,,,,,,,,,,,,,,,,,,,,,,,,,,,,,,,,,,,,,,,,,,,,,,,,,,,,,,,,,,,,,,,,,,,
GC-BCVI-OGBS-S5-T33,m,15,4,35,3,0.5113,6468.75,2531.25,3937.5,0.1303,6468.75,4031.25,2437.5,0.0466,4875,3375,1500,0.0792,5906.25,3468.75,2437.5,0.0933,4781.25,2531.25,2250,,,,,,,,,,,,,,,,,,,,,,,,,,,,,,,,,,,,,,,,,,,,,,,,,,,,,,,,,,,,,,,,,,,,,,,,,,,,,,,,,,,,,,,,,,,,,,,,,,,,,,,,,,,,,,,,,,,,,,,,,,,,,,,,,,,,,,,,,,,,,,,,
GC-BCVI-OGBS-S8-T33,m,15,4,35,3,0.5451,6375,3000,3375,0.1315,6375,4593.75,1781.25,0.0555,4781.25,3187.5,1593.75,0.0746,5718.75,3281.25,2437.5,0.1041,4781.25,3000,1781.25,,,,,,,,,,,,,,,,,,,,,,,,,,,,,,,,,,,,,,,,,,,,,,,,,,,,,,,,,,,,,,,,,,,,,,,,,,,,,,,,,,,,,,,,,,,,,,,,,,,,,,,,,,,,,,,,,,,,,,,,,,,,,,,,,,,,,,,,,,,,,,,,
GC-BCVI-OGBS-S9-T33,m,15,4,35,3,0.5262,6187.5,2906.25,3281.25,0.1432,6187.5,3562.5,2625,0.0518,4593.75,3468.75,1125,0.0767,5812.5,3375,2437.5,0.0978,4125,2906.25,1218.75,,,,,,,,,,,,,,,,,,,,,,,,,,,,,,,,,,,,,,,,,,,,,,,,,,,,,,,,,,,,,,,,,,,,,,,,,,,,,,,,,,,,,,,,,,,,,,,,,,,,,,,,,,,,,,,,,,,,,,,,,,,,,,,,,,,,,,,,,,,,,,,,
GC-BCVI-OGBS-S16-T33,m,15,4,35,3,0.4959,6375,2718.75,3656.25,0.1161,6375,4781.25,1593.75,0.0541,5343.75,3093.75,2250,0.0739,5812.5,3656.25,2156.25,0.095,4781.25,2718.75,2062.5,,,,,,,,,,,,,,,,,,,,,,,,,,,,,,,,,,,,,,,,,,,,,,,,,,,,,,,,,,,,,,,,,,,,,,,,,,,,,,,,,,,,,,,,,,,,,,,,,,,,,,,,,,,,,,,,,,,,,,,,,,,,,,,,,,,,,,,,,,,,,,,,
GC-BCVI-OGBS-S25-T33,m,15,4,35,3,0.5118,6468.75,2343.75,4125,0.1349,6468.75,4687.5,1781.25,0.0476,4593.75,3656.25,937.5,0.0767,5718.75,3656.25,2062.5,0.1029,4593.75,2343.75,2250,,,,,,,,,,,,,,,,,,,,,,,,,,,,,,,,,,,,,,,,,,,,,,,,,,,,,,,,,,,,,,,,,,,,,,,,,,,,,,,,,,,,,,,,,,,,,,,,,,,,,,,,,,,,,,,,,,,,,,,,,,,,,,,,,,,,,,,,,,,,,,,,
GC-BCVI-OGBS-S6-T12,n,15,5,35,3,0.515,5625,2343.75,3281.25,0.0759,5625,2718.75,2906.25,0.0403,5531.25,4406.25,1125,0.0372,4968.75,4312.5,656.25,0.0403,4875,4125,750,0.1541,4125,2343.75,1781.25,,,,,,,,,,,,,,,,,,,,,,,,,,,,,,,,,,,,,,,,,,,,,,,,,,,,,,,,,,,,,,,,,,,,,,,,,,,,,,,,,,,,,,,,,,,,,,,,,,,,,,,,,,,,,,,,,,,,,,,,,,,,,,,,,,,,,,,,,,,,
GC-BCVI-OGBS-S20-T12,n,15,6,35,3,0.5946,4968.75,2625,2343.75,0.0856,4781.25,3093.75,1687.5,0.0473,4687.5,3937.5,750,0.0449,4968.75,4312.5,656.25,0.0473,4500,3937.5,562.5,0.031,4500,3375,1125,0.1582,4312.5,2625,1687.5,,,,,,,,,,,,,,,,,,,,,,,,,,,,,,,,,,,,,,,,,,,,,,,,,,,,,,,,,,,,,,,,,,,,,,,,,,,,,,,,,,,,,,,,,,,,,,,,,,,,,,,,,,,,,,,,,,,,,,,,,,,,,,,,,,,,,,,,
GC-BCVI-OGBS-S31-T12,n,15,5,35,3,0.5147,5343.75,2531.25,2812.5,0.0842,4781.25,3187.5,1593.75,0.041,5343.75,4031.25,1312.5,0.0353,5062.5,4406.25,656.25,0.0403,4687.5,4125,562.5,0.1483,4312.5,2531.25,1781.25,,,,,,,,,,,,,,,,,,,,,,,,,,,,,,,,,,,,,,,,,,,,,,,,,,,,,,,,,,,,,,,,,,,,,,,,,,,,,,,,,,,,,,,,,,,,,,,,,,,,,,,,,,,,,,,,,,,,,,,,,,,,,,,,,,,,,,,,,,,,
GC-BCVI-OGBS-S36-T12,n,15,5,35,3,0.5357,5343.75,2531.25,2812.5,0.0804,4781.25,3281.25,1500,0.0451,5062.5,4031.25,1031.25,0.0421,5343.75,3937.5,1406.25,0.0352,5250,4406.25,843.75,0.1752,4406.25,2531.25,1875,,,,,,,,,,,,,,,,,,,,,,,,,,,,,,,,,,,,,,,,,,,,,,,,,,,,,,,,,,,,,,,,,,,,,,,,,,,,,,,,,,,,,,,,,,,,,,,,,,,,,,,,,,,,,,,,,,,,,,,,,,,,,,,,,,,,,,,,,,,,
GC-BCVI-OGBS-S33-T5,o,15,4,35,2,0.8695,6562.5,2250,4312.5,0.042,4593.75,3187.5,1406.25,0.0409,4500,3093.75,1406.25,0.2553,6562.5,3937.5,2625,0.2079,4125,2250,1875,,,,,,,,,,,,,,,,,,,,,,,,,,,,,,,,,,,,,,,,,,,,,,,,,,,,,,,,,,,,,,,,,,,,,,,,,,,,,,,,,,,,,,,,,,,,,,,,,,,,,,,,,,,,,,,,,,,,,,,,,,,,,,,,,,,,,,,,,,,,,,,,
GC-BCVI-OSYR-24-S2-T13,a,15,15,34,8,1.8252,7031.25,2437.5,4593.75,0.163,7031.25,3281.25,3750,0.0538,4406.25,2625,1781.25,0.0521,4125,2531.25,1593.75,0.0387,5156.25,3562.5,1593.75,0.0353,5625,4218.75,1406.25,0.0303,6093.75,4218.75,1875,0.037,5156.25,3562.5,1593.75,0.1109,4406.25,2531.25,1875,0.0756,3562.5,3375,187.5,0.037,4781.25,4218.75,562.5,"0.0353	",5156.25,4687.5,468.75,0.042,4781.25,2812.5,1968.75,0.037,4968.75,4125,843.75,0.0773,5718.75,3468.75,2250,0.2067,3375,2437.5,937.5,,,,,,,,,,,,,,,,,,,,,,,,,,,,,,,,,,,,,,,,,,,,,,,,,,,,,,,,,,,,,,,,,,,,,,,,,,,,,,,,,,,,,,,,,,,,,,,,,,,,
GC-BCVI-OSYR-24-S3-T13,b,15,11,34,7,2.1035,7406.25,2062.5,5343.75,0.2371,2906.25,2062.5,843.75,0.0547,3750,2343.75,1406.25,0.2574,6468.75,4968.75,1500,0.0324,3468.75,2531.25,937.5,0.0243,2718.75,2625,93.75,0.0284,3000,2531.25,468.75,0.0284,2812.5,2531.25,281.25,0.079,7406.25,4125,3281.25,0.1277,3562.5,2250,1312.5,0.0588,5531.25,3562.5,1968.75,0.0547,5531.25,4125,1406.25,,,,,,,,,,,,,,,,,,,,,,,,,,,,,,,,,,,,,,,,,,,,,,,,,,,,,,,,,,,,,,,,,,,,,,,,,,,,,,,,,,,,,,,,,,,,,,,,,,,,,,,,,,,,,,,,,,,,
GC-BCVI-OSYR-24-S6-T18,c,15,7,34,3,0.5004,5531.25,2625,2906.25,0.0359,5250,4406.25,843.75,0.0408,5156.25,4406.25,750,0.0408,5343.75,4406.25,937.5,0.0799,5531.25,3843.75,1687.5,0.0473,4500,2812.5,1687.5,0.0473,3843.75,2625,1218.75,0.0399,3750,2625,1125,,,,,,,,,,,,,,,,,,,,,,,,,,,,,,,,,,,,,,,,,,,,,,,,,,,,,,,,,,,,,,,,,,,,,,,,,,,,,,,,,,,,,,,,,,,,,,,,,,,,,,,,,,,,,,,,,,,,,,,,,,,,,,,,,,,,
GC-BCVI-OSYR-24-S79-T18,c,15,8,34,3,0.5566,5156.25,2250,2906.25,0.0234,5156.25,3656.25,1500,0.0371,5156.25,4875,281.25,0.0393,5156.25,4312.5,843.75,0.0469,5062.5,4968.75,93.75,0.0885,5062.5,3937.5,1125,0.0507,4312.5,2906.25,1406.25,0.0522,4125,2718.75,1406.25,0.0597,3937.5,2250,1687.5,,,,,,,,,,,,,,,,,,,,,,,,,,,,,,,,,,,,,,,,,,,,,,,,,,,,,,,,,,,,,,,,,,,,,,,,,,,,,,,,,,,,,,,,,,,,,,,,,,,,,,,,,,,,,,,,,,,,,,,,,,,,,,,,
GC-BCVI-OSYR-24-S138-T18,c,15,8,34,3,0.5776,5906.25,2437.5,3468.75,0.0304,5906.25,3750,2156.25,0.0394,5906.25,4406.25,1500,0.0349,5437.5,4500,937.5,0.0358,5343.75,4312.5,1031.25,0.0833,5718.75,3093.75,2625,0.0457,4406.25,3093.75,1312.5,0.0573,4218.75,2718.75,1500,0.0582,3843.75,2437.5,1406.25,,,,,,,,,,,,,,,,,,,,,,,,,,,,,,,,,,,,,,,,,,,,,,,,,,,,,,,,,,,,,,,,,,,,,,,,,,,,,,,,,,,,,,,,,,,,,,,,,,,,,,,,,,,,,,,,,,,,,,,,,,,,,,,,
GC-BCVI-OSYR-24-S198-T18,c,15,8,34,3,0.5471,5250,2531.25,2718.75,0.0315,5062.5,2906.25,2156.25,0.0308,5062.5,4218.75,843.75,0.0322,5062.5,4500,562.5,0.0372,5250,4968.75,281.25,0.0759,5156.25,3656.25,1500,0.0466,4312.5,3187.5,1125,0.0487,3562.5,2812.5,750,0.0523,3750,2531.25,1218.75,,,,,,,,,,,,,,,,,,,,,,,,,,,,,,,,,,,,,,,,,,,,,,,,,,,,,,,,,,,,,,,,,,,,,,,,,,,,,,,,,,,,,,,,,,,,,,,,,,,,,,,,,,,,,,,,,,,,,,,,,,,,,,,,
GC-BCVI-OSYR-24-S201-T18,c,15,8,34,3,0.5512,5625,2625,3000,0.0277,5625,4875,750,0.0366,5156.25,4500,656.25,0.0354,5343.75,4593.75,750,0.0301,5531.25,4875,656.25,0.0826,5156.25,3000,2156.25,0.0519,4125,2625,1500,0.0508,3562.5,2718.75,843.75,0.046,3562.5,2625,937.5,,,,,,,,,,,,,,,,,,,,,,,,,,,,,,,,,,,,,,,,,,,,,,,,,,,,,,,,,,,,,,,,,,,,,,,,,,,,,,,,,,,,,,,,,,,,,,,,,,,,,,,,,,,,,,,,,,,,,,,,,,,,,,,,
GC-BCVI-OSYR-24-S219-T18,c,15,8,34,3,0.5595,5343.75,2718.75,2625,0.0307,5062.5,3750,1312.5,0.0337,5343.75,4406.25,937.5,0.0374,5062.5,4500,562.5,0.0224,5062.5,5062.5,0,0.0823,5062.5,4125,937.5,0.0486,3843.75,2906.25,937.5,0.0269,4218.75,3187.5,1031.25,0.0359,3656.25,2718.75,937.5,,,,,,,,,,,,,,,,,,,,,,,,,,,,,,,,,,,,,,,,,,,,,,,,,,,,,,,,,,,,,,,,,,,,,,,,,,,,,,,,,,,,,,,,,,,,,,,,,,,,,,,,,,,,,,,,,,,,,,,,,,,,,,,,
GC-BCVI-OSYR-24-S228-T18,c,15,8,34,3,0.5496,5437.5,2531.25,2906.25,0.0249,4875,3656.25,1218.75,0.0359,5437.5,4687.5,750,0.0396,5156.25,4312.5,843.75,0.0377,5437.5,4218.75,1218.75,0.0792,5062.5,3750,1312.5,0.0497,4125,2718.75,1406.25,0.0433,4031.25,2531.25,1500,0.0433,3843.75,2812.5,1031.25,,,,,,,,,,,,,,,,,,,,,,,,,,,,,,,,,,,,,,,,,,,,,,,,,,,,,,,,,,,,,,,,,,,,,,,,,,,,,,,,,,,,,,,,,,,,,,,,,,,,,,,,,,,,,,,,,,,,,,,,,,,,,,,,
GC-BCVI-OSYR-24-S240-T18,c,15,8,34,3,0.5772,5437.5,2625,2812.5,0.0251,5437.5,4218.75,1218.75,0.0295,5156.25,4781.25,375,0.0328,5156.25,4593.75,562.5,0.0339,5156.25,5062.5,93.75,0.0984,5062.5,4031.25,1031.25,0.059,4218.75,3187.5,1031.25,0.047,3750,3000,750,0.0426,3750,2625,1125,,,,,,,,,,,,,,,,,,,,,,,,,,,,,,,,,,,,,,,,,,,,,,,,,,,,,,,,,,,,,,,,,,,,,,,,,,,,,,,,,,,,,,,,,,,,,,,,,,,,,,,,,,,,,,,,,,,,,,,,,,,,,,,,
GC-BCVI-OSYR-24-S7-T16,d,15,7,34,3,0.6836,6468.75,2343.75,4125,0.1749,6468.75,3562.5,2906.25,0.053,4125,2343.75,1781.25,0.0521,4218.75,2625,1593.75,0.0311,4781.25,3562.5,1218.75,0.037,4406.25,2812.5,1593.75,0.032,5625,4406.25,1218.75,0.0294,5531.25,4500,1031.25,,,,,,,,,,,,,,,,,,,,,,,,,,,,,,,,,,,,,,,,,,,,,,,,,,,,,,,,,,,,,,,,,,,,,,,,,,,,,,,,,,,,,,,,,,,,,,,,,,,,,,,,,,,,,,,,,,,,,,,,,,,,,,,,,,,,
GC-BCVI-OSYR-24-S10-T40,e,15,8,34,5,0.8095,7218.75,2343.75,4875,0.0463,5531.25,2812.5,2718.75,0.0472,5531.25,3656.25,1875,0.0661,3468.75,3187.5,281.25,0.0604,2812.5,2343.75,468.75,0.0274,6281.25,5250,1031.25,0.0293,6656.25,6093.75,562.5,0.0349,7218.75,6000,1218.75,0.1776,5062.5,2625,2437.5,,,,,,,,,,,,,,,,,,,,,,,,,,,,,,,,,,,,,,,,,,,,,,,,,,,,,,,,,,,,,,,,,,,,,,,,,,,,,,,,,,,,,,,,,,,,,,,,,,,,,,,,,,,,,,,,,,,,,,,,,,,,,,,,
GC-BCVI-OSYR-24-S21-T40,e,15,7,34,4,0.7293,6843.75,2250,4593.75,0.0439,5812.5,4218.75,1593.75,0.0496,5718.75,4125,1593.75,0.0525,2906.25,2250,656.25,0.0315,5718.75,5062.5,656.25,0.0449,6468.75,5625,843.75,0.0372,6843.75,6375,468.75,0.1709,4968.75,2531.25,2437.5,,,,,,,,,,,,,,,,,,,,,,,,,,,,,,,,,,,,,,,,,,,,,,,,,,,,,,,,,,,,,,,,,,,,,,,,,,,,,,,,,,,,,,,,,,,,,,,,,,,,,,,,,,,,,,,,,,,,,,,,,,,,,,,,,,,,
GC-BCVI-OSYR-24-S80-T40,e,15,7,34,4,0.7873,6750,2250,4500,0.0459,5250,3187.5,2062.5,0.0526,5156.25,4125,1031.25,0.0813,3562.5,2250,1312.5,0.0344,5625,5531.25,93.75,0.0287,6375,6281.25,93.75,0.043,6750,6187.5,562.5,0.177,4968.75,2718.75,2250,,,,,,,,,,,,,,,,,,,,,,,,,,,,,,,,,,,,,,,,,,,,,,,,,,,,,,,,,,,,,,,,,,,,,,,,,,,,,,,,,,,,,,,,,,,,,,,,,,,,,,,,,,,,,,,,,,,,,,,,,,,,,,,,,,,,
GC-BCVI-OSYR-24-S82-T40,e,15,7,34,4,0.7509,6562.5,2343.75,4218.75,0.0376,5250,4125,1125,0.0434,5062.5,4218.75,843.75,0.0463,3562.5,2343.75,1218.75,0.0386,6093.75,5250,843.75,0.026,6562.5,6093.75,468.75,0.0337,6562.5,6093.75,468.75,0.1648,4968.75,2531.25,2437.5,,,,,,,,,,,,,,,,,,,,,,,,,,,,,,,,,,,,,,,,,,,,,,,,,,,,,,,,,,,,,,,,,,,,,,,,,,,,,,,,,,,,,,,,,,,,,,,,,,,,,,,,,,,,,,,,,,,,,,,,,,,,,,,,,,,,
GC-BCVI-OSYR-24-S120-T40,e,15,7,34,4,0.7678,6843.75,2156.25,4687.5,0.0553,5718.75,4125,1593.75,0.0565,5250,3375,1875,0.0711,3093.75,2156.25,937.5,0.0339,5812.5,5531.25,281.25,0.0361,6468.75,6000,468.75,0.0305,6843.75,6375,468.75,0.1694,4875,2812.5,2062.5,,,,,,,,,,,,,,,,,,,,,,,,,,,,,,,,,,,,,,,,,,,,,,,,,,,,,,,,,,,,,,,,,,,,,,,,,,,,,,,,,,,,,,,,,,,,,,,,,,,,,,,,,,,,,,,,,,,,,,,,,,,,,,,,,,,,
GC-BCVI-OSYR-24-S124-T40,e,15,7,34,4,0.806,7218.75,2156.25,5062.5,0.0456,5531.25,4312.5,1218.75,0.0514,5531.25,4031.25,1500,0.0666,3468.75,2156.25,1312.5,0.0304,6093.75,5531.25,562.5,0.035,6468.75,6000,468.75,0.0339,7218.75,6375,843.75,0.167,4875,2718.75,2156.25,,,,,,,,,,,,,,,,,,,,,,,,,,,,,,,,,,,,,,,,,,,,,,,,,,,,,,,,,,,,,,,,,,,,,,,,,,,,,,,,,,,,,,,,,,,,,,,,,,,,,,,,,,,,,,,,,,,,,,,,,,,,,,,,,,,,
GC-BCVI-OSYR-24-S194-T40,e,15,7,34,4,0.7696,7312.5,2156.25,5156.25,0.0482,5718.75,4312.5,1406.25,0.0508,5718.75,4218.75,1500,0.0728,4031.25,2156.25,1875,0.0333,5906.25,5625,281.25,0.0254,6656.25,6281.25,375,0.0316,7312.5,6843.75,468.75,0.1631,5062.5,2531.25,2531.25,,,,,,,,,,,,,,,,,,,,,,,,,,,,,,,,,,,,,,,,,,,,,,,,,,,,,,,,,,,,,,,,,,,,,,,,,,,,,,,,,,,,,,,,,,,,,,,,,,,,,,,,,,,,,,,,,,,,,,,,,,,,,,,,,,,,
GC-BCVI-OSYR-24-S211-T40,e,15,7,34,4,0.8004,7031.25,2343.75,4687.5,0.0449,5343.75,4312.5,1031.25,0.0457,5437.5,4406.25,1031.25,0.0616,3187.5,2343.75,843.75,0.0299,6375,5437.5,937.5,0.0273,6750,6093.75,656.25,0.0308,7031.25,6750,281.25,0.1627,4968.75,2718.75,2250,,,,,,,,,,,,,,,,,,,,,,,,,,,,,,,,,,,,,,,,,,,,,,,,,,,,,,,,,,,,,,,,,,,,,,,,,,,,,,,,,,,,,,,,,,,,,,,,,,,,,,,,,,,,,,,,,,,,,,,,,,,,,,,,,,,,
GC-BCVI-OSYR-24-S215-T40,e,15,7,34,4,0.7781,6750,2343.75,4406.25,0.0467,5718.75,3937.5,1781.25,0.0591,5625,4031.25,1593.75,0.062,4031.25,2343.75,1687.5,0.0267,5718.75,5531.25,187.5,0.0238,6375,6187.5,187.5,0.0238,6750,6187.5,562.5,0.1697,5062.5,2718.75,2343.75,,,,,,,,,,,,,,,,,,,,,,,,,,,,,,,,,,,,,,,,,,,,,,,,,,,,,,,,,,,,,,,,,,,,,,,,,,,,,,,,,,,,,,,,,,,,,,,,,,,,,,,,,,,,,,,,,,,,,,,,,,,,,,,,,,,,
GC-BCVI-OSYR-24-S225-T40,e,15,7,34,4,0.7948,7125,2343.75,4781.25,0.0415,5343.75,4218.75,1125,0.0536,5437.5,4031.25,1406.25,0.0688,3281.25,2343.75,937.5,0.0293,5812.5,5343.75,468.75,0.0253,6468.75,5343.75,1125,0.0283,7125,6656.25,468.75,0.1587,4875,2531.25,2343.75,,,,,,,,,,,,,,,,,,,,,,,,,,,,,,,,,,,,,,,,,,,,,,,,,,,,,,,,,,,,,,,,,,,,,,,,,,,,,,,,,,,,,,,,,,,,,,,,,,,,,,,,,,,,,,,,,,,,,,,,,,,,,,,,,,,,
GC-BCVI-OSYR-24-S235-T40,e,15,7,34,4,0.7766,6656.25,2437.5,4218.75,0.0452,5343.75,4031.25,1312.5,0.0573,5718.75,3843.75,1875,0.0705,3843.75,2437.5,1406.25,0.0286,5625,5437.5,187.5,0.0297,6375,6281.25,93.75,0.033,6656.25,6562.5,93.75,0.1663,5062.5,2531.25,2531.25,,,,,,,,,,,,,,,,,,,,,,,,,,,,,,,,,,,,,,,,,,,,,,,,,,,,,,,,,,,,,,,,,,,,,,,,,,,,,,,,,,,,,,,,,,,,,,,,,,,,,,,,,,,,,,,,,,,,,,,,,,,,,,,,,,,,
GC-BCVI-OSYR-24-S280-T40,e,15,7,34,4,0.7933,6843.75,2343.75,4500,0.0518,5625,4218.75,1406.25,0.0449,5625,4218.75,1406.25,0.0699,3281.25,2343.75,937.5,0.0311,5625,5156.25,468.75,0.0302,6562.5,6000,562.5,0.0328,6843.75,6468.75,375,0.1718,4968.75,2531.25,2437.5,,,,,,,,,,,,,,,,,,,,,,,,,,,,,,,,,,,,,,,,,,,,,,,,,,,,,,,,,,,,,,,,,,,,,,,,,,,,,,,,,,,,,,,,,,,,,,,,,,,,,,,,,,,,,,,,,,,,,,,,,,,,,,,,,,,,
GC-BCVI-OSYR-24-S23-T16,f,15,5,34,2,0.5016,6375,2156.25,4218.75,0.14,6375,2625,3750,0.0527,3750,2156.25,1593.75,0.0471,4687.5,3000,1687.5,0.0499,4968.75,3468.75,1500,0.0499,5156.25,3656.25,1500,,,,,,,,,,,,,,,,,,,,,,,,,,,,,,,,,,,,,,,,,,,,,,,,,,,,,,,,,,,,,,,,,,,,,,,,,,,,,,,,,,,,,,,,,,,,,,,,,,,,,,,,,,,,,,,,,,,,,,,,,,,,,,,,,,,,,,,,,,,,
GC-BCVI-OSYR-24-S28-T9,g,15,3,34,3,0.3217,5906.25,2156.25,3750,0.0488,4875,3468.75,1406.25,0.0533,5906.25,4781.25,1125,0.1446,4031.25,2156.25,1875,,,,,,,,,,,,,,,,,,,,,,,,,,,,,,,,,,,,,,,,,,,,,,,,,,,,,,,,,,,,,,,,,,,,,,,,,,,,,,,,,,,,,,,,,,,,,,,,,,,,,,,,,,,,,,,,,,,,,,,,,,,,,,,,,,,,,,,,,,,,,,,,,,,,
GC-BCVI-OSYR-24-S108-T19,g,15,3,34,3,0.338,5812.5,2156.25,3656.25,0.0298,4500,3750,750,0.0472,5812.5,4781.25,1031.25,0.135,3656.25,2156.25,1500,,,,,,,,,,,,,,,,,,,,,,,,,,,,,,,,,,,,,,,,,,,,,,,,,,,,,,,,,,,,,,,,,,,,,,,,,,,,,,,,,,,,,,,,,,,,,,,,,,,,,,,,,,,,,,,,,,,,,,,,,,,,,,,,,,,,,,,,,,,,,,,,,,,,
GC-BCVI-OSYR-24-S48-T15,h,15,7,34,3,0.7035,5718.75,3187.5,2531.25,0.1156,4593.75,3187.5,1406.25,0.0793,5625,4593.75,1031.25,0.0815,5718.75,4218.75,1500,0.0467,4593.75,3750,843.75,0.0563,4687.5,3750,937.5,0.046,4781.25,3562.5,1218.75,0.0578,4781.25,3656.25,1125,,,,,,,,,,,,,,,,,,,,,,,,,,,,,,,,,,,,,,,,,,,,,,,,,,,,,,,,,,,,,,,,,,,,,,,,,,,,,,,,,,,,,,,,,,,,,,,,,,,,,,,,,,,,,,,,,,,,,,,,,,,,,,,,,,,,
GC-BCVI-OSYR-24-S53-T1,i,15,4,34,2,0.4342,6281.25,4593.75,1687.5,0.0813,5625,5062.5,562.5,0.0461,5906.25,4593.75,1312.5,0.0521,6281.25,4687.5,1593.75,0.0509,6093.75,5250,843.75,,,,,,,,,,,,,,,,,,,,,,,,,,,,,,,,,,,,,,,,,,,,,,,,,,,,,,,,,,,,,,,,,,,,,,,,,,,,,,,,,,,,,,,,,,,,,,,,,,,,,,,,,,,,,,,,,,,,,,,,,,,,,,,,,,,,,,,,,,,,,,,,
GC-BCVI-OSYR-24-S55-T37,i,15,6,34,4,0.9647,6187.5,2250,3937.5,0.0755,5718.75,4500,1218.75,0.0461,6000,4593.75,1406.25,0.0398,6187.5,4687.5,1500,0.0524,6093.75,4593.75,1500,0.0881,4781.25,3750,1031.25,0.2034,3375,2250,1125,,,,,,,,,,,,,,,,,,,,,,,,,,,,,,,,,,,,,,,,,,,,,,,,,,,,,,,,,,,,,,,,,,,,,,,,,,,,,,,,,,,,,,,,,,,,,,,,,,,,,,,,,,,,,,,,,,,,,,,,,,,,,,,,,,,,,,,,
GC-BCVI-OSYR-24-S57-T37,i,15,6,34,4,0.9038,7125,2343.75,4781.25,0.0655,7125,3843.75,3281.25,0.0422,5156.25,4593.75,562.5,0.0443,6281.25,4687.5,1593.75,0.0465,6187.5,4593.75,1593.75,0.0739,5156.25,4125,1031.25,0.1858,3281.25,2343.75,937.5,,,,,,,,,,,,,,,,,,,,,,,,,,,,,,,,,,,,,,,,,,,,,,,,,,,,,,,,,,,,,,,,,,,,,,,,,,,,,,,,,,,,,,,,,,,,,,,,,,,,,,,,,,,,,,,,,,,,,,,,,,,,,,,,,,,,,,,,
GC-BCVI-OSYR-24-S266-T17,i,15,1,34,1,0.1941,3375,2250,1125,0.1941,3375,2250,1125,,,,,,,,,,,,,,,,,,,,,,,,,,,,,,,,,,,,,,,,,,,,,,,,,,,,,,,,,,,,,,,,,,,,,,,,,,,,,,,,,,,,,,,,,,,,,,,,,,,,,,,,,,,,,,,,,,,,,,,,,,,,,,,,,,,,,,,,,,,,,,,,,,,,,,,,,,,,
GC-BCVI-OSYR-24-S68-T31,j,15,7,34,2,0.6638,7593.75,3843.75,3750,0.1256,7593.75,3843.75,3750,0.0764,5437.5,4593.75,843.75,0.0815,5156.25,4218.75,937.5,0.0357,5812.5,4593.75,1218.75,0.0289,5812.5,4500,1312.5,0.0374,5437.5,4593.75,843.75,0.034,5437.5,4593.75,843.75,,,,,,,,,,,,,,,,,,,,,,,,,,,,,,,,,,,,,,,,,,,,,,,,,,,,,,,,,,,,,,,,,,,,,,,,,,,,,,,,,,,,,,,,,,,,,,,,,,,,,,,,,,,,,,,,,,,,,,,,,,,,,,,,,,,,
GC-BCVI-OSYR-24-S91-T15,k,15,4,34,1,0.2799,6375,4406.25,1968.75,0.053,6375,4406.25,1968.75,0.0445,6187.5,4593.75,1593.75,0.048,5906.25,4500,1406.25,0.0459,5812.5,4500,1312.5,,,,,,,,,,,,,,,,,,,,,,,,,,,,,,,,,,,,,,,,,,,,,,,,,,,,,,,,,,,,,,,,,,,,,,,,,,,,,,,,,,,,,,,,,,,,,,,,,,,,,,,,,,,,,,,,,,,,,,,,,,,,,,,,,,,,,,,,,,,,,,,,
GC-BCVI-OSYR-24-S162-T15,k,15,4,34,1,0.2874,6656.25,4125,2531.25,0.0544,6656.25,4218.75,2437.5,0.0468,6093.75,4593.75,1500,0.057,5718.75,4125,1593.75,0.0527,5906.25,4500,1406.25,,,,,,,,,,,,,,,,,,,,,,,,,,,,,,,,,,,,,,,,,,,,,,,,,,,,,,,,,,,,,,,,,,,,,,,,,,,,,,,,,,,,,,,,,,,,,,,,,,,,,,,,,,,,,,,,,,,,,,,,,,,,,,,,,,,,,,,,,,,,,,,,
GC-BCVI-OSYR-24-S93-T15,l,15,4,34,1,0.2321,5906.25,4500,1406.25,0.0426,5625,4593.75,1031.25,0.0367,5906.25,4500,1406.25,0.0417,5906.25,4500,1406.25,0.0436,5718.75,5343.75,375,,,,,,,,,,,,,,,,,,,,,,,,,,,,,,,,,,,,,,,,,,,,,,,,,,,,,,,,,,,,,,,,,,,,,,,,,,,,,,,,,,,,,,,,,,,,,,,,,,,,,,,,,,,,,,,,,,,,,,,,,,,,,,,,,,,,,,,,,,,,,,,,
GC-BCVI-OSYR-24-S165-T15,l,15,4,34,1,0.2339,6187.5,4406.25,1781.25,0.0411,5437.5,4781.25,656.25,0.0468,5531.25,4687.5,843.75,0.0546,6000,4875,1125,0.0496,6187.5,4406.25,1781.25,,,,,,,,,,,,,,,,,,,,,,,,,,,,,,,,,,,,,,,,,,,,,,,,,,,,,,,,,,,,,,,,,,,,,,,,,,,,,,,,,,,,,,,,,,,,,,,,,,,,,,,,,,,,,,,,,,,,,,,,,,,,,,,,,,,,,,,,,,,,,,,,
GC-BCVI-OSYR-24-S167-T15,l,15,4,34,1,0.1904,5718.75,4593.75,1125,0.0407,5531.25,5156.25,375,0.0508,5250,4593.75,656.25,0.0387,5343.75,4968.75,375,0.0382,5718.75,5437.5,281.25,,,,,,,,,,,,,,,,,,,,,,,,,,,,,,,,,,,,,,,,,,,,,,,,,,,,,,,,,,,,,,,,,,,,,,,,,,,,,,,,,,,,,,,,,,,,,,,,,,,,,,,,,,,,,,,,,,,,,,,,,,,,,,,,,,,,,,,,,,,,,,,,
GC-BCVI-OSYR-24-S107-T34,m,15,10,34,2,0.9012,5531.25,2156.25,3375,0.0458,5531.25,4406.25,1125,0.0481,5250,4125,1125,0.0469,5250,4593.75,656.25,0.1209,5437.5,3093.75,2343.75,0.0505,3468.75,2250,1218.75,0.0387,3281.25,2156.25,1125,0.0387,3000,2156.25,843.75,0.0528,4406.25,3093.75,1312.5,0.0493,4218.75,2812.5,1406.25,0.0505,4406.25,3000,1406.25,,,,,,,,,,,,,,,,,,,,,,,,,,,,,,,,,,,,,,,,,,,,,,,,,,,,,,,,,,,,,,,,,,,,,,,,,,,,,,,,,,,,,,,,,,,,,,,,,,,,,,,,,,,,,,,,,,,,,,,,
GC-BCVI-OSYR-24-S149-T1,m,15,4,34,2,0.3762,5625,2531.25,3093.75,0.0356,4875,2531.25,2343.75,0.0376,4593.75,4125,468.75,0.047,4687.5,4031.25,656.25,0.0929,5625,3093.75,2531.25,,,,,,,,,,,,,,,,,,,,,,,,,,,,,,,,,,,,,,,,,,,,,,,,,,,,,,,,,,,,,,,,,,,,,,,,,,,,,,,,,,,,,,,,,,,,,,,,,,,,,,,,,,,,,,,,,,,,,,,,,,,,,,,,,,,,,,,,,,,,,,,,
GC-BCVI-OSYR-24-S155-T18,m,15,7,34,3,0.6534,5718.75,2156.25,3562.5,0.0443,5718.75,4687.5,1031.25,0.0498,5531.25,4500,1031.25,0.0507,5343.75,4125,1218.75,0.0986,5437.5,3000,2437.5,0.0425,3375,2156.25,1218.75,0.0398,3281.25,2156.25,1125,0.0416,2906.25,2156.25,750,,,,,,,,,,,,,,,,,,,,,,,,,,,,,,,,,,,,,,,,,,,,,,,,,,,,,,,,,,,,,,,,,,,,,,,,,,,,,,,,,,,,,,,,,,,,,,,,,,,,,,,,,,,,,,,,,,,,,,,,,,,,,,,,,,,,
GC-BCVI-OSYR-24-S123-T15,n,15,1,34,1,0.1888,4312.5,2062.5,2250,0.1888,4312.5,2062.5,2250,,,,,,,,,,,,,,,,,,,,,,,,,,,,,,,,,,,,,,,,,,,,,,,,,,,,,,,,,,,,,,,,,,,,,,,,,,,,,,,,,,,,,,,,,,,,,,,,,,,,,,,,,,,,,,,,,,,,,,,,,,,,,,,,,,,,,,,,,,,,,,,,,,,,,,,,,,,,
GC-BCVI-OSYR-24-S190-T15,n,15,1,34,1,0.2223,4781.25,2156.25,2625,0.2223,4781.25,2156.25,2625,,,,,,,,,,,,,,,,,,,,,,,,,,,,,,,,,,,,,,,,,,,,,,,,,,,,,,,,,,,,,,,,,,,,,,,,,,,,,,,,,,,,,,,,,,,,,,,,,,,,,,,,,,,,,,,,,,,,,,,,,,,,,,,,,,,,,,,,,,,,,,,,,,,,,,,,,,,,
GC-BCVI-OSYR-24-S141-T17,o,15,2,34,2,0.5015,6000,3093.75,2906.25,0.1758,6000,4312.5,1687.5,0.1164,4312.5,3093.75,1218.75,,,,,,,,,,,,,,,,,,,,,,,,,,,,,,,,,,,,,,,,,,,,,,,,,,,,,,,,,,,,,,,,,,,,,,,,,,,,,,,,,,,,,,,,,,,,,,,,,,,,,,,,,,,,,,,,,,,,,,,,,,,,,,,,,,,,,,,,,,,,,,,,,,,,,,,,
GC-BCVI-OSYR-24-S187-T17,o,15,1,34,1,0.1712,6000,4593.75,1406.25,0.1712,6000,4593.75,1406.25,,,,,,,,,,,,,,,,,,,,,,,,,,,,,,,,,,,,,,,,,,,,,,,,,,,,,,,,,,,,,,,,,,,,,,,,,,,,,,,,,,,,,,,,,,,,,,,,,,,,,,,,,,,,,,,,,,,,,,,,,,,,,,,,,,,,,,,,,,,,,,,,,,,,,,,,,,,,
GC-BCVI-OSYR-24-S196-T17,o,15,2,34,2,0.4483,6187.5,3093.75,3093.75,0.1882,6187.5,4500,1687.5,0.119,4218.75,3093.75,1125,,,,,,,,,,,,,,,,,,,,,,,,,,,,,,,,,,,,,,,,,,,,,,,,,,,,,,,,,,,,,,,,,,,,,,,,,,,,,,,,,,,,,,,,,,,,,,,,,,,,,,,,,,,,,,,,,,,,,,,,,,,,,,,,,,,,,,,,,,,,,,,,,,,,,,,,
GC-BCVI-OSYR-24-S210-T17,o,15,2,34,2,0.2984,6093.75,3093.75,3000,0.1924,6093.75,4218.75,1875,0.0778,4406.25,3093.75,1312.5,,,,,,,,,,,,,,,,,,,,,,,,,,,,,,,,,,,,,,,,,,,,,,,,,,,,,,,,,,,,,,,,,,,,,,,,,,,,,,,,,,,,,,,,,,,,,,,,,,,,,,,,,,,,,,,,,,,,,,,,,,,,,,,,,,,,,,,,,,,,,,,,,,,,,,,,
GC-BCVI-OSYR-24-S220-T17,o,15,2,34,2,0.429,5625,2906.25,2718.75,0.1746,5625,4125,1500,0.1076,3937.5,2906.25,1031.25,,,,,,,,,,,,,,,,,,,,,,,,,,,,,,,,,,,,,,,,,,,,,,,,,,,,,,,,,,,,,,,,,,,,,,,,,,,,,,,,,,,,,,,,,,,,,,,,,,,,,,,,,,,,,,,,,,,,,,,,,,,,,,,,,,,,,,,,,,,,,,,,,,,,,,,,
GC-BCVI-OSYR-24-S226-T17,o,15,2,34,2,0.4176,6000,3093.75,2906.25,0.1915,6000,4218.75,1781.25,0.1028,4406.25,3093.75,1312.5,,,,,,,,,,,,,,,,,,,,,,,,,,,,,,,,,,,,,,,,,,,,,,,,,,,,,,,,,,,,,,,,,,,,,,,,,,,,,,,,,,,,,,,,,,,,,,,,,,,,,,,,,,,,,,,,,,,,,,,,,,,,,,,,,,,,,,,,,,,,,,,,,,,,,,,,
GC-BCVI-OSYR-24-S258-T17,o,15,1,34,1,0.1886,6093.75,4218.75,1875,0.1886,6093.75,4218.75,1875,,,,,,,,,,,,,,,,,,,,,,,,,,,,,,,,,,,,,,,,,,,,,,,,,,,,,,,,,,,,,,,,,,,,,,,,,,,,,,,,,,,,,,,,,,,,,,,,,,,,,,,,,,,,,,,,,,,,,,,,,,,,,,,,,,,,,,,,,,,,,,,,,,,,,,,,,,,,
GC-BCVI-OSYR-24-S274-T17,o,15,2,34,2,0.4233,6093.75,3093.75,3000,0.1942,6093.75,4406.25,1687.5,0.1162,4312.5,3093.75,1218.75,,,,,,,,,,,,,,,,,,,,,,,,,,,,,,,,,,,,,,,,,,,,,,,,,,,,,,,,,,,,,,,,,,,,,,,,,,,,,,,,,,,,,,,,,,,,,,,,,,,,,,,,,,,,,,,,,,,,,,,,,,,,,,,,,,,,,,,,,,,,,,,,,,,,,,,,
GC-BCVI-RSKB-24-T1-160,a,16,6,31,2,0.3748,5437.5,2625,2812.5,0.0511,5156.25,2718.75,2437.5,0.0584,4968.75,3281.25,1687.5,0.0294,4031.25,2625,1406.25,0.0362,4593.75,2718.75,1875,0.0335,5437.5,3562.5,1875,0.0312,5437.5,4406.25,1031.25,,,,,,,,,,,,,,,,,,,,,,,,,,,,,,,,,,,,,,,,,,,,,,,,,,,,,,,,,,,,,,,,,,,,,,,,,,,,,,,,,,,,,,,,,,,,,,,,,,,,,,,,,,,,,,,,,,,,,,,,,,,,,,,,,,,,,,,,
GC-BCVI-RSKB-24-T2-108,b,16,4,31,2,0.3523,6187.5,2062.5,4125,0.0339,5531.25,3468.75,2062.5,0.0461,6187.5,5250,937.5,0.0468,5906.25,4968.75,937.5,0.0929,2906.25,2062.5,843.75,,,,,,,,,,,,,,,,,,,,,,,,,,,,,,,,,,,,,,,,,,,,,,,,,,,,,,,,,,,,,,,,,,,,,,,,,,,,,,,,,,,,,,,,,,,,,,,,,,,,,,,,,,,,,,,,,,,,,,,,,,,,,,,,,,,,,,,,,,,,,,,,
GC-BCVI-RSKB-24-T2-126,b,16,5,31,3,0.6418,6375,2156.25,4218.75,0.1118,5437.5,3937.5,1500,0.0444,5343.75,3750,1593.75,0.047,6375,4687.5,1687.5,0.0506,5906.25,4406.25,1500,0.1056,2812.5,2156.25,656.25,,,,,,,,,,,,,,,,,,,,,,,,,,,,,,,,,,,,,,,,,,,,,,,,,,,,,,,,,,,,,,,,,,,,,,,,,,,,,,,,,,,,,,,,,,,,,,,,,,,,,,,,,,,,,,,,,,,,,,,,,,,,,,,,,,,,,,,,,,,,
GC-BCVI-RSKB-24-t2-129,b,16,5,31,3,0.6654,6375,2062.5,4312.5,0.1372,6375,4125,2250,0.04,5718.75,4406.25,1312.5,0.04,6281.25,4125,2156.25,0.0368,6187.5,4968.75,1218.75,0.1419,3562.5,2062.5,1500,,,,,,,,,,,,,,,,,,,,,,,,,,,,,,,,,,,,,,,,,,,,,,,,,,,,,,,,,,,,,,,,,,,,,,,,,,,,,,,,,,,,,,,,,,,,,,,,,,,,,,,,,,,,,,,,,,,,,,,,,,,,,,,,,,,,,,,,,,,,
GC-BCVI-RSKB-24-T2-135,b,16,4,31,2,0.4051,5718.75,2062.5,3656.25,0.0347,5250,4687.5,562.5,0.0382,5343.75,3093.75,2250,0.0361,5718.75,4687.5,1031.25,0.1402,3750,2062.5,1687.5,,,,,,,,,,,,,,,,,,,,,,,,,,,,,,,,,,,,,,,,,,,,,,,,,,,,,,,,,,,,,,,,,,,,,,,,,,,,,,,,,,,,,,,,,,,,,,,,,,,,,,,,,,,,,,,,,,,,,,,,,,,,,,,,,,,,,,,,,,,,,,,,
GC-BCVI-RSKB-24-T12-22,c,16,6,31,3,0.706,6843.75,2156.25,4687.5,0.0413,6093.75,4031.25,2062.5,0.0386,5906.25,4125,1781.25,0.0386,6093.75,4125,1968.75,0.0413,6843.75,3656.25,3187.5,0.0869,4781.25,2156.25,2625,0.173,6000,3937.5,2062.5,,,,,,,,,,,,,,,,,,,,,,,,,,,,,,,,,,,,,,,,,,,,,,,,,,,,,,,,,,,,,,,,,,,,,,,,,,,,,,,,,,,,,,,,,,,,,,,,,,,,,,,,,,,,,,,,,,,,,,,,,,,,,,,,,,,,,,,,
GC-BCVI-RSKB-24-T12-63,c,16,6,31,3,0.6581,6375,2250,4125,0.037,5625,4125,1500,0.037,5906.25,4031.25,1875,0.0396,6000,4031.25,1968.75,0.043,6000,3750,2250,0.0714,4968.75,2250,2718.75,0.1454,6375,3656.25,2718.75,,,,,,,,,,,,,,,,,,,,,,,,,,,,,,,,,,,,,,,,,,,,,,,,,,,,,,,,,,,,,,,,,,,,,,,,,,,,,,,,,,,,,,,,,,,,,,,,,,,,,,,,,,,,,,,,,,,,,,,,,,,,,,,,,,,,,,,,
GC-BCVI-RSKB-24-T12-142,c,16,10,31,6,1.3152,6843.75,2062.5,4781.25,0.1861,6187.5,3281.25,2906.25,0.0457,4312.5,2531.25,1781.25,0.0505,4687.5,2906.25,1781.25,0.071,5812.5,3468.75,2343.75,0.0442,5250,3187.5,2062.5,0.0347,5906.25,3468.75,2437.5,0.041,5906.25,3562.5,2343.75,0.0505,5906.25,3281.25,2625,0.1041,4500,2062.5,2437.5,0.1561,6843.75,3656.25,3187.5,,,,,,,,,,,,,,,,,,,,,,,,,,,,,,,,,,,,,,,,,,,,,,,,,,,,,,,,,,,,,,,,,,,,,,,,,,,,,,,,,,,,,,,,,,,,,,,,,,,,,,,,,,,,,,,,,,,,,,,,
GC-BCVI-RSKB-24-T12-147,c,16,6,31,3,0.6949,6093.75,2062.5,4031.25,0.0476,5812.5,3562.5,2250,0.0452,6093.75,3750,2343.75,0.046,6000,4031.25,1968.75,0.0452,6000,4593.75,1406.25,0.0817,4500,2062.5,2437.5,0.1713,6000,3750,2250,,,,,,,,,,,,,,,,,,,,,,,,,,,,,,,,,,,,,,,,,,,,,,,,,,,,,,,,,,,,,,,,,,,,,,,,,,,,,,,,,,,,,,,,,,,,,,,,,,,,,,,,,,,,,,,,,,,,,,,,,,,,,,,,,,,,,,,,
GC-BCVI-RSKB-24-T15-158,d,16,4,31,1,0.254,6375,4593.75,1781.25,0.0404,6281.25,5718.75,562.5,0.0422,6375,5343.75,1031.25,0.0435,6281.25,5718.75,562.5,0.0392,6281.25,4593.75,1687.5,,,,,,,,,,,,,,,,,,,,,,,,,,,,,,,,,,,,,,,,,,,,,,,,,,,,,,,,,,,,,,,,,,,,,,,,,,,,,,,,,,,,,,,,,,,,,,,,,,,,,,,,,,,,,,,,,,,,,,,,,,,,,,,,,,,,,,,,,,,,,,,,
GC-BCVI-RSKB-24-T16-23,c,16,5,31,3,0.5194,7218.75,2625,4593.75,0.156,7218.75,3937.5,3281.25,0.0476,4875,2625,2250,0.0501,4968.75,3187.5,1781.25,0.0444,5250,3468.75,1781.25,0.0495,5906.25,3468.75,2437.5,,,,,,,,,,,,,,,,,,,,,,,,,,,,,,,,,,,,,,,,,,,,,,,,,,,,,,,,,,,,,,,,,,,,,,,,,,,,,,,,,,,,,,,,,,,,,,,,,,,,,,,,,,,,,,,,,,,,,,,,,,,,,,,,,,,,,,,,,,,,
GC-BCVI-RSKB-24-T16-54,e,16,4,31,2,0.4448,5718.75,2437.5,3281.25,0.2186,5718.75,4312.5,1406.25,0.0471,4031.25,2531.25,1500,0.0445,3468.75,2437.5,1031.25,0.044,4406.25,2437.5,1968.75,,,,,,,,,,,,,,,,,,,,,,,,,,,,,,,,,,,,,,,,,,,,,,,,,,,,,,,,,,,,,,,,,,,,,,,,,,,,,,,,,,,,,,,,,,,,,,,,,,,,,,,,,,,,,,,,,,,,,,,,,,,,,,,,,,,,,,,,,,,,,,,,
GC-BCVI-RSKB-24-T16-55,c,16,5,31,3,0.5319,7406.25,2718.75,4687.5,0.1689,7406.25,3656.25,3750,0.0429,3750,2718.75,1031.25,0.0463,4781.25,3375,1406.25,0.0531,5250,3375,1875,0.047,5531.25,3375,2156.25,,,,,,,,,,,,,,,,,,,,,,,,,,,,,,,,,,,,,,,,,,,,,,,,,,,,,,,,,,,,,,,,,,,,,,,,,,,,,,,,,,,,,,,,,,,,,,,,,,,,,,,,,,,,,,,,,,,,,,,,,,,,,,,,,,,,,,,,,,,,
GC-BCVI-RSKB-24-T16-64,c,16,5,31,3,0.5397,6750,2437.5,4312.5,0.147,6750,3843.75,2906.25,0.0475,4406.25,2437.5,1968.75,0.0475,5062.5,3187.5,1875,0.0527,5250,3750,1500,0.0563,5906.25,3750,2156.25,,,,,,,,,,,,,,,,,,,,,,,,,,,,,,,,,,,,,,,,,,,,,,,,,,,,,,,,,,,,,,,,,,,,,,,,,,,,,,,,,,,,,,,,,,,,,,,,,,,,,,,,,,,,,,,,,,,,,,,,,,,,,,,,,,,,,,,,,,,,
GC-BCVI-RSKB-24-T16-67,c,16,5,31,3,0.5299,7500,2531.25,4968.75,0.1586,7500,3843.75,3656.25,0.0416,3281.25,2531.25,750,0.0416,4875,2906.25,1968.75,0.0518,5250,3375,1875,0.0628,5531.25,3093.75,2437.5,,,,,,,,,,,,,,,,,,,,,,,,,,,,,,,,,,,,,,,,,,,,,,,,,,,,,,,,,,,,,,,,,,,,,,,,,,,,,,,,,,,,,,,,,,,,,,,,,,,,,,,,,,,,,,,,,,,,,,,,,,,,,,,,,,,,,,,,,,,,
GC-BCVI-RSKB-24-T16-72,c,16,5,31,3,0.5413,7218.75,2156.25,5062.5,0.1487,7218.75,3843.75,3375,0.0444,3656.25,2156.25,1500,0.0509,4781.25,2625,2156.25,0.0554,5437.5,3562.5,1875,0.0509,5531.25,4500,1031.25,,,,,,,,,,,,,,,,,,,,,,,,,,,,,,,,,,,,,,,,,,,,,,,,,,,,,,,,,,,,,,,,,,,,,,,,,,,,,,,,,,,,,,,,,,,,,,,,,,,,,,,,,,,,,,,,,,,,,,,,,,,,,,,,,,,,,,,,,,,,
GC-BCVI-RSKB-24-T16-141,e,16,5,31,2,0.5488,5625,2156.25,3468.75,0.2452,5625,3843.75,1781.25,0.0453,4875,2343.75,2531.25,0.0518,4875,2343.75,2531.25,0.0426,4031.25,2250,1781.25,0.0546,3375,2156.25,1218.75,,,,,,,,,,,,,,,,,,,,,,,,,,,,,,,,,,,,,,,,,,,,,,,,,,,,,,,,,,,,,,,,,,,,,,,,,,,,,,,,,,,,,,,,,,,,,,,,,,,,,,,,,,,,,,,,,,,,,,,,,,,,,,,,,,,,,,,,,,,,
GC-BCVI-RSKB-24-T16-152,q,16,5,31,3,0.5254,7406.25,2437.5,4968.75,0.16,7406.25,3843.75,3562.5,0.0459,4218.75,2437.5,1781.25,0.0502,4968.75,3656.25,1312.5,0.0523,5343.75,3468.75,1875,0.0428,5718.75,5156.25,562.5,,,,,,,,,,,,,,,,,,,,,,,,,,,,,,,,,,,,,,,,,,,,,,,,,,,,,,,,,,,,,,,,,,,,,,,,,,,,,,,,,,,,,,,,,,,,,,,,,,,,,,,,,,,,,,,,,,,,,,,,,,,,,,,,,,,,,,,,,,,,
GC-BCVI-RSKB-24-T17-149,c,16,1,31,1,0.1768,6937.5,3937.5,3000,0.1768,6937.5,3937.5,3000,,,,,,,,,,,,,,,,,,,,,,,,,,,,,,,,,,,,,,,,,,,,,,,,,,,,,,,,,,,,,,,,,,,,,,,,,,,,,,,,,,,,,,,,,,,,,,,,,,,,,,,,,,,,,,,,,,,,,,,,,,,,,,,,,,,,,,,,,,,,,,,,,,,,,,,,,,,,
GC-BCVI-RSKB-24-T18-5,f,16,6,31,3,0.541,5812.5,2156.25,3656.25,0.0379,4593.75,3750,843.75,0.0385,4781.25,3750,1031.25,0.0404,4500,4218.75,281.25,0.0398,5250,4406.25,843.75,0.0764,5812.5,3562.5,2250,0.1162,5343.75,2156.25,3187.5,,,,,,,,,,,,,,,,,,,,,,,,,,,,,,,,,,,,,,,,,,,,,,,,,,,,,,,,,,,,,,,,,,,,,,,,,,,,,,,,,,,,,,,,,,,,,,,,,,,,,,,,,,,,,,,,,,,,,,,,,,,,,,,,,,,,,,,,
GC-BCVI-RSKB-24-T18-8,f,16,6,31,3,0.4911,5906.25,2343.75,3562.5,0.048,4875,3656.25,1218.75,0.0426,4875,3843.75,1031.25,0.051,4875,3937.5,937.5,0.0487,4968.75,4406.25,562.5,0.0708,5906.25,3468.75,2437.5,0.1104,5343.75,2343.75,3000,,,,,,,,,,,,,,,,,,,,,,,,,,,,,,,,,,,,,,,,,,,,,,,,,,,,,,,,,,,,,,,,,,,,,,,,,,,,,,,,,,,,,,,,,,,,,,,,,,,,,,,,,,,,,,,,,,,,,,,,,,,,,,,,,,,,,,,,
GC-BCVI-RSKB-24-T18-24,f,16,8,31,4,0.7937,5812.5,2343.75,3468.75,0.053,5250,2718.75,2531.25,0.0483,5156.25,3000,2156.25,0.0404,4781.25,3468.75,1312.5,0.0396,4781.25,3562.5,1218.75,0.034,4781.25,3937.5,843.75,0.0404,5156.25,4500,656.25,0.0673,5812.5,3937.5,1875,0.1068,5062.5,2343.75,2718.75,,,,,,,,,,,,,,,,,,,,,,,,,,,,,,,,,,,,,,,,,,,,,,,,,,,,,,,,,,,,,,,,,,,,,,,,,,,,,,,,,,,,,,,,,,,,,,,,,,,,,,,,,,,,,,,,,,,,,,,,,,,,,,,,
GC-BCVI-RSKB-24-T18-26,f,16,6,31,3,0.4968,6000,2156.25,3843.75,0.0398,4406.25,3562.5,843.75,0.0428,4593.75,3562.5,1031.25,0.0405,5062.5,4218.75,843.75,0.0376,5062.5,4312.5,750,0.0663,6000,3375,2625,0.1106,4968.75,2156.25,2812.5,,,,,,,,,,,,,,,,,,,,,,,,,,,,,,,,,,,,,,,,,,,,,,,,,,,,,,,,,,,,,,,,,,,,,,,,,,,,,,,,,,,,,,,,,,,,,,,,,,,,,,,,,,,,,,,,,,,,,,,,,,,,,,,,,,,,,,,,
GC-BCVI-RSKB-24-T18-28,f,16,6,31,3,0.496,5906.25,2250,3656.25,0.0349,4406.25,3468.75,937.5,0.0355,4968.75,4031.25,937.5,0.0427,4968.75,4218.75,750,0.0427,5062.5,4312.5,750,0.0662,5906.25,4031.25,1875,0.1083,5250,2250,3000,,,,,,,,,,,,,,,,,,,,,,,,,,,,,,,,,,,,,,,,,,,,,,,,,,,,,,,,,,,,,,,,,,,,,,,,,,,,,,,,,,,,,,,,,,,,,,,,,,,,,,,,,,,,,,,,,,,,,,,,,,,,,,,,,,,,,,,,
GC-BCVI-RSKB-24-T18-35,f,16,6,31,3,0.4666,5437.5,2062.5,3375,0.0435,4593.75,3468.75,1125,0.0376,4500,3562.5,937.5,0.0349,4406.25,3750,656.25,0.0456,4687.5,3750,937.5,0.0655,5437.5,4125,1312.5,0.1121,4687.5,2062.5,2625,,,,,,,,,,,,,,,,,,,,,,,,,,,,,,,,,,,,,,,,,,,,,,,,,,,,,,,,,,,,,,,,,,,,,,,,,,,,,,,,,,,,,,,,,,,,,,,,,,,,,,,,,,,,,,,,,,,,,,,,,,,,,,,,,,,,,,,,
GC-BCVI-RSKB-24-T18-58,f,16,6,31,3,0.4859,5625,2250,3375,0.0353,4312.5,3562.5,750,0.0397,5062.5,3656.25,1406.25,0.0494,4968.75,4218.75,750,0.0432,4968.75,4218.75,750,0.075,5625,3562.5,2062.5,0.1094,4968.75,2250,2718.75,,,,,,,,,,,,,,,,,,,,,,,,,,,,,,,,,,,,,,,,,,,,,,,,,,,,,,,,,,,,,,,,,,,,,,,,,,,,,,,,,,,,,,,,,,,,,,,,,,,,,,,,,,,,,,,,,,,,,,,,,,,,,,,,,,,,,,,,
GC-BCVI-RSKB-24-T18-151,f,16,11,31,8,0.9891,5812.5,2156.25,3656.25,0.0358,3187.5,2437.5,750,0.0484,5437.5,3000,2437.5,0.0446,5531.25,3562.5,1968.75,0.061,4125,2718.75,1406.25,0.1017,4781.25,2906.25,1875,0.0388,4406.25,3562.5,843.75,0.0388,4781.25,3656.25,1125,0.0407,5062.5,4031.25,1031.25,0.0455,4968.75,4312.5,656.25,0.0727,5812.5,3750,2062.5,0.1085,4687.5,2156.25,2531.25,,,,,,,,,,,,,,,,,,,,,,,,,,,,,,,,,,,,,,,,,,,,,,,,,,,,,,,,,,,,,,,,,,,,,,,,,,,,,,,,,,,,,,,,,,,,,,,,,,,,,,,,,,,,,,,,,,,,
GC-BCVI-RSKB-24-T19-45,g,16,2,31,2,0.1898,5531.25,2718.75,2812.5,0.0339,5531.25,4312.5,1218.75,0.0566,3562.5,2718.75,843.75,,,,,,,,,,,,,,,,,,,,,,,,,,,,,,,,,,,,,,,,,,,,,,,,,,,,,,,,,,,,,,,,,,,,,,,,,,,,,,,,,,,,,,,,,,,,,,,,,,,,,,,,,,,,,,,,,,,,,,,,,,,,,,,,,,,,,,,,,,,,,,,,,,,,,,,,
GC-BCVI-RSKB-24-T21-144,h,16,3,31,1,0.2638,4968.75,3562.5,1406.25,0.0327,4968.75,3562.5,1406.25,0.0263,4781.25,3562.5,1218.75,0.0303,4781.25,4218.75,562.5,,,,,,,,,,,,,,,,,,,,,,,,,,,,,,,,,,,,,,,,,,,,,,,,,,,,,,,,,,,,,,,,,,,,,,,,,,,,,,,,,,,,,,,,,,,,,,,,,,,,,,,,,,,,,,,,,,,,,,,,,,,,,,,,,,,,,,,,,,,,,,,,,,,,
GC-BCVI-RSKB-24-T23-27,i,16,4,31,4,0.6702,6937.5,2625,4312.5,0.1646,6937.5,3750,3187.5,0.0728,4312.5,3562.5,750,0.0699,4125,2625,1500,0.1632,5812.5,3187.5,2625,,,,,,,,,,,,,,,,,,,,,,,,,,,,,,,,,,,,,,,,,,,,,,,,,,,,,,,,,,,,,,,,,,,,,,,,,,,,,,,,,,,,,,,,,,,,,,,,,,,,,,,,,,,,,,,,,,,,,,,,,,,,,,,,,,,,,,,,,,,,,,,,
GC-BCVI-RSKB-24-T23-146,i,16,4,31,4,0.3874,6468.75,3281.25,3187.5,0.1495,6468.75,3656.25,2812.5,0.0666,5250,3468.75,1781.25,0.0829,4125,3281.25,843.75,0.1631,5625,3375,2250,,,,,,,,,,,,,,,,,,,,,,,,,,,,,,,,,,,,,,,,,,,,,,,,,,,,,,,,,,,,,,,,,,,,,,,,,,,,,,,,,,,,,,,,,,,,,,,,,,,,,,,,,,,,,,,,,,,,,,,,,,,,,,,,,,,,,,,,,,,,,,,,
GC-BCVI-RSKB-24-T30-130,j,16,10,31,4,0.8827,8718.75,2531.25,6187.5,0.0323,5437.5,4312.5,1125,0.0377,5250,4312.5,937.5,0.0388,5437.5,3843.75,1593.75,0.0528,8718.75,4593.75,4125,0.0549,7406.25,5250,2156.25,0.0571,7125,5343.75,1781.25,0.126,6375,3468.75,2906.25,0.0495,4218.75,3375,843.75,0.0463,3468.75,2906.25,562.5,0.0431,3187.5,2531.25,656.25,,,,,,,,,,,,,,,,,,,,,,,,,,,,,,,,,,,,,,,,,,,,,,,,,,,,,,,,,,,,,,,,,,,,,,,,,,,,,,,,,,,,,,,,,,,,,,,,,,,,,,,,,,,,,,,,,,,,,,,,
GC-BCVI-RSKB-24-T32-10,k,16,11,31,5,1.2109,6937.5,2156.25,4781.25,0.0398,4968.75,3187.5,1781.25,0.0398,5250,3281.25,1968.75,0.0459,5156.25,2531.25,2625,0.0302,4687.5,3281.25,1406.25,0.0241,3937.5,3562.5,375,0.0229,3656.25,3375,281.25,0.0217,3281.25,3000,281.25,0.0217,3187.5,3000,187.5,0.0145,3000,2718.75,281.25,0.3875,5062.5,2156.25,2906.25,0.0241,6937.5,5812.5,1125,,,,,,,,,,,,,,,,,,,,,,,,,,,,,,,,,,,,,,,,,,,,,,,,,,,,,,,,,,,,,,,,,,,,,,,,,,,,,,,,,,,,,,,,,,,,,,,,,,,,,,,,,,,,,,,,,,,,
GC-BCVI-RSKB-24-T33-15,l,16,5,31,2,0.5266,6000,2437.5,3562.5,0.0622,6000,4125,1875,0.0488,5250,4125,1125,0.0502,5156.25,4218.75,937.5,0.0474,4968.75,3562.5,1406.25,0.1788,4687.5,2437.5,2250,,,,,,,,,,,,,,,,,,,,,,,,,,,,,,,,,,,,,,,,,,,,,,,,,,,,,,,,,,,,,,,,,,,,,,,,,,,,,,,,,,,,,,,,,,,,,,,,,,,,,,,,,,,,,,,,,,,,,,,,,,,,,,,,,,,,,,,,,,,,
GC-BCVI-RSKB-24-T33-41,l,16,6,31,2,0.5857,6000,2343.75,3656.25,0.0593,6000,3937.5,2062.5,0.052,5343.75,4406.25,937.5,0.0471,5250,4312.5,937.5,0.052,5062.5,4312.5,750,0.0496,5062.5,3468.75,1593.75,0.1795,4406.25,2343.75,2062.5,,,,,,,,,,,,,,,,,,,,,,,,,,,,,,,,,,,,,,,,,,,,,,,,,,,,,,,,,,,,,,,,,,,,,,,,,,,,,,,,,,,,,,,,,,,,,,,,,,,,,,,,,,,,,,,,,,,,,,,,,,,,,,,,,,,,,,,,
GC-BCVI-RSKB-24-T33-92,l,16,4,31,2,0.4247,7312.5,2531.25,4781.25,0.0511,7312.5,4500,2812.5,0.0434,5250,4781.25,468.75,0.044,4781.25,3375,1406.25,0.1653,4031.25,2531.25,1500,,,,,,,,,,,,,,,,,,,,,,,,,,,,,,,,,,,,,,,,,,,,,,,,,,,,,,,,,,,,,,,,,,,,,,,,,,,,,,,,,,,,,,,,,,,,,,,,,,,,,,,,,,,,,,,,,,,,,,,,,,,,,,,,,,,,,,,,,,,,,,,,
GC-BCVI-RSKB-24-T33-97,l,16,5,31,2,0.4919,6187.5,2437.5,3750,0.0554,6187.5,4406.25,1781.25,0.0447,5531.25,4406.25,1125,0.0433,5437.5,4593.75,843.75,0.0483,4781.25,3093.75,1687.5,0.164,4593.75,2437.5,2156.25,,,,,,,,,,,,,,,,,,,,,,,,,,,,,,,,,,,,,,,,,,,,,,,,,,,,,,,,,,,,,,,,,,,,,,,,,,,,,,,,,,,,,,,,,,,,,,,,,,,,,,,,,,,,,,,,,,,,,,,,,,,,,,,,,,,,,,,,,,,,
GC-BCVI-RSKB-24-T33-102,l,16,4,31,2,0.4289,5437.5,2531.25,2906.25,0.0587,5250,4125,1125,0.0504,5437.5,4312.5,1125,0.0442,5343.75,4406.25,937.5,0.1699,4687.5,2531.25,2156.25,,,,,,,,,,,,,,,,,,,,,,,,,,,,,,,,,,,,,,,,,,,,,,,,,,,,,,,,,,,,,,,,,,,,,,,,,,,,,,,,,,,,,,,,,,,,,,,,,,,,,,,,,,,,,,,,,,,,,,,,,,,,,,,,,,,,,,,,,,,,,,,,
GC-BCVI-RSKB-24-T33-103,l,16,5,31,2,0.4713,5437.5,2343.75,3093.75,0.0625,5343.75,3843.75,1500,0.0523,5343.75,3656.25,1687.5,0.0439,5437.5,4406.25,1031.25,0.0457,5062.5,4500,562.5,0.1437,4781.25,2343.75,2437.5,,,,,,,,,,,,,,,,,,,,,,,,,,,,,,,,,,,,,,,,,,,,,,,,,,,,,,,,,,,,,,,,,,,,,,,,,,,,,,,,,,,,,,,,,,,,,,,,,,,,,,,,,,,,,,,,,,,,,,,,,,,,,,,,,,,,,,,,,,,,
GC-BCVI-RSKB-24-T33-105,l,16,5,31,2,0.4828,5812.5,2531.25,3281.25,0.0584,5812.5,4312.5,1500,0.0571,5343.75,4406.25,937.5,0.0525,5343.75,3843.75,1500,0.0505,5437.5,3562.5,1875,0.1633,4312.5,2531.25,1781.25,,,,,,,,,,,,,,,,,,,,,,,,,,,,,,,,,,,,,,,,,,,,,,,,,,,,,,,,,,,,,,,,,,,,,,,,,,,,,,,,,,,,,,,,,,,,,,,,,,,,,,,,,,,,,,,,,,,,,,,,,,,,,,,,,,,,,,,,,,,,
GC-BCVI-RSKB-24-T37-75,m,16,5,31,3,0.7696,6187.5,2156.25,4031.25,0.0879,6187.5,3750,2437.5,0.1439,3281.25,2156.25,1125,0.0479,4968.75,3843.75,1125,0.0479,5343.75,3843.75,1500,0.0506,5250,3468.75,1781.25,,,,,,,,,,,,,,,,,,,,,,,,,,,,,,,,,,,,,,,,,,,,,,,,,,,,,,,,,,,,,,,,,,,,,,,,,,,,,,,,,,,,,,,,,,,,,,,,,,,,,,,,,,,,,,,,,,,,,,,,,,,,,,,,,,,,,,,,,,,,
GC-BCVI-RSKB-24-T39-85,n,16,9,31,6,0.8411,6281.25,2156.25,4125,0.0337,4593.75,2812.5,1781.25,0.0562,6281.25,4968.75,1312.5,0.1523,4031.25,2156.25,1875,0.0562,5437.5,3000,2437.5,0.0429,5250,3656.25,1593.75,0.0429,4687.5,3281.25,1406.25,0.0388,4500,2343.75,2156.25,0.0388,4500,2343.75,2156.25,0.0337,3468.75,2343.75,1125,,,,,,,,,,,,,,,,,,,,,,,,,,,,,,,,,,,,,,,,,,,,,,,,,,,,,,,,,,,,,,,,,,,,,,,,,,,,,,,,,,,,,,,,,,,,,,,,,,,,,,,,,,,,,,,,,,,,,,,,,,,,
GC-BCVI-RSKB-24-T39-99,n,16,9,31,6,1.2172,6750,2062.5,4687.5,0.1851,6750,3281.25,3468.75,0.0437,4875,3375,1500,0.063,6656.25,4968.75,1687.5,0.0643,4406.25,2718.75,1687.5,0.0887,2531.25,2062.5,468.75,0.0553,5437.5,3281.25,2156.25,0.0566,5343.75,3281.25,2062.5,0.0386,4406.25,3281.25,1125,0.0321,4312.5,2906.25,1406.25,0.0334,3937.5,2812.5,1125,,,,,,,,,,,,,,,,,,,,,,,,,,,,,,,,,,,,,,,,,,,,,,,,,,,,,,,,,,,,,,,,,,,,,,,,,,,,,,,,,,,,,,,,,,,,,,,,,,,,,,,,,,,,,,,,,,,,,,,,
GC-BCVI-RSKB-24-T41-38,o,16,5,31,3,0.5447,6843.75,2062.5,4781.25,0.0757,6843.75,4593.75,2250,0.1131,2718.75,2062.5,656.25,0.0581,4218.75,2625,1593.75,0.0565,4125,2625,1500,0.0549,4031.25,2625,1406.25,,,,,,,,,,,,,,,,,,,,,,,,,,,,,,,,,,,,,,,,,,,,,,,,,,,,,,,,,,,,,,,,,,,,,,,,,,,,,,,,,,,,,,,,,,,,,,,,,,,,,,,,,,,,,,,,,,,,,,,,,,,,,,,,,,,,,,,,,,,,
GC-BCVI-RSKB-24-T41-44,o,16,5,31,3,0.5622,6562.5,1968.75,4593.75,0.086,6562.5,4593.75,1968.75,0.1194,3000,1968.75,1031.25,0.0643,4218.75,2250,1968.75,0.0576,4031.25,2531.25,1500,0.0518,3843.75,2531.25,1312.5,,,,,,,,,,,,,,,,,,,,,,,,,,,,,,,,,,,,,,,,,,,,,,,,,,,,,,,,,,,,,,,,,,,,,,,,,,,,,,,,,,,,,,,,,,,,,,,,,,,,,,,,,,,,,,,,,,,,,,,,,,,,,,,,,,,,,,,,,,,,
GC-BCVI-RSKB-24-T41-46,o,16,5,31,3,0.5562,4125,2062.5,2062.5,0.0518,3843.75,2531.25,1312.5,0.1157,2531.25,2062.5,468.75,0.0584,4125,2625,1500,0.0573,4125,2625,1500,0.0567,3937.5,2625,1312.5,,,,,,,,,,,,,,,,,,,,,,,,,,,,,,,,,,,,,,,,,,,,,,,,,,,,,,,,,,,,,,,,,,,,,,,,,,,,,,,,,,,,,,,,,,,,,,,,,,,,,,,,,,,,,,,,,,,,,,,,,,,,,,,,,,,,,,,,,,,,
GC-BCVI-RSKB-24-T41-94,o,16,5,31,3,0.5891,5156.25,2156.25,3000,0.0733,5156.25,4312.5,843.75,0.1247,2531.25,2156.25,375,0.057,4312.5,2718.75,1593.75,0.0508,4125,2531.25,1593.75,0.0495,4031.25,2437.5,1593.75,,,,,,,,,,,,,,,,,,,,,,,,,,,,,,,,,,,,,,,,,,,,,,,,,,,,,,,,,,,,,,,,,,,,,,,,,,,,,,,,,,,,,,,,,,,,,,,,,,,,,,,,,,,,,,,,,,,,,,,,,,,,,,,,,,,,,,,,,,,,
GC-BCVI-RSKB-24-T41-96,o,16,5,31,3,0.5766,6000,2062.5,3937.5,0.0799,6000,4500,1500,0.1244,2531.25,2062.5,468.75,0.0599,3843.75,2625,1218.75,0.0518,4125,2625,1500,0.0527,4031.25,2531.25,1500,,,,,,,,,,,,,,,,,,,,,,,,,,,,,,,,,,,,,,,,,,,,,,,,,,,,,,,,,,,,,,,,,,,,,,,,,,,,,,,,,,,,,,,,,,,,,,,,,,,,,,,,,,,,,,,,,,,,,,,,,,,,,,,,,,,,,,,,,,,,
GC-BCVI-RSKB-24-T41-113,p,16,5,31,3,0.563,6281.25,2437.5,3843.75,0.0626,6281.25,4968.75,1312.5,0.095,4968.75,2718.75,2250,0.044,4968.75,2437.5,2531.25,0.0461,5156.25,3562.5,1593.75,0.0447,4875,3375,1500,,,,,,,,,,,,,,,,,,,,,,,,,,,,,,,,,,,,,,,,,,,,,,,,,,,,,,,,,,,,,,,,,,,,,,,,,,,,,,,,,,,,,,,,,,,,,,,,,,,,,,,,,,,,,,,,,,,,,,,,,,,,,,,,,,,,,,,,,,,,
GC-BCVI-RSKB-24-T41-116,p,16,5,31,3,0.5695,5531.25,2625,2906.25,0.0617,5531.25,4593.75,937.5,0.0805,5156.25,3000,2156.25,0.0472,4687.5,2625,2062.5,0.0541,4781.25,3093.75,1687.5,0.0458,4781.25,3375,1406.25,,,,,,,,,,,,,,,,,,,,,,,,,,,,,,,,,,,,,,,,,,,,,,,,,,,,,,,,,,,,,,,,,,,,,,,,,,,,,,,,,,,,,,,,,,,,,,,,,,,,,,,,,,,,,,,,,,,,,,,,,,,,,,,,,,,,,,,,,,,,
GC-BCVI-UB6-24-T2-24,a,16,4,38,2,0.3651,5812.5,2437.5,3375,0.0331,5343.75,4500,843.75,0.0437,5812.5,4687.5,1125,0.0415,5531.25,4968.75,562.5,0.1385,3562.5,2437.5,1125,,,,,,,,,,,,,,,,,,,,,,,,,,,,,,,,,,,,,,,,,,,,,,,,,,,,,,,,,,,,,,,,,,,,,,,,,,,,,,,,,,,,,,,,,,,,,,,,,,,,,,,,,,,,,,,,,,,,,,,,,,,,,,,,,,,,,,,,,,,,,,,,
GC-BCVI-UB6-24-T2-31,b,16,6,38,2,0.5689,5625,2062.5,3562.5,0.0398,5156.25,3656.25,1500,0.0386,5625,4593.75,1031.25,0.0422,5531.25,4406.25,1125,0.0663,2812.5,2062.5,750,0.0621,3000,2437.5,562.5,0.0669,3937.5,2250,1687.5,,,,,,,,,,,,,,,,,,,,,,,,,,,,,,,,,,,,,,,,,,,,,,,,,,,,,,,,,,,,,,,,,,,,,,,,,,,,,,,,,,,,,,,,,,,,,,,,,,,,,,,,,,,,,,,,,,,,,,,,,,,,,,,,,,,,,,,,
GC-BCVI-UB6-24-T13-56,c,16,22,38,11,2.2966,6375,2156.25,4218.75,0.1538,6187.5,4968.75,1218.75,0.0357,4406.25,3281.25,1125,0.049,3281.25,3000,281.25,0.0513,4218.75,2531.25,1687.5,0.0424,4031.25,2156.25,1875,0.0424,4031.25,2156.25,1875,0.0713,6093.75,3750,2343.75,0.0702,6000,4312.5,1687.5,0.0312,2625,2437.5,187.5,0.0357,2531.25,2343.75,187.5,0.0334,2718.75,2437.5,281.25,0.0279,2906.25,2437.5,468.75,0.1237,6281.25,3937.5,2343.75,0.0357,4312.5,3281.25,1031.25,0.0301,3843.75,2531.25,1312.5,0.0357,3562.5,2250,1312.5,0.0301,3375,2437.5,937.5,0.1103,6375,4406.25,1968.75,0.0724,3937.5,2718.75,1218.75,0.0568,3937.5,2343.75,1593.75,0.0502,3843.75,2437.5,1406.25,,,,,,,,,,,,,,,,,,,,,,,,,,,,,,,,,,,,,,,,,,,,,,,,,,,,,,,,,,,,,,,,,,,,,,,,,,,,
GC-BCVI-UB6-24-T15-11,d,16,4,38,1,0.2549,5812.5,4218.75,1593.75,0.0502,5812.5,4500,1312.5,0.0508,5812.5,4406.25,1406.25,0.0513,5531.25,4406.25,1125,0.0497,5250,4218.75,1031.25,,,,,,,,,,,,,,,,,,,,,,,,,,,,,,,,,,,,,,,,,,,,,,,,,,,,,,,,,,,,,,,,,,,,,,,,,,,,,,,,,,,,,,,,,,,,,,,,,,,,,,,,,,,,,,,,,,,,,,,,,,,,,,,,,,,,,,,,,,,,,,,,
GC-BCVI-UB6-24-T15-25,a,16,3,38,1,0.1257,5718.75,4593.75,1125,0.0449,5531.25,4781.25,750,0.0461,5531.25,4781.25,750,0.0436,5718.75,4593.75,1125,,,,,,,,,,,,,,,,,,,,,,,,,,,,,,,,,,,,,,,,,,,,,,,,,,,,,,,,,,,,,,,,,,,,,,,,,,,,,,,,,,,,,,,,,,,,,,,,,,,,,,,,,,,,,,,,,,,,,,,,,,,,,,,,,,,,,,,,,,,,,,,,,,,,
GC-BCVI-UB6-24-T16-12,e,16,7,38,5,0.6356,6093.75,2906.25,3187.5,0.0438,6093.75,5250,843.75,0.0563,6000,5343.75,656.25,0.0477,6093.75,5343.75,750,0.0633,4312.5,3468.75,843.75,0.0516,4125,3093.75,1031.25,0.0352,5437.5,5062.5,375,0.1009,6093.75,2906.25,3187.5,,,,,,,,,,,,,,,,,,,,,,,,,,,,,,,,,,,,,,,,,,,,,,,,,,,,,,,,,,,,,,,,,,,,,,,,,,,,,,,,,,,,,,,,,,,,,,,,,,,,,,,,,,,,,,,,,,,,,,,,,,,,,,,,,,,,
GC-BCVI-UB6-24-T16-13,e,16,8,38,5,0.7465,6468.75,3000,3468.75,0.0405,6187.5,5343.75,843.75,0.0514,6187.5,5156.25,1031.25,0.0465,6468.75,5156.25,1312.5,0.0682,4312.5,3093.75,1218.75,0.0504,4031.25,3000,1031.25,0.0336,5250,4781.25,468.75,0.1226,5437.5,3000,2437.5,0.0979,5531.25,4312.5,1218.75,,,,,,,,,,,,,,,,,,,,,,,,,,,,,,,,,,,,,,,,,,,,,,,,,,,,,,,,,,,,,,,,,,,,,,,,,,,,,,,,,,,,,,,,,,,,,,,,,,,,,,,,,,,,,,,,,,,,,,,,,,,,,,,,
GC-BCVI-UB6-24-T16-17,e,16,7,38,5,0.6103,6656.25,2906.25,3750,0.0495,6656.25,5062.5,1593.75,0.0593,6562.5,5343.75,1218.75,0.0578,5718.75,4968.75,750,0.0661,4500,3000,1500,0.0495,4125,3000,1125,0.0383,5718.75,4875,843.75,0.1141,4968.75,2906.25,2062.5,,,,,,,,,,,,,,,,,,,,,,,,,,,,,,,,,,,,,,,,,,,,,,,,,,,,,,,,,,,,,,,,,,,,,,,,,,,,,,,,,,,,,,,,,,,,,,,,,,,,,,,,,,,,,,,,,,,,,,,,,,,,,,,,,,,,
GC-BCVI-UB6-24-T16-21,e,16,7,38,5,0.622,6843.75,2906.25,3937.5,0.0585,6562.5,4875,1687.5,0.0636,6843.75,5343.75,1500,0.0672,6375,5156.25,1218.75,0.06,4406.25,3000,1406.25,0.0578,4125,3187.5,937.5,0.034,5625,4875,750,0.1199,5156.25,2906.25,2250,,,,,,,,,,,,,,,,,,,,,,,,,,,,,,,,,,,,,,,,,,,,,,,,,,,,,,,,,,,,,,,,,,,,,,,,,,,,,,,,,,,,,,,,,,,,,,,,,,,,,,,,,,,,,,,,,,,,,,,,,,,,,,,,,,,,
GC-BCVI-UB6-24-T22-26,f,16,6,38,2,0.6444,5156.25,2437.5,2718.75,0.2611,5156.25,4218.75,937.5,0.0271,4687.5,3750,937.5,0.0288,4218.75,2812.5,1406.25,0.0437,3843.75,2625,1218.75,0.0445,3375,2718.75,656.25,0.0498,3750,2437.5,1312.5,,,,,,,,,,,,,,,,,,,,,,,,,,,,,,,,,,,,,,,,,,,,,,,,,,,,,,,,,,,,,,,,,,,,,,,,,,,,,,,,,,,,,,,,,,,,,,,,,,,,,,,,,,,,,,,,,,,,,,,,,,,,,,,,,,,,,,,,
GC-BCVI-UB6-24-T22-29,f,16,6,38,2,0.6042,5250,2250,3000,0.2601,5250,4125,1125,0.0327,4500,3187.5,1312.5,0.0314,4312.5,2812.5,1500,0.0295,3843.75,2718.75,1125,0.0333,2812.5,2250,562.5,0.0557,3843.75,2437.5,1406.25,,,,,,,,,,,,,,,,,,,,,,,,,,,,,,,,,,,,,,,,,,,,,,,,,,,,,,,,,,,,,,,,,,,,,,,,,,,,,,,,,,,,,,,,,,,,,,,,,,,,,,,,,,,,,,,,,,,,,,,,,,,,,,,,,,,,,,,,
GC-BCVI-UB6-24-T22-62,f,16,7,38,3,0.7962,7875,2250,5625,0.0603,6093.75,2718.75,3375,0.0501,4781.25,3468.75,1312.5,0.2054,7875,2531.25,5343.75,0.0337,5250,3281.25,1968.75,0.0378,3843.75,2906.25,937.5,0.0358,3468.75,2906.25,562.5,0.0439,3093.75,2250,843.75,,,,,,,,,,,,,,,,,,,,,,,,,,,,,,,,,,,,,,,,,,,,,,,,,,,,,,,,,,,,,,,,,,,,,,,,,,,,,,,,,,,,,,,,,,,,,,,,,,,,,,,,,,,,,,,,,,,,,,,,,,,,,,,,,,,,
GC-BCVI-UB6-24-T27-59,e,16,8,38,5,0.9774,6656.25,2906.25,3750,0.1487,5531.25,4406.25,1125,0.0541,5625,4968.75,656.25,0.0581,6656.25,4968.75,1687.5,0.0662,5812.5,5156.25,656.25,0.0757,4218.75,3562.5,656.25,0.0581,3656.25,3093.75,562.5,0.0406,6187.5,4875,1312.5,0.1068,5812.5,2906.25,2906.25,,,,,,,,,,,,,,,,,,,,,,,,,,,,,,,,,,,,,,,,,,,,,,,,,,,,,,,,,,,,,,,,,,,,,,,,,,,,,,,,,,,,,,,,,,,,,,,,,,,,,,,,,,,,,,,,,,,,,,,,,,,,,,,,
GC-BCVI-UB6-24-T30-27,g,16,11,38,5,1.2068,7125,2437.5,4687.5,0.072,6468.75,3375,3093.75,0.1351,3656.25,2437.5,1218.75,0.0985,6281.25,3656.25,2625,0.072,5531.25,4593.75,937.5,0.0278,3656.25,3468.75,187.5,0.0227,4406.25,3562.5,843.75,0.0265,4031.25,3937.5,93.75,0.0366,4687.5,4031.25,656.25,0.0581,7031.25,4031.25,3000,0.0593,7125,4218.75,2906.25,0.0568,6656.25,5062.5,1593.75,,,,,,,,,,,,,,,,,,,,,,,,,,,,,,,,,,,,,,,,,,,,,,,,,,,,,,,,,,,,,,,,,,,,,,,,,,,,,,,,,,,,,,,,,,,,,,,,,,,,,,,,,,,,,,,,,,,,
GC-BCVI-UB6-24-T31-36,h,16,13,38,5,1.3982,7031.25,2531.25,4500,0.0929,6468.75,5718.75,750,0.1965,3937.5,2906.25,1031.25,0.1561,7031.25,3375,3656.25,0.0511,3468.75,2531.25,937.5,0.0565,3843.75,3093.75,750,0.0431,3750,2718.75,1031.25,0.0256,4781.25,4125,656.25,0.035,5812.5,4125,1687.5,0.0565,5812.5,3562.5,2250,0.0619,5437.5,3562.5,1875,0.0686,5437.5,4125,1312.5,0.039,4406.25,2625,1781.25,0.0323,5062.5,4125,937.5,,,,,,,,,,,,,,,,,,,,,,,,,,,,,,,,,,,,,,,,,,,,,,,,,,,,,,,,,,,,,,,,,,,,,,,,,,,,,,,,,,,,,,,,,,,,,,,,,,,,,,,,,,,,
GC-BCVI-UB6-24-T31-57,a,16,8,38,4,1.2082,5906.25,2531.25,3375,0.0471,5343.75,3468.75,1875,0.0519,5625,4593.75,1031.25,0.0471,5906.25,5062.5,843.75,0.1388,4406.25,2531.25,1875,0.0519,5437.5,4406.25,1031.25,0.0579,5625,4593.75,1031.25,0.0507,5625,4500,1125,0.2233,5343.75,3937.5,1406.25,,,,,,,,,,,,,,,,,,,,,,,,,,,,,,,,,,,,,,,,,,,,,,,,,,,,,,,,,,,,,,,,,,,,,,,,,,,,,,,,,,,,,,,,,,,,,,,,,,,,,,,,,,,,,,,,,,,,,,,,,,,,,,,,
GC-BCVI-UB6-24-T33-1,i,16,5,38,2,0.4729,5812.5,2625,3187.5,0.052,5812.5,4687.5,1125,0.0565,5531.25,4312.5,1218.75,0.0506,5250,4312.5,937.5,0.0513,5250,4218.75,1031.25,0.1598,4687.5,2625,2062.5,,,,,,,,,,,,,,,,,,,,,,,,,,,,,,,,,,,,,,,,,,,,,,,,,,,,,,,,,,,,,,,,,,,,,,,,,,,,,,,,,,,,,,,,,,,,,,,,,,,,,,,,,,,,,,,,,,,,,,,,,,,,,,,,,,,,,,,,,,,,
GC-BCVI-UB6-24-T33-3,i,16,5,38,2,0.4936,6000,2250,3750,0.0578,6000,4312.5,1687.5,0.0557,5531.25,3656.25,1875,0.0501,5437.5,4500,937.5,0.0508,5250,3562.5,1687.5,0.1587,4500,2250,2250,,,,,,,,,,,,,,,,,,,,,,,,,,,,,,,,,,,,,,,,,,,,,,,,,,,,,,,,,,,,,,,,,,,,,,,,,,,,,,,,,,,,,,,,,,,,,,,,,,,,,,,,,,,,,,,,,,,,,,,,,,,,,,,,,,,,,,,,,,,,
GC-BCVI-UB6-24-T33-4,i,16,5,38,2,0.4774,5531.25,2250,3281.25,0.055,5531.25,4406.25,1125,0.0526,5531.25,4312.5,1218.75,0.055,5250,4500,750,0.0542,5062.5,4312.5,750,0.1515,4687.5,2250,2437.5,,,,,,,,,,,,,,,,,,,,,,,,,,,,,,,,,,,,,,,,,,,,,,,,,,,,,,,,,,,,,,,,,,,,,,,,,,,,,,,,,,,,,,,,,,,,,,,,,,,,,,,,,,,,,,,,,,,,,,,,,,,,,,,,,,,,,,,,,,,,
GC-BCVI-UB6-24-T33-5,i,16,4,38,2,0.348,5531.25,3187.5,2343.75,0.0439,5531.25,4031.25,1500,0.0553,5250,4406.25,843.75,0.0553,5437.5,4406.25,1031.25,0.119,4875,3187.5,1687.5,,,,,,,,,,,,,,,,,,,,,,,,,,,,,,,,,,,,,,,,,,,,,,,,,,,,,,,,,,,,,,,,,,,,,,,,,,,,,,,,,,,,,,,,,,,,,,,,,,,,,,,,,,,,,,,,,,,,,,,,,,,,,,,,,,,,,,,,,,,,,,,,
GC-BCVI-UB6-24-T33-6,i,16,5,38,2,0.4801,5718.75,2437.5,3281.25,0.0637,5718.75,4312.5,1406.25,0.0497,5437.5,4218.75,1218.75,0.0505,5343.75,4218.75,1125,0.0563,5343.75,4312.5,1031.25,0.1589,4781.25,2437.5,2343.75,,,,,,,,,,,,,,,,,,,,,,,,,,,,,,,,,,,,,,,,,,,,,,,,,,,,,,,,,,,,,,,,,,,,,,,,,,,,,,,,,,,,,,,,,,,,,,,,,,,,,,,,,,,,,,,,,,,,,,,,,,,,,,,,,,,,,,,,,,,,
GC-BCVI-UB6-24-T33-7,i,16,4,38,2,0.3211,5531.25,3093.75,2437.5,0.0445,5250,3937.5,1312.5,0.0526,5437.5,4312.5,1125,0.054,5531.25,4500,1031.25,0.1099,4593.75,3093.75,1500,,,,,,,,,,,,,,,,,,,,,,,,,,,,,,,,,,,,,,,,,,,,,,,,,,,,,,,,,,,,,,,,,,,,,,,,,,,,,,,,,,,,,,,,,,,,,,,,,,,,,,,,,,,,,,,,,,,,,,,,,,,,,,,,,,,,,,,,,,,,,,,,
GC-BCVI-UB6-24-T33-14,i,16,4,38,2,0.2954,6562.5,3187.5,3375,0.0409,6562.5,4125,2437.5,0.0497,5156.25,4312.5,843.75,0.0465,5156.25,4218.75,937.5,0.071,4781.25,3187.5,1593.75,,,,,,,,,,,,,,,,,,,,,,,,,,,,,,,,,,,,,,,,,,,,,,,,,,,,,,,,,,,,,,,,,,,,,,,,,,,,,,,,,,,,,,,,,,,,,,,,,,,,,,,,,,,,,,,,,,,,,,,,,,,,,,,,,,,,,,,,,,,,,,,,
GC-BCVI-UB6-24-T33-15,i,16,5,38,2,0.4465,5812.5,2343.75,3468.75,0.0547,5812.5,4500,1312.5,0.054,5343.75,4500,843.75,0.0473,5156.25,4406.25,750,0.0495,5062.5,4312.5,750,0.1464,4687.5,2343.75,2343.75,,,,,,,,,,,,,,,,,,,,,,,,,,,,,,,,,,,,,,,,,,,,,,,,,,,,,,,,,,,,,,,,,,,,,,,,,,,,,,,,,,,,,,,,,,,,,,,,,,,,,,,,,,,,,,,,,,,,,,,,,,,,,,,,,,,,,,,,,,,,
GC-BCVI-UB6-24-T33-16,i,16,4,38,2,0.2881,5718.75,3187.5,2531.25,0.0437,5718.75,4312.5,1406.25,0.0524,5343.75,4218.75,1125,0.0544,5343.75,4218.75,1125,0.0752,4875,3187.5,1687.5,,,,,,,,,,,,,,,,,,,,,,,,,,,,,,,,,,,,,,,,,,,,,,,,,,,,,,,,,,,,,,,,,,,,,,,,,,,,,,,,,,,,,,,,,,,,,,,,,,,,,,,,,,,,,,,,,,,,,,,,,,,,,,,,,,,,,,,,,,,,,,,,
GC-BCVI-UB6-24-T33-18,i,16,4,38,2,0.3055,5625,3187.5,2437.5,0.052,5625,3375,2250,0.0488,5343.75,4406.25,937.5,0.0541,4687.5,4406.25,281.25,0.087,4968.75,3187.5,1781.25,,,,,,,,,,,,,,,,,,,,,,,,,,,,,,,,,,,,,,,,,,,,,,,,,,,,,,,,,,,,,,,,,,,,,,,,,,,,,,,,,,,,,,,,,,,,,,,,,,,,,,,,,,,,,,,,,,,,,,,,,,,,,,,,,,,,,,,,,,,,,,,,
GC-BCVI-UB6-24-T33-23,i,16,5,38,2,0.471,5718.75,2343.75,3375,0.0585,5718.75,4687.5,1031.25,0.0592,5625,4593.75,1031.25,0.052,5437.5,4500,937.5,0.0542,5343.75,4500,843.75,0.1524,4687.5,2343.75,2343.75,,,,,,,,,,,,,,,,,,,,,,,,,,,,,,,,,,,,,,,,,,,,,,,,,,,,,,,,,,,,,,,,,,,,,,,,,,,,,,,,,,,,,,,,,,,,,,,,,,,,,,,,,,,,,,,,,,,,,,,,,,,,,,,,,,,,,,,,,,,,
GC-BCVI-UB6-24-T33-40,j,16,6,38,3,0.6634,5343.75,2062.5,3281.25,0.1544,5343.75,4218.75,1125,0.0394,4687.5,3656.25,1031.25,0.0402,5062.5,3750,1312.5,0.0427,4593.75,3656.25,937.5,0.0361,4125,3656.25,468.75,0.1018,3375,2062.5,1312.5,,,,,,,,,,,,,,,,,,,,,,,,,,,,,,,,,,,,,,,,,,,,,,,,,,,,,,,,,,,,,,,,,,,,,,,,,,,,,,,,,,,,,,,,,,,,,,,,,,,,,,,,,,,,,,,,,,,,,,,,,,,,,,,,,,,,,,,,
GC-BCVI-UB6-24-T33-42,j,16,6,38,3,0.586,4968.75,2156.25,2812.5,0.1516,4968.75,4218.75,750,0.0406,4687.5,3187.5,1500,0.0442,4593.75,3656.25,937.5,0.0486,4500,3562.5,937.5,0.0348,4687.5,3375,1312.5,0.0928,3656.25,2156.25,1500,,,,,,,,,,,,,,,,,,,,,,,,,,,,,,,,,,,,,,,,,,,,,,,,,,,,,,,,,,,,,,,,,,,,,,,,,,,,,,,,,,,,,,,,,,,,,,,,,,,,,,,,,,,,,,,,,,,,,,,,,,,,,,,,,,,,,,,,
GC-BCVI-UB6-24-T33-49,j,16,6,38,3,0.6687,5625,2062.5,3562.5,0.1717,5156.25,4406.25,750,0.033,5250,3843.75,1406.25,0.0321,5156.25,3750,1406.25,0.0382,5156.25,3843.75,1312.5,0.0408,5625,3656.25,1968.75,0.1049,3468.75,2062.5,1406.25,,,,,,,,,,,,,,,,,,,,,,,,,,,,,,,,,,,,,,,,,,,,,,,,,,,,,,,,,,,,,,,,,,,,,,,,,,,,,,,,,,,,,,,,,,,,,,,,,,,,,,,,,,,,,,,,,,,,,,,,,,,,,,,,,,,,,,,,
GC-BCVI-UB6-24-T33-50,i,16,5,38,2,0.4785,6187.5,2437.5,3750,0.057,6187.5,4218.75,1968.75,0.0484,5531.25,4687.5,843.75,0.0507,5250,4406.25,843.75,0.0484,5156.25,4312.5,843.75,0.1304,4781.25,2437.5,2343.75,,,,,,,,,,,,,,,,,,,,,,,,,,,,,,,,,,,,,,,,,,,,,,,,,,,,,,,,,,,,,,,,,,,,,,,,,,,,,,,,,,,,,,,,,,,,,,,,,,,,,,,,,,,,,,,,,,,,,,,,,,,,,,,,,,,,,,,,,,,,
GC-BCVI-UB6-24-T33-51,i,16,5,38,2,0.4552,5531.25,2625,2906.25,0.0577,5531.25,3937.5,1593.75,0.0504,5531.25,4406.25,1125,0.052,5343.75,4031.25,1312.5,0.0504,5250,4312.5,937.5,0.1309,4781.25,2625,2156.25,,,,,,,,,,,,,,,,,,,,,,,,,,,,,,,,,,,,,,,,,,,,,,,,,,,,,,,,,,,,,,,,,,,,,,,,,,,,,,,,,,,,,,,,,,,,,,,,,,,,,,,,,,,,,,,,,,,,,,,,,,,,,,,,,,,,,,,,,,,,
GC-BCVI-UB6-24-T33-52,i,16,4,38,2,0.3448,5718.75,3093.75,2625,0.0479,5250,3937.5,1312.5,0.0535,5531.25,4312.5,1218.75,0.0569,5718.75,4500,1218.75,0.1166,4875,3093.75,1781.25,,,,,,,,,,,,,,,,,,,,,,,,,,,,,,,,,,,,,,,,,,,,,,,,,,,,,,,,,,,,,,,,,,,,,,,,,,,,,,,,,,,,,,,,,,,,,,,,,,,,,,,,,,,,,,,,,,,,,,,,,,,,,,,,,,,,,,,,,,,,,,,,
GC-BCVI-UB6-24-T33-60,i,16,5,38,2,0.4683,7125,2625,4500,0.0594,7125,4500,2625,0.0479,5718.75,4593.75,1125,0.0508,5625,4500,1125,0.0527,5531.25,4500,1031.25,0.1503,4968.75,2625,2343.75,,,,,,,,,,,,,,,,,,,,,,,,,,,,,,,,,,,,,,,,,,,,,,,,,,,,,,,,,,,,,,,,,,,,,,,,,,,,,,,,,,,,,,,,,,,,,,,,,,,,,,,,,,,,,,,,,,,,,,,,,,,,,,,,,,,,,,,,,,,,
GC-BCVI-UB6-24-T33-61,i,16,5,38,2,0.4615,5718.75,2625,3093.75,0.0568,5718.75,4500,1218.75,0.0505,5625,4312.5,1312.5,0.0505,5343.75,4500,843.75,0.0469,5250,4406.25,843.75,0.1397,4781.25,2625,2156.25,,,,,,,,,,,,,,,,,,,,,,,,,,,,,,,,,,,,,,,,,,,,,,,,,,,,,,,,,,,,,,,,,,,,,,,,,,,,,,,,,,,,,,,,,,,,,,,,,,,,,,,,,,,,,,,,,,,,,,,,,,,,,,,,,,,,,,,,,,,,
GC-BCVI-UB6-24-T33-63,i,16,5,38,2,0.4881,5625,2343.75,3281.25,0.0437,5625,4500,1125,0.046,5625,4781.25,843.75,0.0515,5156.25,4406.25,750,0.0483,4968.75,4312.5,656.25,0.1419,4968.75,2343.75,2625,,,,,,,,,,,,,,,,,,,,,,,,,,,,,,,,,,,,,,,,,,,,,,,,,,,,,,,,,,,,,,,,,,,,,,,,,,,,,,,,,,,,,,,,,,,,,,,,,,,,,,,,,,,,,,,,,,,,,,,,,,,,,,,,,,,,,,,,,,,,
GC-BCVI-UB6-24-T33-65,i,16,5,38,2,0.4725,5343.75,2625,2718.75,0.0494,5343.75,4781.25,562.5,0.0521,5343.75,4312.5,1031.25,0.0487,5156.25,3937.5,1218.75,0.0534,4968.75,4218.75,750,0.1649,4875,2625,2250,,,,,,,,,,,,,,,,,,,,,,,,,,,,,,,,,,,,,,,,,,,,,,,,,,,,,,,,,,,,,,,,,,,,,,,,,,,,,,,,,,,,,,,,,,,,,,,,,,,,,,,,,,,,,,,,,,,,,,,,,,,,,,,,,,,,,,,,,,,,
GC-BCVI-UB6-24-T33-66,i,16,5,38,2,0.5206,5625,2625,3000,0.0464,5625,3375,2250,0.0533,5625,3656.25,1968.75,0.0533,5343.75,4218.75,1125,0.055,5062.5,3281.25,1781.25,0.195,4781.25,2625,2156.25,,,,,,,,,,,,,,,,,,,,,,,,,,,,,,,,,,,,,,,,,,,,,,,,,,,,,,,,,,,,,,,,,,,,,,,,,,,,,,,,,,,,,,,,,,,,,,,,,,,,,,,,,,,,,,,,,,,,,,,,,,,,,,,,,,,,,,,,,,,,
GC-BCVI-UB6-24-T36-35,k,16,8,38,4,1.2898,6281.25,2250,4031.25,0.0984,3843.75,2531.25,1312.5,0.0514,4781.25,3375,1406.25,0.0428,4968.75,4125,843.75,0.0542,5062.5,4218.75,843.75,0.0556,5062.5,3750,1312.5,0.0699,4031.25,2250,1781.25,0.0671,6281.25,3468.75,2812.5,0.1955,3843.75,2718.75,1125,,,,,,,,,,,,,,,,,,,,,,,,,,,,,,,,,,,,,,,,,,,,,,,,,,,,,,,,,,,,,,,,,,,,,,,,,,,,,,,,,,,,,,,,,,,,,,,,,,,,,,,,,,,,,,,,,,,,,,,,,,,,,,,,
GC-BCVI-UB6-24-T39-37,l,16,5,38,2,0.4228,5812.5,2343.75,3468.75,0.1209,5812.5,3468.75,2343.75,0.0452,3843.75,2343.75,1500,0.0419,3562.5,2531.25,1031.25,0.0403,3937.5,2531.25,1406.25,0.0551,3750,2812.5,937.5,,,,,,,,,,,,,,,,,,,,,,,,,,,,,,,,,,,,,,,,,,,,,,,,,,,,,,,,,,,,,,,,,,,,,,,,,,,,,,,,,,,,,,,,,,,,,,,,,,,,,,,,,,,,,,,,,,,,,,,,,,,,,,,,,,,,,,,,,,,,
GC-BCVI-UB6-24-T39-38,l,16,5,38,2,0.4294,5062.5,2437.5,2625,0.1216,5062.5,3468.75,1593.75,0.042,3375,2437.5,937.5,0.0401,3093.75,2531.25,562.5,0.0414,3187.5,2718.75,468.75,0.0577,3468.75,3000,468.75,,,,,,,,,,,,,,,,,,,,,,,,,,,,,,,,,,,,,,,,,,,,,,,,,,,,,,,,,,,,,,,,,,,,,,,,,,,,,,,,,,,,,,,,,,,,,,,,,,,,,,,,,,,,,,,,,,,,,,,,,,,,,,,,,,,,,,,,,,,,
GC-BCVI-UB6-24-T39-39,l,16,5,38,2,0.4347,5812.5,2343.75,3468.75,0.1229,5812.5,4125,1687.5,0.0389,4406.25,2437.5,1968.75,0.0443,4406.25,2343.75,2062.5,0.0451,3187.5,2718.75,468.75,0.0482,4406.25,3093.75,1312.5,,,,,,,,,,,,,,,,,,,,,,,,,,,,,,,,,,,,,,,,,,,,,,,,,,,,,,,,,,,,,,,,,,,,,,,,,,,,,,,,,,,,,,,,,,,,,,,,,,,,,,,,,,,,,,,,,,,,,,,,,,,,,,,,,,,,,,,,,,,,
GC-BCVI-UB6-24-T39-41,l,16,5,38,2,0.4578,6281.25,2156.25,4125,0.1324,6281.25,4406.25,1875,0.0426,4968.75,2156.25,2812.5,0.0419,4875,2437.5,2437.5,0.0466,3468.75,2906.25,562.5,0.0572,4218.75,3000,1218.75,,,,,,,,,,,,,,,,,,,,,,,,,,,,,,,,,,,,,,,,,,,,,,,,,,,,,,,,,,,,,,,,,,,,,,,,,,,,,,,,,,,,,,,,,,,,,,,,,,,,,,,,,,,,,,,,,,,,,,,,,,,,,,,,,,,,,,,,,,,,
GC-BCVI-UB6-24-T39-43,l,16,5,38,2,0.4334,5156.25,2343.75,2812.5,0.1336,5156.25,3562.5,1593.75,0.0455,4875,2343.75,2531.25,0.042,3656.25,2625,1031.25,0.0437,3750,2625,1125,0.0587,4031.25,2625,1406.25,,,,,,,,,,,,,,,,,,,,,,,,,,,,,,,,,,,,,,,,,,,,,,,,,,,,,,,,,,,,,,,,,,,,,,,,,,,,,,,,,,,,,,,,,,,,,,,,,,,,,,,,,,,,,,,,,,,,,,,,,,,,,,,,,,,,,,,,,,,,
GC-BCVI-UB6-24-T39-44,l,16,5,38,2,0.3736,5437.5,2437.5,3000,0.1272,5437.5,3562.5,1875,0.036,3562.5,2437.5,1125,0.0397,4781.25,2812.5,1968.75,0.0434,3375,2812.5,562.5,0.0596,3656.25,3187.5,468.75,,,,,,,,,,,,,,,,,,,,,,,,,,,,,,,,,,,,,,,,,,,,,,,,,,,,,,,,,,,,,,,,,,,,,,,,,,,,,,,,,,,,,,,,,,,,,,,,,,,,,,,,,,,,,,,,,,,,,,,,,,,,,,,,,,,,,,,,,,,,
GC-BCVI-UB6-24-T39-47,l,16,5,38,2,0.4655,6281.25,2437.5,3843.75,0.1112,6281.25,3656.25,2625,0.0399,3468.75,2437.5,1031.25,0.0424,4312.5,2625,1687.5,0.0418,3281.25,2812.5,468.75,0.0566,4125,2906.25,1218.75,,,,,,,,,,,,,,,,,,,,,,,,,,,,,,,,,,,,,,,,,,,,,,,,,,,,,,,,,,,,,,,,,,,,,,,,,,,,,,,,,,,,,,,,,,,,,,,,,,,,,,,,,,,,,,,,,,,,,,,,,,,,,,,,,,,,,,,,,,,,
GC-BCVI-UB6-24-T40-30,m,16,3,38,3,0.3275,6093.75,2156.25,3937.5,0.0425,4687.5,2625,2062.5,0.043,6093.75,5062.5,1031.25,0.151,3656.25,2156.25,1500,,,,,,,,,,,,,,,,,,,,,,,,,,,,,,,,,,,,,,,,,,,,,,,,,,,,,,,,,,,,,,,,,,,,,,,,,,,,,,,,,,,,,,,,,,,,,,,,,,,,,,,,,,,,,,,,,,,,,,,,,,,,,,,,,,,,,,,,,,,,,,,,,,,,
GC-BCVI-UB6-24-T41-46,n,16,14,38,7,1.516,6375,2062.5,4312.5,0.1464,5625,3656.25,1968.75,0.0549,4687.5,3281.25,1406.25,0.0458,3562.5,2437.5,1125,0.0488,3468.75,2250,1218.75,0.0885,5718.75,4031.25,1687.5,0.0412,4968.75,3375,1593.75,0.0412,4218.75,2718.75,1500,0.1357,6375,3468.75,2906.25,0.0458,3468.75,2156.25,1312.5,0.0244,2250,2062.5,187.5,0.029,2343.75,2062.5,281.25,0.058,4125,2812.5,1312.5,0.0519,4031.25,2812.5,1218.75,0.0625,4312.5,3281.25,1031.25,,,,,,,,,,,,,,,,,,,,,,,,,,,,,,,,,,,,,,,,,,,,,,,,,,,,,,,,,,,,,,,,,,,,,,,,,,,,,,,,,,,,,,,,,,,,,,,,,,,,,,,,
GC-BCVI-UB6-24-T41-53,c,16,14,38,5,1.2432,5906.25,2062.5,3843.75,0.0355,2718.75,2437.5,281.25,0.0414,2718.75,2343.75,375,0.0532,2906.25,2343.75,562.5,0.0473,3093.75,2437.5,656.25,0.1301,5718.75,4218.75,1500,0.0343,4500,3187.5,1312.5,0.0402,3937.5,3000,937.5,0.039,3656.25,2531.25,1125,0.0308,3468.75,2437.5,1031.25,0.1278,5906.25,3750,2156.25,0.0544,2812.5,2062.5,750,0.0686,3937.5,2437.5,1500,0.0627,3937.5,2437.5,1500,0.052,3843.75,2343.75,1500,,,,,,,,,,,,,,,,,,,,,,,,,,,,,,,,,,,,,,,,,,,,,,,,,,,,,,,,,,,,,,,,,,,,,,,,,,,,,,,,,,,,,,,,,,,,,,,,,,,,,,,,
GC-BCVI-UB6-24-T43-48,p,16,7,38,4,0.6466,6187.5,2156.25,4031.25,0.0689,6093.75,2625,3468.75,0.0293,5812.5,5250,562.5,0.1149,6187.5,4781.25,1406.25,0.0658,3187.5,2343.75,843.75,0.0531,3281.25,2531.25,750,0.0594,2906.25,2437.5,468.75,0.0586,2812.5,2156.25,656.25,,,,,,,,,,,,,,,,,,,,,,,,,,,,,,,,,,,,,,,,,,,,,,,,,,,,,,,,,,,,,,,,,,,,,,,,,,,,,,,,,,,,,,,,,,,,,,,,,,,,,,,,,,,,,,,,,,,,,,,,,,,,,,,,,,,,
GC-BCVI-YSBB-24-T1-46,a,16,6,35,3,0.7985,7875,2250,5625,0.1333,7875,3375,4500,0.036,4312.5,2437.5,1875,0.027,3937.5,3562.5,375,0.0315,3843.75,2250,1593.75,0.027,4312.5,3468.75,843.75,0.1678,5625,2625,3000,,,,,,,,,,,,,,,,,,,,,,,,,,,,,,,,,,,,,,,,,,,,,,,,,,,,,,,,,,,,,,,,,,,,,,,,,,,,,,,,,,,,,,,,,,,,,,,,,,,,,,,,,,,,,,,,,,,,,,,,,,,,,,,,,,,,,,,,
GC-BCVI-YSBB-24-T1-49,b,16,4,35,2,0.4368,5625,2156.25,3468.75,0.0538,3843.75,2343.75,1500,0.0664,4406.25,2156.25,2250,0.0538,3562.5,2156.25,1406.25,0.1281,5625,2250,3375,,,,,,,,,,,,,,,,,,,,,,,,,,,,,,,,,,,,,,,,,,,,,,,,,,,,,,,,,,,,,,,,,,,,,,,,,,,,,,,,,,,,,,,,,,,,,,,,,,,,,,,,,,,,,,,,,,,,,,,,,,,,,,,,,,,,,,,,,,,,,,,,
GC-BCVI-YSBB-24-T1-55,c,16,4,35,2,0.3906,6468.75,2062.5,4406.25,0.0448,6468.75,4968.75,1500,0.0509,6375,4687.5,1687.5,0.0481,5531.25,4781.25,750,0.1167,3843.75,2062.5,1781.25,,,,,,,,,,,,,,,,,,,,,,,,,,,,,,,,,,,,,,,,,,,,,,,,,,,,,,,,,,,,,,,,,,,,,,,,,,,,,,,,,,,,,,,,,,,,,,,,,,,,,,,,,,,,,,,,,,,,,,,,,,,,,,,,,,,,,,,,,,,,,,,,
GC-BCVI-YSBB-24-T12-7,d,16,7,35,3,0.644,7031.25,2718.75,4312.5,0.1049,6468.75,4125,2343.75,0.0319,5156.25,4312.5,843.75,0.0388,5156.25,4406.25,750,0.0404,5250,2718.75,2531.25,0.0458,6843.75,3750,3093.75,0.0482,6468.75,4781.25,1687.5,0.0427,7031.25,4593.75,2437.5,,,,,,,,,,,,,,,,,,,,,,,,,,,,,,,,,,,,,,,,,,,,,,,,,,,,,,,,,,,,,,,,,,,,,,,,,,,,,,,,,,,,,,,,,,,,,,,,,,,,,,,,,,,,,,,,,,,,,,,,,,,,,,,,,,,,
GC-BCVI-YSBB-24-T12-15,e,16,7,35,4,0.9544,5906.25,1968.75,3937.5,0.1619,5531.25,3843.75,1687.5,0.0405,5062.5,3281.25,1781.25,0.0436,5343.75,3656.25,1687.5,0.0415,5531.25,3750,1781.25,0.0467,5906.25,4312.5,1593.75,0.0851,4125,1968.75,2156.25,0.1816,5437.5,3937.5,1500,,,,,,,,,,,,,,,,,,,,,,,,,,,,,,,,,,,,,,,,,,,,,,,,,,,,,,,,,,,,,,,,,,,,,,,,,,,,,,,,,,,,,,,,,,,,,,,,,,,,,,,,,,,,,,,,,,,,,,,,,,,,,,,,,,,,
GC-BCVI-YSBB-24-T12-16,e,16,7,35,4,0.993,6375,2156.25,4218.75,0.1732,5437.5,3843.75,1593.75,0.0485,5250,3843.75,1406.25,0.045,5343.75,4406.25,937.5,0.045,5718.75,4218.75,1500,0.0439,6375,4500,1875,0.0854,4500,2156.25,2343.75,0.1813,5718.75,3750,1968.75,,,,,,,,,,,,,,,,,,,,,,,,,,,,,,,,,,,,,,,,,,,,,,,,,,,,,,,,,,,,,,,,,,,,,,,,,,,,,,,,,,,,,,,,,,,,,,,,,,,,,,,,,,,,,,,,,,,,,,,,,,,,,,,,,,,,
GC-BCVI-YSBB-24-T12-21,e,16,7,35,4,0.9701,6562.5,2062.5,4500,0.1909,5531.25,3375,2156.25,0.0467,5250,3562.5,1687.5,0.0488,5812.5,4781.25,1031.25,0.0457,5906.25,4687.5,1218.75,0.0498,6562.5,4687.5,1875,0.0872,4218.75,2062.5,2156.25,0.1826,5531.25,3843.75,1687.5,,,,,,,,,,,,,,,,,,,,,,,,,,,,,,,,,,,,,,,,,,,,,,,,,,,,,,,,,,,,,,,,,,,,,,,,,,,,,,,,,,,,,,,,,,,,,,,,,,,,,,,,,,,,,,,,,,,,,,,,,,,,,,,,,,,,
GC-BCVI-YSBB-24-T12-22,e,16,7,35,4,0.9665,6187.5,2062.5,4125,0.1655,5250,2812.5,2437.5,0.048,5156.25,4312.5,843.75,0.049,5250,4218.75,1031.25,0.049,5718.75,4125,1593.75,0.0378,6187.5,4406.25,1781.25,0.0838,3937.5,2062.5,1875,0.1767,5531.25,3750,1781.25,,,,,,,,,,,,,,,,,,,,,,,,,,,,,,,,,,,,,,,,,,,,,,,,,,,,,,,,,,,,,,,,,,,,,,,,,,,,,,,,,,,,,,,,,,,,,,,,,,,,,,,,,,,,,,,,,,,,,,,,,,,,,,,,,,,,
GC-BCVI-YSBB-24-T12-24,e,16,7,35,4,0.9278,5906.25,2062.5,3843.75,0.1636,4875,3187.5,1687.5,0.0417,4875,4312.5,562.5,0.0437,5250,4406.25,843.75,0.0447,5625,4500,1125,0.0498,5906.25,4500,1406.25,0.0793,3656.25,2062.5,1593.75,0.1636,5531.25,3750,1781.25,,,,,,,,,,,,,,,,,,,,,,,,,,,,,,,,,,,,,,,,,,,,,,,,,,,,,,,,,,,,,,,,,,,,,,,,,,,,,,,,,,,,,,,,,,,,,,,,,,,,,,,,,,,,,,,,,,,,,,,,,,,,,,,,,,,,
GC-BCVI-YSBB-24-T12-28,e,16,7,35,4,0.9587,6000,2156.25,3843.75,0.1598,5250,2812.5,2437.5,0.0455,5156.25,4218.75,937.5,0.0494,5156.25,4500,656.25,0.0465,5906.25,4312.5,1593.75,0.0562,6000,4312.5,1687.5,0.0726,3750,2156.25,1593.75,0.184,5250,3562.5,1687.5,,,,,,,,,,,,,,,,,,,,,,,,,,,,,,,,,,,,,,,,,,,,,,,,,,,,,,,,,,,,,,,,,,,,,,,,,,,,,,,,,,,,,,,,,,,,,,,,,,,,,,,,,,,,,,,,,,,,,,,,,,,,,,,,,,,,
GC-BCVI-YSBB-24-T12-29,e,16,7,35,4,0.973,6093.75,1968.75,4125,0.1783,5625,2343.75,3281.25,0.0501,5062.5,3000,2062.5,0.0459,5343.75,4500,843.75,0.0501,5625,4781.25,843.75,0.0532,6093.75,4500,1593.75,0.0793,3750,1968.75,1781.25,0.1721,5625,3468.75,2156.25,,,,,,,,,,,,,,,,,,,,,,,,,,,,,,,,,,,,,,,,,,,,,,,,,,,,,,,,,,,,,,,,,,,,,,,,,,,,,,,,,,,,,,,,,,,,,,,,,,,,,,,,,,,,,,,,,,,,,,,,,,,,,,,,,,,,
GC-BCVI-YSBB-24-T12-31,e,16,7,35,4,0.9619,5812.5,2062.5,3750,0.1583,5718.75,3468.75,2250,0.0472,5062.5,3281.25,1781.25,0.0472,5156.25,4687.5,468.75,0.0518,5812.5,4781.25,1031.25,0.0472,5812.5,4687.5,1125,0.0796,4218.75,2062.5,2156.25,0.1741,5343.75,3750,1593.75,,,,,,,,,,,,,,,,,,,,,,,,,,,,,,,,,,,,,,,,,,,,,,,,,,,,,,,,,,,,,,,,,,,,,,,,,,,,,,,,,,,,,,,,,,,,,,,,,,,,,,,,,,,,,,,,,,,,,,,,,,,,,,,,,,,,
GC-BCVI-YSBB-24-T12-33,e,16,7,35,4,0.9736,5718.75,2062.5,3656.25,0.1747,5718.75,3656.25,2062.5,0.0368,4875,3750,1125,0.049,5062.5,4312.5,750,0.0511,5156.25,3750,1406.25,0.049,5156.25,4125,1031.25,0.0817,4125,2062.5,2062.5,0.1839,5250,3750,1500,,,,,,,,,,,,,,,,,,,,,,,,,,,,,,,,,,,,,,,,,,,,,,,,,,,,,,,,,,,,,,,,,,,,,,,,,,,,,,,,,,,,,,,,,,,,,,,,,,,,,,,,,,,,,,,,,,,,,,,,,,,,,,,,,,,,
GC-BCVI-YSBB-24-T12-37,f,16,6,35,3,0.5656,5062.5,2062.5,3000,0.13,5062.5,2531.25,2531.25,0.0362,3937.5,2156.25,1781.25,0.0384,4687.5,3281.25,1406.25,0.0436,4687.5,2343.75,2343.75,0.0377,3937.5,2437.5,1500,0.0783,3562.5,2062.5,1500,,,,,,,,,,,,,,,,,,,,,,,,,,,,,,,,,,,,,,,,,,,,,,,,,,,,,,,,,,,,,,,,,,,,,,,,,,,,,,,,,,,,,,,,,,,,,,,,,,,,,,,,,,,,,,,,,,,,,,,,,,,,,,,,,,,,,,,,
GC-BCVI-YSBB-24-T12-38,a,16,6,35,3,0.7314,7593.75,2062.5,5531.25,0.1306,7593.75,2437.5,5156.25,0.0389,3750,2437.5,1312.5,0.0341,3656.25,2250,1406.25,0.0341,3843.75,2062.5,1781.25,0.0308,3468.75,2062.5,1406.25,0.1484,5062.5,2625,2437.5,,,,,,,,,,,,,,,,,,,,,,,,,,,,,,,,,,,,,,,,,,,,,,,,,,,,,,,,,,,,,,,,,,,,,,,,,,,,,,,,,,,,,,,,,,,,,,,,,,,,,,,,,,,,,,,,,,,,,,,,,,,,,,,,,,,,,,,,
GC-BCVI-YSBB-24-T12-42,f,16,6,35,3,0.5665,6843.75,2156.25,4687.5,0.1232,6843.75,2718.75,4125,0.0306,4312.5,3843.75,468.75,0.0369,4968.75,3562.5,1406.25,0.0392,5062.5,4031.25,1031.25,0.0384,4875,3562.5,1312.5,0.0879,3468.75,2156.25,1312.5,,,,,,,,,,,,,,,,,,,,,,,,,,,,,,,,,,,,,,,,,,,,,,,,,,,,,,,,,,,,,,,,,,,,,,,,,,,,,,,,,,,,,,,,,,,,,,,,,,,,,,,,,,,,,,,,,,,,,,,,,,,,,,,,,,,,,,,,
GC-BCVI-YSBB-24-T12-62,g,16,5,35,3,0.561,7500,2250,5250,0.1482,7500,3750,3750,0.0463,4968.75,3562.5,1406.25,0.0377,4406.25,3468.75,937.5,0.0443,4875,3562.5,1312.5,0.1005,3562.5,2250,1312.5,,,,,,,,,,,,,,,,,,,,,,,,,,,,,,,,,,,,,,,,,,,,,,,,,,,,,,,,,,,,,,,,,,,,,,,,,,,,,,,,,,,,,,,,,,,,,,,,,,,,,,,,,,,,,,,,,,,,,,,,,,,,,,,,,,,,,,,,,,,,
GC-BCVI-YSBB-24-T12-77,g,16,5,35,3,0.4359,5625,2156.25,3468.75,0.1588,5625,3562.5,2062.5,0.0427,5250,3375,1875,0.0462,4406.25,3562.5,843.75,0.0427,4125,3281.25,843.75,0.0784,3562.5,2156.25,1406.25,,,,,,,,,,,,,,,,,,,,,,,,,,,,,,,,,,,,,,,,,,,,,,,,,,,,,,,,,,,,,,,,,,,,,,,,,,,,,,,,,,,,,,,,,,,,,,,,,,,,,,,,,,,,,,,,,,,,,,,,,,,,,,,,,,,,,,,,,,,,
GC-BCVI-YSBB-24-T12-111,e,16,5,35,3,0.6438,7406.25,2343.75,5062.5,0.2412,5531.25,3093.75,2437.5,0.0491,6375,3562.5,2812.5,0.047,7406.25,3468.75,3937.5,0.0477,6750,3468.75,3281.25,0.0804,5906.25,2343.75,3562.5,,,,,,,,,,,,,,,,,,,,,,,,,,,,,,,,,,,,,,,,,,,,,,,,,,,,,,,,,,,,,,,,,,,,,,,,,,,,,,,,,,,,,,,,,,,,,,,,,,,,,,,,,,,,,,,,,,,,,,,,,,,,,,,,,,,,,,,,,,,,
GC-BCVI-YSBB-24-T15-68,i,16,6,35,1,0.4649,6656.25,3656.25,3000,0.0393,6656.25,3656.25,3000,0.052,6281.25,4312.5,1968.75,0.0566,6281.25,3937.5,2343.75,0.0619,6093.75,3937.5,2156.25,0.0586,5812.5,3843.75,1968.75,0.052,5812.5,4031.25,1781.25,,,,,,,,,,,,,,,,,,,,,,,,,,,,,,,,,,,,,,,,,,,,,,,,,,,,,,,,,,,,,,,,,,,,,,,,,,,,,,,,,,,,,,,,,,,,,,,,,,,,,,,,,,,,,,,,,,,,,,,,,,,,,,,,,,,,,,,,
GC-BCVI-YSBB-24-T17-52,j,16,3,35,3,0.424,5437.5,2531.25,2906.25,0.1592,5437.5,3187.5,2250,0.0664,4031.25,2625,1406.25,0.0992,4875,2531.25,2343.75,,,,,,,,,,,,,,,,,,,,,,,,,,,,,,,,,,,,,,,,,,,,,,,,,,,,,,,,,,,,,,,,,,,,,,,,,,,,,,,,,,,,,,,,,,,,,,,,,,,,,,,,,,,,,,,,,,,,,,,,,,,,,,,,,,,,,,,,,,,,,,,,,,,,
GC-BCVI-YSBB-24-T17-54,j,16,3,35,3,0.4127,5250,2156.25,3093.75,0.1565,5250,2906.25,2343.75,0.0653,3937.5,2156.25,1781.25,0.0991,4968.75,2625,2343.75,,,,,,,,,,,,,,,,,,,,,,,,,,,,,,,,,,,,,,,,,,,,,,,,,,,,,,,,,,,,,,,,,,,,,,,,,,,,,,,,,,,,,,,,,,,,,,,,,,,,,,,,,,,,,,,,,,,,,,,,,,,,,,,,,,,,,,,,,,,,,,,,,,,,
GC-BCVI-YSBB-24-T17-72,k,16,3,35,2,0.3459,6468.75,2906.25,3562.5,0.0425,6000,4781.25,1218.75,0.0645,6468.75,3187.5,3281.25,0.1225,4406.25,2906.25,1500,,,,,,,,,,,,,,,,,,,,,,,,,,,,,,,,,,,,,,,,,,,,,,,,,,,,,,,,,,,,,,,,,,,,,,,,,,,,,,,,,,,,,,,,,,,,,,,,,,,,,,,,,,,,,,,,,,,,,,,,,,,,,,,,,,,,,,,,,,,,,,,,,,,,
GC-BCVI-YSBB-24-T17-84,l,16,1,35,1,0.2325,6468.75,3937.5,2531.25,0.2325,6468.75,3937.5,2531.25,,,,,,,,,,,,,,,,,,,,,,,,,,,,,,,,,,,,,,,,,,,,,,,,,,,,,,,,,,,,,,,,,,,,,,,,,,,,,,,,,,,,,,,,,,,,,,,,,,,,,,,,,,,,,,,,,,,,,,,,,,,,,,,,,,,,,,,,,,,,,,,,,,,,,,,,,,,,
GC-BCVI-YSBB-24-T17-94,j,16,3,35,3,0.4132,5343.75,2718.75,2625,0.1677,5343.75,3468.75,1875,0.0589,4218.75,2718.75,1500,0.099,4687.5,2718.75,1968.75,,,,,,,,,,,,,,,,,,,,,,,,,,,,,,,,,,,,,,,,,,,,,,,,,,,,,,,,,,,,,,,,,,,,,,,,,,,,,,,,,,,,,,,,,,,,,,,,,,,,,,,,,,,,,,,,,,,,,,,,,,,,,,,,,,,,,,,,,,,,,,,,,,,,
GC-BCVI-YSBB-24-T17-97,l,16,3,35,3,0.4212,6937.5,2531.25,4406.25,0.1912,6937.5,3468.75,3468.75,0.0611,4031.25,2531.25,1500,0.1,4687.5,2625,2062.5,,,,,,,,,,,,,,,,,,,,,,,,,,,,,,,,,,,,,,,,,,,,,,,,,,,,,,,,,,,,,,,,,,,,,,,,,,,,,,,,,,,,,,,,,,,,,,,,,,,,,,,,,,,,,,,,,,,,,,,,,,,,,,,,,,,,,,,,,,,,,,,,,,,,
GC-BCVI-YSBB-24-T17-110,m,16,1,35,1,0.1453,7406.25,3562.5,3843.75,0.1453,7406.25,3562.5,3843.75,,,,,,,,,,,,,,,,,,,,,,,,,,,,,,,,,,,,,,,,,,,,,,,,,,,,,,,,,,,,,,,,,,,,,,,,,,,,,,,,,,,,,,,,,,,,,,,,,,,,,,,,,,,,,,,,,,,,,,,,,,,,,,,,,,,,,,,,,,,,,,,,,,,,,,,,,,,,
GC-BCVI-YSBB-24-T18-4,m,16,7,35,4,0.7017,6562.5,2156.25,4406.25,0.1478,6562.5,3562.5,3000,0.0282,3937.5,3656.25,281.25,0.0399,4781.25,3843.75,937.5,0.0368,5156.25,4312.5,843.75,0.0493,5156.25,4406.25,750,0.0813,5718.75,2718.75,3000,0.1236,4500,2156.25,2343.75,,,,,,,,,,,,,,,,,,,,,,,,,,,,,,,,,,,,,,,,,,,,,,,,,,,,,,,,,,,,,,,,,,,,,,,,,,,,,,,,,,,,,,,,,,,,,,,,,,,,,,,,,,,,,,,,,,,,,,,,,,,,,,,,,,,,
GC-BCVI-YSBB-24-T18-10,m,16,7,35,4,0.7817,7312.5,2062.5,5250,0.1426,7312.5,3375,3937.5,0.0295,4593.75,3281.25,1312.5,0.0352,4500,3843.75,656.25,0.0402,4593.75,4031.25,562.5,0.0434,4593.75,4125,468.75,0.0754,5625,2812.5,2812.5,0.1327,5062.5,2062.5,3000,,,,,,,,,,,,,,,,,,,,,,,,,,,,,,,,,,,,,,,,,,,,,,,,,,,,,,,,,,,,,,,,,,,,,,,,,,,,,,,,,,,,,,,,,,,,,,,,,,,,,,,,,,,,,,,,,,,,,,,,,,,,,,,,,,,,
GC-BCVI-YSBB-24-T18-13,m,16,7,35,4,0.7116,6750,2156.25,4593.75,0.1585,6750,2718.75,4031.25,0.0365,4687.5,3562.5,1125,0.0388,4781.25,3562.5,1218.75,0.0482,4968.75,4218.75,750,0.0474,5156.25,4218.75,937.5,0.0653,5718.75,3562.5,2156.25,0.1142,4781.25,2156.25,2625,,,,,,,,,,,,,,,,,,,,,,,,,,,,,,,,,,,,,,,,,,,,,,,,,,,,,,,,,,,,,,,,,,,,,,,,,,,,,,,,,,,,,,,,,,,,,,,,,,,,,,,,,,,,,,,,,,,,,,,,,,,,,,,,,,,,
GC-BCVI-YSBB-24-T18-34,m,16,7,35,4,0.732,7312.5,2156.25,5156.25,0.1327,7312.5,3468.75,3843.75,0.0373,4312.5,3562.5,750,0.0399,4968.75,3656.25,1312.5,0.0399,4968.75,4031.25,937.5,0.0364,5062.5,4218.75,843.75,0.0763,5812.5,3937.5,1875,0.1258,4593.75,2156.25,2437.5,,,,,,,,,,,,,,,,,,,,,,,,,,,,,,,,,,,,,,,,,,,,,,,,,,,,,,,,,,,,,,,,,,,,,,,,,,,,,,,,,,,,,,,,,,,,,,,,,,,,,,,,,,,,,,,,,,,,,,,,,,,,,,,,,,,,
GC-BCVI-YSBB-24-T18-61,n,16,8,35,3,0.6158,8437.5,2250,6187.5,0.0348,6843.75,5062.5,1781.25,0.0348,6843.75,4593.75,2250,0.0386,7218.75,4593.75,2625,0.0333,6750,5156.25,1593.75,0.0856,8437.5,4593.75,3843.75,0.0485,4500,2625,1875,0.05,3937.5,2437.5,1500,0.0515,3750,2250,1500,,,,,,,,,,,,,,,,,,,,,,,,,,,,,,,,,,,,,,,,,,,,,,,,,,,,,,,,,,,,,,,,,,,,,,,,,,,,,,,,,,,,,,,,,,,,,,,,,,,,,,,,,,,,,,,,,,,,,,,,,,,,,,,,
GC-BCVI-YSBB-24-T18-101,m,16,5,35,3,0.4369,5531.25,2156.25,3375,0.0311,4218.75,4031.25,187.5,0.0437,4968.75,4031.25,937.5,0.0506,4781.25,4125,656.25,0.0643,5531.25,4406.25,1125,0.1186,4781.25,2156.25,2625,,,,,,,,,,,,,,,,,,,,,,,,,,,,,,,,,,,,,,,,,,,,,,,,,,,,,,,,,,,,,,,,,,,,,,,,,,,,,,,,,,,,,,,,,,,,,,,,,,,,,,,,,,,,,,,,,,,,,,,,,,,,,,,,,,,,,,,,,,,,
GC-BCVI-YSBB-24-T18-105,m,16,7,35,4,0.769,7500,2437.5,5062.5,0.1589,7500,3281.25,4218.75,0.044,4593.75,3656.25,937.5,0.0433,4593.75,3562.5,1031.25,0.0462,4875,3375,1500,0.047,5156.25,3656.25,1500,0.0806,5718.75,4125,1593.75,0.0895,4968.75,2437.5,2531.25,,,,,,,,,,,,,,,,,,,,,,,,,,,,,,,,,,,,,,,,,,,,,,,,,,,,,,,,,,,,,,,,,,,,,,,,,,,,,,,,,,,,,,,,,,,,,,,,,,,,,,,,,,,,,,,,,,,,,,,,,,,,,,,,,,,,
GC-BCVI-YSBB-24-T18-108,m,16,6,35,3,0.4617,5718.75,2250,3468.75,0.0309,4687.5,3656.25,1031.25,0.0466,4875,4218.75,656.25,0.0361,4968.75,4593.75,375,0.0424,4875,4687.5,187.5,0.0633,5718.75,3562.5,2156.25,0.0911,4781.25,2250,2531.25,,,,,,,,,,,,,,,,,,,,,,,,,,,,,,,,,,,,,,,,,,,,,,,,,,,,,,,,,,,,,,,,,,,,,,,,,,,,,,,,,,,,,,,,,,,,,,,,,,,,,,,,,,,,,,,,,,,,,,,,,,,,,,,,,,,,,,,,
GC-BCVI-YSBB-24-T18-109,m,16,7,35,4,0.7579,6468.75,2062.5,4406.25,0.1367,6468.75,3375,3093.75,0.0411,4593.75,3562.5,1031.25,0.0411,4781.25,3656.25,1125,0.0439,4875,3468.75,1406.25,0.039,4875,4500,375,0.0676,5718.75,3937.5,1781.25,0.0962,4875,2062.5,2812.5,,,,,,,,,,,,,,,,,,,,,,,,,,,,,,,,,,,,,,,,,,,,,,,,,,,,,,,,,,,,,,,,,,,,,,,,,,,,,,,,,,,,,,,,,,,,,,,,,,,,,,,,,,,,,,,,,,,,,,,,,,,,,,,,,,,,
GC-BCVI-YSBB-24-T18-112,m,16,5,35,3,0.4394,5812.5,2812.5,3000,0.0342,4781.25,3562.5,1218.75,0.0409,4687.5,4125,562.5,0.039,5156.25,3468.75,1687.5,0.0385,4875,4312.5,562.5,0.0761,5812.5,4031.25,1781.25,0.0832,4875,2812.5,2062.5,,,,,,,,,,,,,,,,,,,,,,,,,,,,,,,,,,,,,,,,,,,,,,,,,,,,,,,,,,,,,,,,,,,,,,,,,,,,,,,,,,,,,,,,,,,,,,,,,,,,,,,,,,,,,,,,,,,,,,,,,,,,,,,,,,,,,,,,
GC-BCVI-YSBB-24-T19-82,n,16,1,35,1,0.0684,6187.5,3000,3187.5,0.0684,6187.5,3000,3187.5,,,,,,,,,,,,,,,,,,,,,,,,,,,,,,,,,,,,,,,,,,,,,,,,,,,,,,,,,,,,,,,,,,,,,,,,,,,,,,,,,,,,,,,,,,,,,,,,,,,,,,,,,,,,,,,,,,,,,,,,,,,,,,,,,,,,,,,,,,,,,,,,,,,,,,,,,,,,
GC-BCVI-YSBB-24-T21-48,o,16,8,35,3,0.6219,6187.5,2156.25,4031.25,0.1371,6187.5,2718.75,3468.75,0.0294,4218.75,2906.25,1312.5,0.0232,3562.5,2531.25,1031.25,0.0263,2718.75,2156.25,562.5,0.0225,2250,2250,0,0.0225,3656.25,2250,1406.25,0.0565,5062.5,2718.75,2343.75,0.0488,5062.5,3000,2062.5,,,,,,,,,,,,,,,,,,,,,,,,,,,,,,,,,,,,,,,,,,,,,,,,,,,,,,,,,,,,,,,,,,,,,,,,,,,,,,,,,,,,,,,,,,,,,,,,,,,,,,,,,,,,,,,,,,,,,,,,,,,,,,,,
GC-BCVI-YSBB-24-T23-79,p,16,5,35,2,0.571,7687.5,3000,4687.5,0.0206,5437.5,5437.5,0,0.0272,6468.75,5250,1218.75,0.0356,7687.5,5812.5,1875,0.0347,7500,5812.5,1687.5,0.1753,7687.5,3000,4687.5,,,,,,,,,,,,,,,,,,,,,,,,,,,,,,,,,,,,,,,,,,,,,,,,,,,,,,,,,,,,,,,,,,,,,,,,,,,,,,,,,,,,,,,,,,,,,,,,,,,,,,,,,,,,,,,,,,,,,,,,,,,,,,,,,,,,,,,,,,,,
GC-BCVI-YSBB-24-T30-32,d,16,11,35,5,1.1865,6750,2156.25,4593.75,0.1019,4875,3843.75,1031.25,0.0352,4593.75,4218.75,375,0.0328,4593.75,4406.25,187.5,0.0291,4593.75,2718.75,1875,0.0425,6750,4312.5,2437.5,0.0388,6750,4593.75,2156.25,0.0364,6281.25,4687.5,1593.75,0.1723,6000,3937.5,2062.5,0.0643,3656.25,2156.25,1500,0.0619,4031.25,2437.5,1593.75,0.0497,3937.5,2437.5,1500,,,,,,,,,,,,,,,,,,,,,,,,,,,,,,,,,,,,,,,,,,,,,,,,,,,,,,,,,,,,,,,,,,,,,,,,,,,,,,,,,,,,,,,,,,,,,,,,,,,,,,,,,,,,,,,,,,,,
GC-BCVI-YSBB-24-T30-89,d,16,10,35,5,1.052,7218.75,2531.25,4687.5,0.0932,6656.25,2531.25,4125,0.034,3656.25,2625,1031.25,0.0301,4593.75,2812.5,1781.25,0.0272,5343.75,4687.5,656.25,0.033,7218.75,4593.75,2625,0.0311,7031.25,4593.75,2437.5,0.1223,6093.75,3468.75,2625,0.0524,4218.75,3562.5,656.25,0.0476,3843.75,2625,1218.75,0.0505,3281.25,2531.25,750,,,,,,,,,,,,,,,,,,,,,,,,,,,,,,,,,,,,,,,,,,,,,,,,,,,,,,,,,,,,,,,,,,,,,,,,,,,,,,,,,,,,,,,,,,,,,,,,,,,,,,,,,,,,,,,,,,,,,,,,
GC-BCVI-YSBB-24-T30-92,d,16,9,35,4,0.7103,6656.25,2531.25,4125,0.0412,5437.5,3656.25,1781.25,0.0461,5625,3656.25,1968.75,0.0419,6093.75,4406.25,1687.5,0.0468,6656.25,4968.75,1687.5,0.0362,6187.5,4781.25,1406.25,0.0993,6093.75,3656.25,2437.5,0.0532,3937.5,3468.75,468.75,0.0426,3562.5,2718.75,843.75,0.0376,3187.5,2531.25,656.25,,,,,,,,,,,,,,,,,,,,,,,,,,,,,,,,,,,,,,,,,,,,,,,,,,,,,,,,,,,,,,,,,,,,,,,,,,,,,,,,,,,,,,,,,,,,,,,,,,,,,,,,,,,,,,,,,,,,,,,,,,,,
GC-BCVI-YSBB-24-T30-95,d,16,9,35,4,0.7405,6468.75,2250,4218.75,0.0413,5437.5,2250,3187.5,0.0464,4875,2718.75,2156.25,0.0472,5625,4406.25,1218.75,0.0472,6468.75,4312.5,2156.25,0.0472,6468.75,4312.5,2156.25,0.1149,6000,3750,2250,0.0538,4218.75,3562.5,656.25,0.0538,3562.5,2906.25,656.25,0.0523,3093.75,2343.75,750,,,,,,,,,,,,,,,,,,,,,,,,,,,,,,,,,,,,,,,,,,,,,,,,,,,,,,,,,,,,,,,,,,,,,,,,,,,,,,,,,,,,,,,,,,,,,,,,,,,,,,,,,,,,,,,,,,,,,,,,,,,,
GC-BCVI-YSBB-24-T30-96,d,16,9,35,4,0.7104,6281.25,2343.75,3937.5,0.041,5343.75,4406.25,937.5,0.0495,4687.5,2625,2062.5,0.0389,6281.25,4687.5,1593.75,0.0424,6187.5,4406.25,1781.25,0.0424,6187.5,4406.25,1781.25,0.0905,6093.75,3750,2343.75,0.0565,4218.75,3656.25,562.5,0.053,3843.75,2906.25,937.5,0.0488,3468.75,2343.75,1125,,,,,,,,,,,,,,,,,,,,,,,,,,,,,,,,,,,,,,,,,,,,,,,,,,,,,,,,,,,,,,,,,,,,,,,,,,,,,,,,,,,,,,,,,,,,,,,,,,,,,,,,,,,,,,,,,,,,,,,,,,,,
GC-BCVI-YSBB-24-T30-98,d,16,9,35,4,0.7376,6187.5,2062.5,4125,0.0424,5062.5,2062.5,3000,0.0461,5156.25,2718.75,2437.5,0.025,5062.5,4500,562.5,0.0295,5156.25,4593.75,562.5,0.0363,6187.5,4125,2062.5,0.1157,5343.75,3656.25,1687.5,0.0514,4125,3656.25,468.75,0.059,3750,2625,1125,0.059,3750,2625,1125,,,,,,,,,,,,,,,,,,,,,,,,,,,,,,,,,,,,,,,,,,,,,,,,,,,,,,,,,,,,,,,,,,,,,,,,,,,,,,,,,,,,,,,,,,,,,,,,,,,,,,,,,,,,,,,,,,,,,,,,,,,,
GC-BCVI-YSBB-24-T30-99,d,16,10,35,5,0.9629,6562.5,2437.5,4125,0.1048,4593.75,3187.5,1406.25,0.0359,5343.75,4406.25,937.5,0.0321,4781.25,4500,281.25,0.0434,6187.5,4593.75,1593.75,0.0396,6093.75,3375,2718.75,0.0481,6562.5,4593.75,1968.75,0.0925,6187.5,3656.25,2531.25,0.0368,4218.75,3937.5,281.25,0.0491,3656.25,2437.5,1218.75,0.0434,3187.5,2437.5,750,,,,,,,,,,,,,,,,,,,,,,,,,,,,,,,,,,,,,,,,,,,,,,,,,,,,,,,,,,,,,,,,,,,,,,,,,,,,,,,,,,,,,,,,,,,,,,,,,,,,,,,,,,,,,,,,,,,,,,,,
GC-BCVI-YSBB-24-T30-104,d,16,9,35,5,0.7619,6937.5,2531.25,4406.25,0.0383,5531.25,2625,2906.25,0.0506,6937.5,4593.75,2343.75,0.0434,5718.75,4312.5,1406.25,0.0455,6562.5,4687.5,1875,0.039,6281.25,4687.5,1593.75,0.107,6000,3937.5,2062.5,0.0492,4218.75,3468.75,750,0.0477,3843.75,3093.75,750,0.0455,3187.5,2531.25,656.25,,,,,,,,,,,,,,,,,,,,,,,,,,,,,,,,,,,,,,,,,,,,,,,,,,,,,,,,,,,,,,,,,,,,,,,,,,,,,,,,,,,,,,,,,,,,,,,,,,,,,,,,,,,,,,,,,,,,,,,,,,,,
GC-BCVI-YSBB-24-T41-80,p,16,10,35,5,1.4401,8062.5,2156.25,5906.25,0.2028,6937.5,4031.25,2906.25,0.0444,3562.5,3093.75,468.75,0.0475,3656.25,2906.25,750,0.0459,4125,2718.75,1406.25,0.0903,8062.5,4968.75,3093.75,0.236,3468.75,2156.25,1312.5,0.0602,5343.75,4031.25,1312.5,0.0586,5437.5,3750,1687.5,0.0602,6093.75,3750,2343.75,0.0618,5625,3468.75,2156.25,,,,,,,,,,,,,,,,,,,,,,,,,,,,,,,,,,,,,,,,,,,,,,,,,,,,,,,,,,,,,,,,,,,,,,,,,,,,,,,,,,,,,,,,,,,,,,,,,,,,,,,,,,,,,,,,,,,,,,,,
GC-BCVI-YSBB-24-T41-85,p,16,10,35,5,1.4052,7031.25,2250,4781.25,0.188,6656.25,3187.5,3468.75,0.0368,3468.75,2718.75,750,0.0382,3468.75,2812.5,656.25,0.0495,3468.75,2625,843.75,0.099,7031.25,4687.5,2343.75,0.2205,3468.75,2250,1218.75,0.0467,4875,4218.75,656.25,0.0537,5250,3843.75,1406.25,0.0608,5718.75,3562.5,2156.25,0.058,5906.25,3281.25,2625,,,,,,,,,,,,,,,,,,,,,,,,,,,,,,,,,,,,,,,,,,,,,,,,,,,,,,,,,,,,,,,,,,,,,,,,,,,,,,,,,,,,,,,,,,,,,,,,,,,,,,,,,,,,,,,,,,,,,,,,
GC-BCVI-WSRO-24-T1-35,a,22,7,46,4,0.6694,6468.75,2062.5,4406.25,0.0476,4312.5,2718.75,1593.75,0.0657,6468.75,5156.25,1312.5,0.1595,3843.75,2062.5,1781.25,0.0434,6375,4312.5,2062.5,0.0476,5343.75,4312.5,1031.25,0.0476,5156.25,3750,1406.25,0.0497,5156.25,3281.25,1875,,,,,,,,,,,,,,,,,,,,,,,,,,,,,,,,,,,,,,,,,,,,,,,,,,,,,,,,,,,,,,,,,,,,,,,,,,,,,,,,,,,,,,,,,,,,,,,,,,,,,,,,,,,,,,,,,,,,,,,,,,,,,,,,,,,,
GC-BCVI-WSRO-24-T2-31,b,22,8,46,4,0.8711,7500,2062.5,5437.5,0.0529,7031.25,5343.75,1687.5,0.0402,7500,5625,1875,0.0507,6937.5,5812.5,1125,0.0613,4125,2062.5,2062.5,0.0624,3656.25,2250,1406.25,0.1966,5531.25,4218.75,1312.5,0.0698,4312.5,3656.25,656.25,0.0729,4500,3750,750,,,,,,,,,,,,,,,,,,,,,,,,,,,,,,,,,,,,,,,,,,,,,,,,,,,,,,,,,,,,,,,,,,,,,,,,,,,,,,,,,,,,,,,,,,,,,,,,,,,,,,,,,,,,,,,,,,,,,,,,,,,,,,,,
GC-BCVI-WSRO-24-T10-50,c,22,3,46,3,0.4098,5062.5,2343.75,2718.75,0.1612,5062.5,2718.75,2343.75,0.0722,3750,2343.75,1406.25,0.1272,4875,2625,2250,,,,,,,,,,,,,,,,,,,,,,,,,,,,,,,,,,,,,,,,,,,,,,,,,,,,,,,,,,,,,,,,,,,,,,,,,,,,,,,,,,,,,,,,,,,,,,,,,,,,,,,,,,,,,,,,,,,,,,,,,,,,,,,,,,,,,,,,,,,,,,,,,,,,
GC-BCVI-WSRO-24-T10-107,d,22,4,46,3,0.3881,6562.5,2062.5,4500,0.1495,6562.5,4500,2062.5,0.1173,3468.75,2062.5,1406.25,0.0522,5437.5,4687.5,750,0.0477,5718.75,4500,1218.75,,,,,,,,,,,,,,,,,,,,,,,,,,,,,,,,,,,,,,,,,,,,,,,,,,,,,,,,,,,,,,,,,,,,,,,,,,,,,,,,,,,,,,,,,,,,,,,,,,,,,,,,,,,,,,,,,,,,,,,,,,,,,,,,,,,,,,,,,,,,,,,,
GC-BCVI-WSRO-24-T10-123,d,22,4,46,3,0.542,7218.75,2062.5,5156.25,0.1374,7218.75,2906.25,4312.5,0.1131,3468.75,2062.5,1406.25,0.0547,5062.5,2156.25,2906.25,0.0566,5156.25,4218.75,937.5,,,,,,,,,,,,,,,,,,,,,,,,,,,,,,,,,,,,,,,,,,,,,,,,,,,,,,,,,,,,,,,,,,,,,,,,,,,,,,,,,,,,,,,,,,,,,,,,,,,,,,,,,,,,,,,,,,,,,,,,,,,,,,,,,,,,,,,,,,,,,,,,
GC-BCVI-WSRO-24-T10-128,d,22,4,46,3,0.5101,6562.5,1968.75,4593.75,0.1355,6562.5,3000,3562.5,0.1183,3656.25,1968.75,1687.5,0.0607,5062.5,2812.5,2250,0.0644,5156.25,4406.25,750,,,,,,,,,,,,,,,,,,,,,,,,,,,,,,,,,,,,,,,,,,,,,,,,,,,,,,,,,,,,,,,,,,,,,,,,,,,,,,,,,,,,,,,,,,,,,,,,,,,,,,,,,,,,,,,,,,,,,,,,,,,,,,,,,,,,,,,,,,,,,,,,
GC-BCVI-WSRO-24-T10-135,d,22,4,46,3,0.525,6281.25,2062.5,4218.75,0.1361,6281.25,3093.75,3187.5,0.1125,4031.25,2062.5,1968.75,0.0614,5343.75,3375,1968.75,0.0614,6000,4218.75,1781.25,,,,,,,,,,,,,,,,,,,,,,,,,,,,,,,,,,,,,,,,,,,,,,,,,,,,,,,,,,,,,,,,,,,,,,,,,,,,,,,,,,,,,,,,,,,,,,,,,,,,,,,,,,,,,,,,,,,,,,,,,,,,,,,,,,,,,,,,,,,,,,,,
GC-BCVI-WSRO-24-T10-137,d,22,4,46,3,0.5834,6468.75,2062.5,4406.25,0.1463,6468.75,3750,2718.75,0.1045,3468.75,2062.5,1406.25,0.0514,5062.5,4312.5,750,0.0621,5062.5,4406.25,656.25,,,,,,,,,,,,,,,,,,,,,,,,,,,,,,,,,,,,,,,,,,,,,,,,,,,,,,,,,,,,,,,,,,,,,,,,,,,,,,,,,,,,,,,,,,,,,,,,,,,,,,,,,,,,,,,,,,,,,,,,,,,,,,,,,,,,,,,,,,,,,,,,
GC-BCVI-WSRO-24-T10-153,d,22,4,46,3,0.5678,6187.5,2062.5,4125,0.1366,6187.5,4125,2062.5,0.1231,3375,2062.5,1312.5,0.0569,5625,4406.25,1218.75,0.0628,4875,3468.75,1406.25,,,,,,,,,,,,,,,,,,,,,,,,,,,,,,,,,,,,,,,,,,,,,,,,,,,,,,,,,,,,,,,,,,,,,,,,,,,,,,,,,,,,,,,,,,,,,,,,,,,,,,,,,,,,,,,,,,,,,,,,,,,,,,,,,,,,,,,,,,,,,,,,
GC-BCVI-WSRO-24-T10-162,d,22,4,46,3,0.5365,7031.25,2062.5,4968.75,0.1168,7031.25,4312.5,2718.75,0.1159,3468.75,2062.5,1406.25,0.0661,5062.5,3468.75,1593.75,0.067,5062.5,4406.25,656.25,,,,,,,,,,,,,,,,,,,,,,,,,,,,,,,,,,,,,,,,,,,,,,,,,,,,,,,,,,,,,,,,,,,,,,,,,,,,,,,,,,,,,,,,,,,,,,,,,,,,,,,,,,,,,,,,,,,,,,,,,,,,,,,,,,,,,,,,,,,,,,,,
GC-BCVI-WSRO-24-T10-171,d,22,4,46,3,0.5296,6468.75,2156.25,4312.5,0.1421,6468.75,4218.75,2250,0.1139,3562.5,2156.25,1406.25,0.0647,5062.5,2906.25,2156.25,0.0696,5062.5,4687.5,375,,,,,,,,,,,,,,,,,,,,,,,,,,,,,,,,,,,,,,,,,,,,,,,,,,,,,,,,,,,,,,,,,,,,,,,,,,,,,,,,,,,,,,,,,,,,,,,,,,,,,,,,,,,,,,,,,,,,,,,,,,,,,,,,,,,,,,,,,,,,,,,,
GC-BCVI-WSRO-24-T10-176,d,22,4,46,3,0.6329,6937.5,2062.5,4875,0.1466,6937.5,4125,2812.5,0.1519,4125,2062.5,2062.5,0.072,5250,3656.25,1593.75,0.0922,5062.5,4312.5,750,,,,,,,,,,,,,,,,,,,,,,,,,,,,,,,,,,,,,,,,,,,,,,,,,,,,,,,,,,,,,,,,,,,,,,,,,,,,,,,,,,,,,,,,,,,,,,,,,,,,,,,,,,,,,,,,,,,,,,,,,,,,,,,,,,,,,,,,,,,,,,,,
GC-BCVI-WSRO-24-T12-55,e,22,5,46,2,0.3339,6187.5,2156.25,4031.25,0.0387,6093.75,3937.5,2156.25,0.041,6093.75,3937.5,2156.25,0.0456,6093.75,3843.75,2250,0.0456,6187.5,3937.5,2250,0.1105,5156.25,2156.25,3000,,,,,,,,,,,,,,,,,,,,,,,,,,,,,,,,,,,,,,,,,,,,,,,,,,,,,,,,,,,,,,,,,,,,,,,,,,,,,,,,,,,,,,,,,,,,,,,,,,,,,,,,,,,,,,,,,,,,,,,,,,,,,,,,,,,,,,,,,,,,
GC-BCVI-WSRO-24-T12-70,e,22,5,46,2,0.3584,5906.25,2156.25,3750,0.0401,5625,4125,1500,0.0376,5625,4031.25,1593.75,0.0388,5906.25,2625,3281.25,0.0376,5906.25,3843.75,2062.5,0.1021,4968.75,2156.25,2812.5,,,,,,,,,,,,,,,,,,,,,,,,,,,,,,,,,,,,,,,,,,,,,,,,,,,,,,,,,,,,,,,,,,,,,,,,,,,,,,,,,,,,,,,,,,,,,,,,,,,,,,,,,,,,,,,,,,,,,,,,,,,,,,,,,,,,,,,,,,,,
GC-BCVI-WSRO-24-T12-72,e,22,6,46,2,0.42,6562.5,2062.5,4500,0.0376,4781.25,3656.25,1125,0.0361,6000,4125,1875,0.0384,6093.75,4031.25,2062.5,0.0369,6093.75,3843.75,2250,0.033,6562.5,3750,2812.5,0.0998,4781.25,2062.5,2718.75,,,,,,,,,,,,,,,,,,,,,,,,,,,,,,,,,,,,,,,,,,,,,,,,,,,,,,,,,,,,,,,,,,,,,,,,,,,,,,,,,,,,,,,,,,,,,,,,,,,,,,,,,,,,,,,,,,,,,,,,,,,,,,,,,,,,,,,,
GC-BCVI-WSRO-24-T12-141,e,22,5,46,2,0.3706,7218.75,2062.5,5156.25,0.0422,4593.75,3656.25,937.5,0.045,5250,4031.25,1218.75,0.0334,5625,3843.75,1781.25,0.0354,7218.75,3468.75,3750,0.0906,4687.5,2062.5,2625,,,,,,,,,,,,,,,,,,,,,,,,,,,,,,,,,,,,,,,,,,,,,,,,,,,,,,,,,,,,,,,,,,,,,,,,,,,,,,,,,,,,,,,,,,,,,,,,,,,,,,,,,,,,,,,,,,,,,,,,,,,,,,,,,,,,,,,,,,,,
GC-BCVI-WSRO-24-T12-143,e,22,5,46,2,0.3273,6656.25,2343.75,4312.5,0.0396,4500,3562.5,937.5,0.0353,6281.25,4125,2156.25,0.0377,6281.25,4031.25,2250,0.0384,6656.25,3656.25,3000,0.0625,4593.75,2343.75,2250,,,,,,,,,,,,,,,,,,,,,,,,,,,,,,,,,,,,,,,,,,,,,,,,,,,,,,,,,,,,,,,,,,,,,,,,,,,,,,,,,,,,,,,,,,,,,,,,,,,,,,,,,,,,,,,,,,,,,,,,,,,,,,,,,,,,,,,,,,,,
GC-BCVI-WSRO-24-T13-29,f,22,15,46,8,1.8393,6750,2062.5,4687.5,0.0616,5906.25,2437.5,3468.75,0.0483,4875,4406.25,468.75,0.0633,3750,2250,1500,0.0599,3843.75,2343.75,1500,0.0566,3468.75,2156.25,1312.5,0.263,6750,2812.5,3937.5,0.0516,5906.25,4312.5,1593.75,0.0549,6468.75,3093.75,3375,0.0549,5812.5,4781.25,1031.25,0.1498,3281.25,2062.5,1218.75,0.0583,6093.75,3750,2343.75,0.0499,6000,3843.75,2156.25,0.0583,6093.75,3656.25,2437.5,0.0633,2812.5,2156.25,656.25,0.0782,2718.75,2250,468.75,,,,,,,,,,,,,,,,,,,,,,,,,,,,,,,,,,,,,,,,,,,,,,,,,,,,,,,,,,,,,,,,,,,,,,,,,,,,,,,,,,,,,,,,,,,,,,,,,,,,
GC-BCVI-WSRO-24-T15-10,g,22,4,46,1,0.2995,5062.5,3000,2062.5,0.0606,4968.75,3281.25,1687.5,0.0615,5062.5,3281.25,1781.25,0.0579,5062.5,3000,2062.5,,,,,,,,,,,,,,,,,,,,,,,,,,,,,,,,,,,,,,,,,,,,,,,,,,,,,,,,,,,,,,,,,,,,,,,,,,,,,,,,,,,,,,,,,,,,,,,,,,,,,,,,,,,,,,,,,,,,,,,,,,,,,,,,,,,,,,,,,,,,,,,,,,,,
GC-BCVI-WSRO-24-T15-19,h,22,3,46,1,0.226,7031.25,5062.5,1968.75,0.0562,7031.25,5156.25,1875,0.0642,6187.5,5062.5,1125,0.0642,6656.25,5156.25,1500,,,,,,,,,,,,,,,,,,,,,,,,,,,,,,,,,,,,,,,,,,,,,,,,,,,,,,,,,,,,,,,,,,,,,,,,,,,,,,,,,,,,,,,,,,,,,,,,,,,,,,,,,,,,,,,,,,,,,,,,,,,,,,,,,,,,,,,,,,,,,,,,,,,,
GC-BCVI-WSRO-24-T16-129,i,22,7,46,4,0.7227,6843.75,2062.5,4781.25,0.0797,5812.5,2531.25,3281.25,0.1707,6843.75,2625,4218.75,0.0474,4406.25,2437.5,1968.75,0.0519,3937.5,2156.25,1781.25,0.0361,3750,2250,1500,0.0346,4125,2062.5,2062.5,0.0293,3750,2156.25,1593.75,,,,,,,,,,,,,,,,,,,,,,,,,,,,,,,,,,,,,,,,,,,,,,,,,,,,,,,,,,,,,,,,,,,,,,,,,,,,,,,,,,,,,,,,,,,,,,,,,,,,,,,,,,,,,,,,,,,,,,,,,,,,,,,,,,,,
GC-BCVI-WSRO-24-T16-160,j,22,5,46,3,0.7746,5531.25,2250,3281.25,0.0896,5531.25,3656.25,1875,0.2145,4500,2250,2250,0.0662,5250,3843.75,1406.25,0.0544,5156.25,4312.5,843.75,0.0672,5062.5,4125,937.5,,,,,,,,,,,,,,,,,,,,,,,,,,,,,,,,,,,,,,,,,,,,,,,,,,,,,,,,,,,,,,,,,,,,,,,,,,,,,,,,,,,,,,,,,,,,,,,,,,,,,,,,,,,,,,,,,,,,,,,,,,,,,,,,,,,,,,,,,,,,
GC-BCVI-WSRO-24-T17-12,k,22,3,46,2,0.3574,4875,2718.75,2156.25,0.0945,4875,3281.25,1593.75,0.0485,4218.75,2718.75,1500,0.0468,4500,3375,1125,,,,,,,,,,,,,,,,,,,,,,,,,,,,,,,,,,,,,,,,,,,,,,,,,,,,,,,,,,,,,,,,,,,,,,,,,,,,,,,,,,,,,,,,,,,,,,,,,,,,,,,,,,,,,,,,,,,,,,,,,,,,,,,,,,,,,,,,,,,,,,,,,,,,
GC-BCVI-WSRO-24-T17-48,l,22,1,46,1,0.1632,6468.75,2718.75,3750,0.1632,6468.75,2718.75,3750,,,,,,,,,,,,,,,,,,,,,,,,,,,,,,,,,,,,,,,,,,,,,,,,,,,,,,,,,,,,,,,,,,,,,,,,,,,,,,,,,,,,,,,,,,,,,,,,,,,,,,,,,,,,,,,,,,,,,,,,,,,,,,,,,,,,,,,,,,,,,,,,,,,,,,,,,,,,
GC-BCVI-WSRO-24-T17-109,m,22,1,46,1,0.2158,5812.5,5062.5,750,0.2158,5812.5,5062.5,750,,,,,,,,,,,,,,,,,,,,,,,,,,,,,,,,,,,,,,,,,,,,,,,,,,,,,,,,,,,,,,,,,,,,,,,,,,,,,,,,,,,,,,,,,,,,,,,,,,,,,,,,,,,,,,,,,,,,,,,,,,,,,,,,,,,,,,,,,,,,,,,,,,,,,,,,,,,,
GC-BCVI-WSRO-24-T17-133,n,22,1,46,1,0.1007,5062.5,2250,2812.5,0.1007,5062.5,2250,2812.5,,,,,,,,,,,,,,,,,,,,,,,,,,,,,,,,,,,,,,,,,,,,,,,,,,,,,,,,,,,,,,,,,,,,,,,,,,,,,,,,,,,,,,,,,,,,,,,,,,,,,,,,,,,,,,,,,,,,,,,,,,,,,,,,,,,,,,,,,,,,,,,,,,,,,,,,,,,,
GC-BCVI-WSRO-24-T17-157,j,22,2,46,2,0.4213,5062.5,2156.25,2906.25,0.0762,5062.5,3656.25,1406.25,0.2129,3281.25,2156.25,1125,,,,,,,,,,,,,,,,,,,,,,,,,,,,,,,,,,,,,,,,,,,,,,,,,,,,,,,,,,,,,,,,,,,,,,,,,,,,,,,,,,,,,,,,,,,,,,,,,,,,,,,,,,,,,,,,,,,,,,,,,,,,,,,,,,,,,,,,,,,,,,,,,,,,,,,,
GC-BCVI-WSRO-24-T18-80,o,22,8,46,4,0.7814,6937.5,2343.75,4593.75,0.048,6562.5,4687.5,1875,0.0564,6937.5,4687.5,2250,0.0555,6187.5,4781.25,1406.25,0.1448,5531.25,4406.25,1125,0.0564,4218.75,2718.75,1500,0.0583,3750,2343.75,1406.25,0.0574,4500,2625,1875,0.0818,4218.75,2812.5,1406.25,,,,,,,,,,,,,,,,,,,,,,,,,,,,,,,,,,,,,,,,,,,,,,,,,,,,,,,,,,,,,,,,,,,,,,,,,,,,,,,,,,,,,,,,,,,,,,,,,,,,,,,,,,,,,,,,,,,,,,,,,,,,,,,,
GC-BCVI-WSRO-24-T18-89,o,22,8,46,4,0.7528,7031.25,2437.5,4593.75,0.0413,7031.25,4687.5,2343.75,0.0616,6750,4593.75,2156.25,0.06,6468.75,4500,1968.75,0.1442,5343.75,4406.25,937.5,0.0546,4593.75,4031.25,562.5,0.06,3750,2437.5,1312.5,0.0647,4125,2531.25,1593.75,0.0826,3750,2625,1125,,,,,,,,,,,,,,,,,,,,,,,,,,,,,,,,,,,,,,,,,,,,,,,,,,,,,,,,,,,,,,,,,,,,,,,,,,,,,,,,,,,,,,,,,,,,,,,,,,,,,,,,,,,,,,,,,,,,,,,,,,,,,,,,
GC-BCVI-WSRO-24-T18-94,o,22,8,46,4,0.3733,7031.25,2343.75,4687.5,0.0274,5156.25,4968.75,187.5,0.0518,7031.25,4218.75,2812.5,0.0564,6843.75,4968.75,1875,0.0579,4406.25,3375,1031.25,0.0602,3656.25,2343.75,1312.5,0.0609,4218.75,2718.75,1500,0.0724,4125,2625,1500,0.1516,5437.5,3562.5,1875,,,,,,,,,,,,,,,,,,,,,,,,,,,,,,,,,,,,,,,,,,,,,,,,,,,,,,,,,,,,,,,,,,,,,,,,,,,,,,,,,,,,,,,,,,,,,,,,,,,,,,,,,,,,,,,,,,,,,,,,,,,,,,,,
GC-BCVI-WSRO-24-T19-38,p,22,1,46,1,0.08,5812.5,3375,2437.5,0.08,5812.5,3375,2437.5,,,,,,,,,,,,,,,,,,,,,,,,,,,,,,,,,,,,,,,,,,,,,,,,,,,,,,,,,,,,,,,,,,,,,,,,,,,,,,,,,,,,,,,,,,,,,,,,,,,,,,,,,,,,,,,,,,,,,,,,,,,,,,,,,,,,,,,,,,,,,,,,,,,,,,,,,,,,
GC-BCVI-WSRO-24-T19-138,k,22,2,46,1,0.1088,4406.25,4031.25,375,0.0245,4406.25,4031.25,375,0.0219,4218.75,4125,93.75,,,,,,,,,,,,,,,,,,,,,,,,,,,,,,,,,,,,,,,,,,,,,,,,,,,,,,,,,,,,,,,,,,,,,,,,,,,,,,,,,,,,,,,,,,,,,,,,,,,,,,,,,,,,,,,,,,,,,,,,,,,,,,,,,,,,,,,,,,,,,,,,,,,,,,,,
GC-BCVI-WSRO-24-T21-13,q,22,2,46,1,0.1617,5625,2437.5,3187.5,0.0545,5625,2437.5,3187.5,0.0502,4125,2718.75,1406.25,,,,,,,,,,,,,,,,,,,,,,,,,,,,,,,,,,,,,,,,,,,,,,,,,,,,,,,,,,,,,,,,,,,,,,,,,,,,,,,,,,,,,,,,,,,,,,,,,,,,,,,,,,,,,,,,,,,,,,,,,,,,,,,,,,,,,,,,,,,,,,,,,,,,,,,,
GC-BCVI-WSRO-24-T33-60,r,22,4,46,2,0.4011,6656.25,2437.5,4218.75,0.232,6656.25,4406.25,2250,0.0454,6187.5,2625,3562.5,0.0405,4312.5,2437.5,1875,0.0396,5250,2718.75,2531.25,,,,,,,,,,,,,,,,,,,,,,,,,,,,,,,,,,,,,,,,,,,,,,,,,,,,,,,,,,,,,,,,,,,,,,,,,,,,,,,,,,,,,,,,,,,,,,,,,,,,,,,,,,,,,,,,,,,,,,,,,,,,,,,,,,,,,,,,,,,,,,,,
GC-BCVI-WSRO-24-T33-62,r,22,4,46,2,0.508,6468.75,2531.25,3937.5,0.245,6468.75,4500,1968.75,0.0433,5250,2531.25,2718.75,0.0388,4406.25,2531.25,1875,0.0882,4500,2625,1875,,,,,,,,,,,,,,,,,,,,,,,,,,,,,,,,,,,,,,,,,,,,,,,,,,,,,,,,,,,,,,,,,,,,,,,,,,,,,,,,,,,,,,,,,,,,,,,,,,,,,,,,,,,,,,,,,,,,,,,,,,,,,,,,,,,,,,,,,,,,,,,,
GC-BCVI-WSRO-24-T33-66,r,22,4,46,2,0.4618,6187.5,2437.5,3750,0.233,6187.5,4406.25,1781.25,0.0373,4781.25,2531.25,2250,0.0381,4875,2437.5,2437.5,0.0576,4312.5,3000,1312.5,,,,,,,,,,,,,,,,,,,,,,,,,,,,,,,,,,,,,,,,,,,,,,,,,,,,,,,,,,,,,,,,,,,,,,,,,,,,,,,,,,,,,,,,,,,,,,,,,,,,,,,,,,,,,,,,,,,,,,,,,,,,,,,,,,,,,,,,,,,,,,,,
GC-BCVI-WSRO-24-T33-71,r,22,4,46,2,0.4957,6468.75,2343.75,4125,0.2237,6468.75,3562.5,2906.25,0.0424,5906.25,2531.25,3375,0.0351,3843.75,2343.75,1500,0.0965,4593.75,2812.5,1781.25,,,,,,,,,,,,,,,,,,,,,,,,,,,,,,,,,,,,,,,,,,,,,,,,,,,,,,,,,,,,,,,,,,,,,,,,,,,,,,,,,,,,,,,,,,,,,,,,,,,,,,,,,,,,,,,,,,,,,,,,,,,,,,,,,,,,,,,,,,,,,,,,
GC-BCVI-WSRO-24-T33-73,r,22,4,46,2,0.5089,6093.75,2531.25,3562.5,0.2341,6093.75,3468.75,2625,0.0362,3937.5,2531.25,1406.25,0.037,5250,2531.25,2718.75,0.095,4500,2718.75,1781.25,,,,,,,,,,,,,,,,,,,,,,,,,,,,,,,,,,,,,,,,,,,,,,,,,,,,,,,,,,,,,,,,,,,,,,,,,,,,,,,,,,,,,,,,,,,,,,,,,,,,,,,,,,,,,,,,,,,,,,,,,,,,,,,,,,,,,,,,,,,,,,,,
GC-BCVI-WSRO-24-T33-76,r,22,5,46,3,0.5789,6093.75,2437.5,3656.25,0.239,6093.75,4406.25,1687.5,0.042,5906.25,2906.25,3000,0.0383,4500,2531.25,1968.75,0.0411,4781.25,2437.5,2343.75,0.0878,3750,3000,750,,,,,,,,,,,,,,,,,,,,,,,,,,,,,,,,,,,,,,,,,,,,,,,,,,,,,,,,,,,,,,,,,,,,,,,,,,,,,,,,,,,,,,,,,,,,,,,,,,,,,,,,,,,,,,,,,,,,,,,,,,,,,,,,,,,,,,,,,,,,
GC-BCVI-WSRO-24-T33-77,r,22,4,46,2,0.5319,6000,2531.25,3468.75,0.2675,6000,3468.75,2531.25,0.0367,5062.5,2718.75,2343.75,0.0359,5062.5,2531.25,2531.25,0.0926,5250,2906.25,2343.75,,,,,,,,,,,,,,,,,,,,,,,,,,,,,,,,,,,,,,,,,,,,,,,,,,,,,,,,,,,,,,,,,,,,,,,,,,,,,,,,,,,,,,,,,,,,,,,,,,,,,,,,,,,,,,,,,,,,,,,,,,,,,,,,,,,,,,,,,,,,,,,,
GC-BCVI-WSRO-24-T33-85,s,22,5,46,2,0.3998,7406.25,2062.5,5343.75,0.1647,7406.25,3750,3656.25,0.0446,4687.5,2062.5,2625,0.0453,4781.25,2531.25,2250,0.0497,5250,3375,1875,0.049,5062.5,3281.25,1781.25,,,,,,,,,,,,,,,,,,,,,,,,,,,,,,,,,,,,,,,,,,,,,,,,,,,,,,,,,,,,,,,,,,,,,,,,,,,,,,,,,,,,,,,,,,,,,,,,,,,,,,,,,,,,,,,,,,,,,,,,,,,,,,,,,,,,,,,,,,,,
GC-BCVI-WSRO-24-T33-112,j,22,8,46,4,1.0203,6375,2156.25,4218.75,0.1607,6375,3562.5,2812.5,0.0395,4968.75,3187.5,1781.25,0.0395,4593.75,3093.75,1500,0.0424,3562.5,3187.5,375,0.0433,3468.75,3187.5,281.25,0.0318,3375,2718.75,656.25,0.0886,5718.75,3656.25,2062.5,0.206,3562.5,2156.25,1406.25,,,,,,,,,,,,,,,,,,,,,,,,,,,,,,,,,,,,,,,,,,,,,,,,,,,,,,,,,,,,,,,,,,,,,,,,,,,,,,,,,,,,,,,,,,,,,,,,,,,,,,,,,,,,,,,,,,,,,,,,,,,,,,,,
GC-BCVI-WSRO-24-T33-126,j,22,5,46,2,0.4131,7031.25,2625,4406.25,0.1574,7031.25,3281.25,3750,0.0386,5437.5,4031.25,1406.25,0.0386,4687.5,3468.75,1218.75,0.0372,4031.25,2718.75,1312.5,0.0372,3375,2625,750,,,,,,,,,,,,,,,,,,,,,,,,,,,,,,,,,,,,,,,,,,,,,,,,,,,,,,,,,,,,,,,,,,,,,,,,,,,,,,,,,,,,,,,,,,,,,,,,,,,,,,,,,,,,,,,,,,,,,,,,,,,,,,,,,,,,,,,,,,,,
GC-BCVI-WSRO-24-T33-145,j,22,6,46,2,0.4657,7218.75,2812.5,4406.25,0.1629,7218.75,3187.5,4031.25,0.034,5343.75,3562.5,1781.25,0.0332,4125,2906.25,1218.75,0.034,4218.75,3000,1218.75,0.0427,3843.75,3281.25,562.5,0.0285,3187.5,2812.5,375,,,,,,,,,,,,,,,,,,,,,,,,,,,,,,,,,,,,,,,,,,,,,,,,,,,,,,,,,,,,,,,,,,,,,,,,,,,,,,,,,,,,,,,,,,,,,,,,,,,,,,,,,,,,,,,,,,,,,,,,,,,,,,,,,,,,,,,,
GC-BCVI-WSRO-24-T33-146,j,22,6,46,2,0.304,6093.75,2156.25,3937.5,0.1567,6093.75,3093.75,3000,0.0374,6000,3750,2250,0.0403,4406.25,2812.5,1593.75,0.0388,4312.5,2812.5,1500,0.0395,3468.75,2156.25,1312.5,0.0278,3656.25,3000,656.25,,,,,,,,,,,,,,,,,,,,,,,,,,,,,,,,,,,,,,,,,,,,,,,,,,,,,,,,,,,,,,,,,,,,,,,,,,,,,,,,,,,,,,,,,,,,,,,,,,,,,,,,,,,,,,,,,,,,,,,,,,,,,,,,,,,,,,,,
GC-BCVI-WSRO-24-T33-172,j,22,5,46,2,0.4063,6093.75,3000,3093.75,0.161,6093.75,3093.75,3000,0.0387,5437.5,3562.5,1875,0.0416,3656.25,3375,281.25,0.0416,3750,3000,750,0.0369,3468.75,3187.5,281.25,,,,,,,,,,,,,,,,,,,,,,,,,,,,,,,,,,,,,,,,,,,,,,,,,,,,,,,,,,,,,,,,,,,,,,,,,,,,,,,,,,,,,,,,,,,,,,,,,,,,,,,,,,,,,,,,,,,,,,,,,,,,,,,,,,,,,,,,,,,,
GC-BCVI-WSRO-24-T33-173,j,22,6,46,2,0.4754,6562.5,2718.75,3843.75,0.1593,6562.5,3000,3562.5,0.0344,5812.5,4125,1687.5,0.0328,4875,3093.75,1781.25,0.0392,4406.25,2718.75,1687.5,0.0416,3468.75,2718.75,750,0.0312,3093.75,2812.5,281.25,,,,,,,,,,,,,,,,,,,,,,,,,,,,,,,,,,,,,,,,,,,,,,,,,,,,,,,,,,,,,,,,,,,,,,,,,,,,,,,,,,,,,,,,,,,,,,,,,,,,,,,,,,,,,,,,,,,,,,,,,,,,,,,,,,,,,,,,
GC-BCVI-WSRO-24-T36-18,t,22,5,46,4,0.7547,5906.25,2062.5,3843.75,0.2051,5718.75,4593.75,1125,0.0755,5906.25,4781.25,1125,0.0591,4500,2531.25,1968.75,0.0584,4406.25,2250,2156.25,0.1467,4781.25,2062.5,2718.75,,,,,,,,,,,,,,,,,,,,,,,,,,,,,,,,,,,,,,,,,,,,,,,,,,,,,,,,,,,,,,,,,,,,,,,,,,,,,,,,,,,,,,,,,,,,,,,,,,,,,,,,,,,,,,,,,,,,,,,,,,,,,,,,,,,,,,,,,,,,
GC-BCVI-WSRO-24-T39-43,u,22,12,46,5,1.559,7125,2250,4875,0.0239,3750,2250,1500,0.0344,3656.25,2906.25,750,0.0359,3468.75,2906.25,562.5,0.0419,3468.75,2718.75,750,0.0912,7031.25,3468.75,3562.5,0.0927,7125,3468.75,3656.25,0.3049,4687.5,2531.25,2156.25,0.0807,6093.75,3656.25,2437.5,0.0927,6093.75,3187.5,2906.25,0.0852,5062.5,2343.75,2718.75,0.0717,4781.25,2625,2156.25,0.0792,4781.25,2625,2156.25,,,,,,,,,,,,,,,,,,,,,,,,,,,,,,,,,,,,,,,,,,,,,,,,,,,,,,,,,,,,,,,,,,,,,,,,,,,,,,,,,,,,,,,,,,,,,,,,,,,,,,,,,,,,,,,,
GC-BCVI-WSRO-24-T41-163,v,22,7,46,4,1.0718,6281.25,2062.5,4218.75,0.0681,5343.75,3468.75,1875,0.1914,6187.5,4875,1312.5,0.1244,6281.25,2625,3656.25,0.0573,3843.75,2062.5,1781.25,0.0508,3937.5,2625,1312.5,0.0627,3843.75,2531.25,1312.5,0.0606,3562.5,2250,1312.5,,,,,,,,,,,,,,,,,,,,,,,,,,,,,,,,,,,,,,,,,,,,,,,,,,,,,,,,,,,,,,,,,,,,,,,,,,,,,,,,,,,,,,,,,,,,,,,,,,,,,,,,,,,,,,,,,,,,,,,,,,,,,,,,,,,,
GC-BCVI-MSWY-24-S31-T27,a,16,9,48,4,0.9923,5625,2062.5,3562.5,0.0369,5343.75,3843.75,1500,0.0453,5437.5,3937.5,1500,0.0422,5531.25,3937.5,1593.75,0.0475,5625,3843.75,1781.25,0.1413,5531.25,3750,1781.25,0.0538,3750,2250,1500,0.0569,3562.5,2062.5,1500,0.0506,3562.5,2062.5,1500,0.212,4406.25,2531.25,1875,,,,,,,,,,,,,,,,,,,,,,,,,,,,,,,,,,,,,,,,,,,,,,,,,,,,,,,,,,,,,,,,,,,,,,,,,,,,,,,,,,,,,,,,,,,,,,,,,,,,,,,,,,,,,,,,,,,,,,,,,,,,
GC-BCVI-MSWY-24-S39-T16,b,16,10,48,6,1.2199,6000,2156.25,3843.75,0.0708,5250,3468.75,1781.25,0.2015,4687.5,2343.75,2343.75,0.0477,5812.5,4218.75,1593.75,0.0436,6000,4312.5,1687.5,0.0449,5906.25,4687.5,1218.75,0.0994,5437.5,2625,2812.5,0.0817,5156.25,3093.75,2062.5,0.064,3281.25,2437.5,843.75,0.0626,3281.25,2156.25,1125,0.0694,3375,2156.25,1218.75,,,,,,,,,,,,,,,,,,,,,,,,,,,,,,,,,,,,,,,,,,,,,,,,,,,,,,,,,,,,,,,,,,,,,,,,,,,,,,,,,,,,,,,,,,,,,,,,,,,,,,,,,,,,,,,,,,,,,,,,
GC-BCVI-MSWY-24-S40-T5,c,16,9,48,3,0.6707,5718.75,2812.5,2906.25,0.0652,5718.75,4500,1218.75,0.0528,5250,4500,750,0.0321,4406.25,3562.5,843.75,0.031,4218.75,3000,1218.75,0.029,3750,2812.5,937.5,0.0279,3468.75,2812.5,656.25,0.0486,5625,4781.25,843.75,0.0393,5718.75,4500,1218.75,0.0455,5437.5,4031.25,1406.25,,,,,,,,,,,,,,,,,,,,,,,,,,,,,,,,,,,,,,,,,,,,,,,,,,,,,,,,,,,,,,,,,,,,,,,,,,,,,,,,,,,,,,,,,,,,,,,,,,,,,,,,,,,,,,,,,,,,,,,,,,,,
GC-BCVI-MSWY-24-S41-T9,d,16,6,48,4,0.1798,6843.75,2156.25,4687.5,0.0326,4968.75,2250,2718.75,0.1087,6843.75,5156.25,1687.5,0.2055,4218.75,2156.25,2062.5,0.0474,4312.5,3000,1312.5,0.0533,4312.5,3000,1312.5,0.0484,4312.5,3843.75,468.75,,,,,,,,,,,,,,,,,,,,,,,,,,,,,,,,,,,,,,,,,,,,,,,,,,,,,,,,,,,,,,,,,,,,,,,,,,,,,,,,,,,,,,,,,,,,,,,,,,,,,,,,,,,,,,,,,,,,,,,,,,,,,,,,,,,,,,,,
GC-BCVI-MSWY-24-S42-T5,c,16,9,48,3,0.6962,5625,2906.25,2718.75,0.0568,5437.5,4125,1312.5,0.0468,5343.75,4218.75,1125,0.0368,4312.5,3562.5,750,0.0319,4312.5,3093.75,1218.75,0.0319,3843.75,2906.25,937.5,0.0349,3656.25,2906.25,750,0.0508,5343.75,4687.5,656.25,0.0508,5625,4687.5,937.5,0.0488,5250,4218.75,1031.25,,,,,,,,,,,,,,,,,,,,,,,,,,,,,,,,,,,,,,,,,,,,,,,,,,,,,,,,,,,,,,,,,,,,,,,,,,,,,,,,,,,,,,,,,,,,,,,,,,,,,,,,,,,,,,,,,,,,,,,,,,,,
GC-BCVI-MSWY-24-S44-T16,e,16,4,48,2,0.2176,6093.75,2156.25,3937.5,0.3301,6093.75,2156.25,3937.5,0.0544,4875,2718.75,2156.25,0.0544,4593.75,2812.5,1781.25,0.0513,4406.25,2812.5,1593.75,,,,,,,,,,,,,,,,,,,,,,,,,,,,,,,,,,,,,,,,,,,,,,,,,,,,,,,,,,,,,,,,,,,,,,,,,,,,,,,,,,,,,,,,,,,,,,,,,,,,,,,,,,,,,,,,,,,,,,,,,,,,,,,,,,,,,,,,,,,,,,,,
GC-BCVI-MSWY-24-S46-T16,e,16,4,48,2,0.516,6281.25,2437.5,3843.75,0.2814,6281.25,3562.5,2718.75,0.0546,5062.5,2718.75,2343.75,0.0567,4875,2625,2250,0.0546,4500,2437.5,2062.5,,,,,,,,,,,,,,,,,,,,,,,,,,,,,,,,,,,,,,,,,,,,,,,,,,,,,,,,,,,,,,,,,,,,,,,,,,,,,,,,,,,,,,,,,,,,,,,,,,,,,,,,,,,,,,,,,,,,,,,,,,,,,,,,,,,,,,,,,,,,,,,,
GC-BCVI-MSWY-24-S61-T23,d,16,6,48,5,0.7018,6750,2062.5,4687.5,0.0423,5625,4593.75,1031.25,0.0701,6750,5062.5,1687.5,0.201,4312.5,2062.5,2250,0.0526,4687.5,3187.5,1500,0.0536,4312.5,3656.25,656.25,0.0495,4312.5,3562.5,750,,,,,,,,,,,,,,,,,,,,,,,,,,,,,,,,,,,,,,,,,,,,,,,,,,,,,,,,,,,,,,,,,,,,,,,,,,,,,,,,,,,,,,,,,,,,,,,,,,,,,,,,,,,,,,,,,,,,,,,,,,,,,,,,,,,,,,,,
GC-BCVI-MSWY-24-S69-T20,f,16,10,48,4,0.4563,5531.25,2625,2906.25,0.0454,4875,3093.75,1781.25,0.0407,4781.25,3093.75,1687.5,0.0852,5531.25,3187.5,2343.75,0.0592,5250,3281.25,1968.75,0.0305,2718.75,2625,93.75,0.0296,3375,3000,375,0.0278,3750,3562.5,187.5,0.0296,3937.5,3843.75,93.75,0.0333,4312.5,4031.25,281.25,0.0333,4593.75,4500,93.75,,,,,,,,,,,,,,,,,,,,,,,,,,,,,,,,,,,,,,,,,,,,,,,,,,,,,,,,,,,,,,,,,,,,,,,,,,,,,,,,,,,,,,,,,,,,,,,,,,,,,,,,,,,,,,,,,,,,,,,,
GC-BCVI-MSWY-24-S70-T16,e,16,4,48,2,0.5184,5906.25,2531.25,3375,0.3168,5906.25,3937.5,1968.75,0.0422,4875,2531.25,2343.75,0.0454,4500,2531.25,1968.75,0.041,4687.5,2625,2062.5,,,,,,,,,,,,,,,,,,,,,,,,,,,,,,,,,,,,,,,,,,,,,,,,,,,,,,,,,,,,,,,,,,,,,,,,,,,,,,,,,,,,,,,,,,,,,,,,,,,,,,,,,,,,,,,,,,,,,,,,,,,,,,,,,,,,,,,,,,,,,,,,
GC-BCVI-MSWY-24-S74-T1,d,16,6,48,4,0.6425,6750,2062.5,4687.5,0.0342,4406.25,3656.25,750,0.0653,6750,5250,1500,0.1593,4218.75,2062.5,2156.25,0.0645,4218.75,2250,1968.75,0.059,4406.25,2718.75,1687.5,0.0521,4031.25,3000,1031.25,,,,,,,,,,,,,,,,,,,,,,,,,,,,,,,,,,,,,,,,,,,,,,,,,,,,,,,,,,,,,,,,,,,,,,,,,,,,,,,,,,,,,,,,,,,,,,,,,,,,,,,,,,,,,,,,,,,,,,,,,,,,,,,,,,,,,,,,
GC-BCVI-MSWY-24-S82-T27,g,16,8,48,4,0.936,5343.75,2250,3093.75,0.0849,4687.5,2906.25,1781.25,0.0626,5343.75,4218.75,1125,0.1131,4687.5,2531.25,2156.25,0.0317,4500,3750,750,0.0351,4593.75,3562.5,1031.25,0.036,5062.5,3468.75,1593.75,0.042,5062.5,4218.75,843.75,0.222,4218.75,2250,1968.75,,,,,,,,,,,,,,,,,,,,,,,,,,,,,,,,,,,,,,,,,,,,,,,,,,,,,,,,,,,,,,,,,,,,,,,,,,,,,,,,,,,,,,,,,,,,,,,,,,,,,,,,,,,,,,,,,,,,,,,,,,,,,,,,
GC-BCVI-MSWY-24-S88-T1,h,16,6,48,3,0.5811,6187.5,2062.5,4125,0.1324,5812.5,2718.75,3093.75,0.0779,6187.5,3093.75,3093.75,0.0428,4781.25,2250,2531.25,0.0409,3187.5,2062.5,1125,0.0399,3375,2156.25,1218.75,0.0399,3375,2156.25,1218.75,,,,,,,,,,,,,,,,,,,,,,,,,,,,,,,,,,,,,,,,,,,,,,,,,,,,,,,,,,,,,,,,,,,,,,,,,,,,,,,,,,,,,,,,,,,,,,,,,,,,,,,,,,,,,,,,,,,,,,,,,,,,,,,,,,,,,,,,
GC-BCVI-MSWY-24-S89-T1,h,16,5,48,3,0.4857,5718.75,2156.25,3562.5,0.1237,5062.5,2906.25,2156.25,0.0833,5718.75,3375,2343.75,0.037,3281.25,2156.25,1125,0.0439,3468.75,2156.25,1312.5,0.0405,3375,2250,1125,,,,,,,,,,,,,,,,,,,,,,,,,,,,,,,,,,,,,,,,,,,,,,,,,,,,,,,,,,,,,,,,,,,,,,,,,,,,,,,,,,,,,,,,,,,,,,,,,,,,,,,,,,,,,,,,,,,,,,,,,,,,,,,,,,,,,,,,,,,,
GC-BCVI-MSWY-24-S93-T16,e,16,4,48,2,0.5385,5718.75,2156.25,3562.5,0.3341,5718.75,3187.5,2531.25,0.0687,4781.25,2531.25,2250,0.0519,4781.25,2250,2531.25,0.0528,4781.25,2156.25,2625,,,,,,,,,,,,,,,,,,,,,,,,,,,,,,,,,,,,,,,,,,,,,,,,,,,,,,,,,,,,,,,,,,,,,,,,,,,,,,,,,,,,,,,,,,,,,,,,,,,,,,,,,,,,,,,,,,,,,,,,,,,,,,,,,,,,,,,,,,,,,,,,
GC-BCVI-MSWY-24-S94-T1,h,16,5,48,3,0.5039,6000,2156.25,3843.75,0.1275,6000,2625,3375,0.074,6000,2531.25,3468.75,0.0437,3562.5,2156.25,1406.25,0.0455,3281.25,2156.25,1125,0.0455,3281.25,2156.25,1125,,,,,,,,,,,,,,,,,,,,,,,,,,,,,,,,,,,,,,,,,,,,,,,,,,,,,,,,,,,,,,,,,,,,,,,,,,,,,,,,,,,,,,,,,,,,,,,,,,,,,,,,,,,,,,,,,,,,,,,,,,,,,,,,,,,,,,,,,,,,
GC-BCVI-MSWY-24-S99-T27,i,16,6,48,3,0.6521,6000,2343.75,3656.25,0.0638,6000,4312.5,1687.5,0.0691,5906.25,4312.5,1593.75,0.1258,4593.75,2812.5,1781.25,0.0656,4406.25,2625,1781.25,0.0514,3843.75,2343.75,1500,0.0478,4031.25,2718.75,1312.5,,,,,,,,,,,,,,,,,,,,,,,,,,,,,,,,,,,,,,,,,,,,,,,,,,,,,,,,,,,,,,,,,,,,,,,,,,,,,,,,,,,,,,,,,,,,,,,,,,,,,,,,,,,,,,,,,,,,,,,,,,,,,,,,,,,,,,,,
GC-BCVI-MSWY-24-S101-T27,i,16,6,48,3,0.7004,5906.25,2156.25,3750,0.0776,5812.5,2718.75,3093.75,0.071,5906.25,2812.5,3093.75,0.1126,4593.75,2718.75,1875,0.0577,4125,2625,1500,0.0502,4125,2156.25,1968.75,0.0606,3750,2156.25,1593.75,,,,,,,,,,,,,,,,,,,,,,,,,,,,,,,,,,,,,,,,,,,,,,,,,,,,,,,,,,,,,,,,,,,,,,,,,,,,,,,,,,,,,,,,,,,,,,,,,,,,,,,,,,,,,,,,,,,,,,,,,,,,,,,,,,,,,,,,
GC-BCVI-MSWY-24-S103-T9,j,16,6,48,3,0.7055,8437.5,2625,5812.5,0.0702,8437.5,4781.25,3656.25,0.2406,4500,3187.5,1312.5,0.0432,4312.5,3000,1312.5,0.0391,4218.75,2625,1593.75,0.0381,4218.75,3000,1218.75,0.0417,4218.75,3093.75,1125,,,,,,,,,,,,,,,,,,,,,,,,,,,,,,,,,,,,,,,,,,,,,,,,,,,,,,,,,,,,,,,,,,,,,,,,,,,,,,,,,,,,,,,,,,,,,,,,,,,,,,,,,,,,,,,,,,,,,,,,,,,,,,,,,,,,,,,,
GC-BCVI-MSWY-24-S107-T12,a,16,9,48,4,1.0359,5718.75,2250,3468.75,0.0514,5531.25,4031.25,1500,0.0421,5718.75,4125,1593.75,0.0479,5531.25,3937.5,1593.75,0.0479,5531.25,3843.75,1687.5,0.1473,5718.75,3843.75,1875,0.0585,3750,2343.75,1406.25,0.0526,3937.5,2250,1687.5,0.0514,3750,2250,1500,0.2268,4406.25,2531.25,1875,,,,,,,,,,,,,,,,,,,,,,,,,,,,,,,,,,,,,,,,,,,,,,,,,,,,,,,,,,,,,,,,,,,,,,,,,,,,,,,,,,,,,,,,,,,,,,,,,,,,,,,,,,,,,,,,,,,,,,,,,,,,
GC-BCVI-MSWY-24-S111-T9,j,16,6,48,3,0.8679,6843.75,3000,3843.75,0.0489,6843.75,4312.5,2531.25,0.2423,4500,3187.5,1312.5,0.0372,4125,3281.25,843.75,0.035,4125,3281.25,843.75,0.0394,4125,3375,750,0.038,4125,3000,1125,,,,,,,,,,,,,,,,,,,,,,,,,,,,,,,,,,,,,,,,,,,,,,,,,,,,,,,,,,,,,,,,,,,,,,,,,,,,,,,,,,,,,,,,,,,,,,,,,,,,,,,,,,,,,,,,,,,,,,,,,,,,,,,,,,,,,,,,
GC-BCVI-MSWY-24-S117-T12,a,16,9,48,4,1.0055,5625,2250,3375,0.0532,5343.75,3937.5,1406.25,0.0512,5625,4125,1500,0.0522,5625,4031.25,1593.75,0.0492,5531.25,4125,1406.25,0.1426,5625,3937.5,1687.5,0.0522,3937.5,2250,1687.5,0.0432,3750,2250,1500,0.0392,3750,2437.5,1312.5,0.2059,4406.25,2625,1781.25,,,,,,,,,,,,,,,,,,,,,,,,,,,,,,,,,,,,,,,,,,,,,,,,,,,,,,,,,,,,,,,,,,,,,,,,,,,,,,,,,,,,,,,,,,,,,,,,,,,,,,,,,,,,,,,,,,,,,,,,,,,,
GC-BCVI-MSWY-24-S118-T27,i,16,6,48,3,0.8744,6187.5,2250,3937.5,0.0711,6187.5,4593.75,1593.75,0.0711,6187.5,4687.5,1500,0.1094,4593.75,2812.5,1781.25,0.0559,4218.75,2625,1593.75,0.0511,3562.5,2250,1312.5,0.0479,4125,2250,1875,,,,,,,,,,,,,,,,,,,,,,,,,,,,,,,,,,,,,,,,,,,,,,,,,,,,,,,,,,,,,,,,,,,,,,,,,,,,,,,,,,,,,,,,,,,,,,,,,,,,,,,,,,,,,,,,,,,,,,,,,,,,,,,,,,,,,,,,
GC-BCVI-MSWY-24-S125-T12,a,16,9,48,4,0.9967,5625,2156.25,3468.75,0.0476,5625,3937.5,1687.5,0.0523,5531.25,4125,1406.25,0.0533,5437.5,3937.5,1500,0.0599,5531.25,3937.5,1593.75,0.1484,5625,4031.25,1593.75,0.0609,3562.5,2531.25,1031.25,0.0599,4031.25,2156.25,1875,0.059,3562.5,2156.25,1406.25,0.214,4406.25,2437.5,1968.75,,,,,,,,,,,,,,,,,,,,,,,,,,,,,,,,,,,,,,,,,,,,,,,,,,,,,,,,,,,,,,,,,,,,,,,,,,,,,,,,,,,,,,,,,,,,,,,,,,,,,,,,,,,,,,,,,,,,,,,,,,,,
GC-BCVI-MSWY-24-S128-T12,a,16,9,48,4,0.9949,5812.5,2156.25,3656.25,0.0429,5531.25,3843.75,1687.5,0.0547,5718.75,4312.5,1406.25,0.0429,5718.75,4031.25,1687.5,0.0414,5812.5,3281.25,2531.25,0.1375,5718.75,3468.75,2250,0.0503,3656.25,2437.5,1218.75,0.0517,3750,2156.25,1593.75,0.0577,3562.5,2156.25,1406.25,0.2262,4406.25,2531.25,1875,,,,,,,,,,,,,,,,,,,,,,,,,,,,,,,,,,,,,,,,,,,,,,,,,,,,,,,,,,,,,,,,,,,,,,,,,,,,,,,,,,,,,,,,,,,,,,,,,,,,,,,,,,,,,,,,,,,,,,,,,,,,
GC-BCVI-MSWY-24-S129-T1,k,16,4,48,2,0.4857,5437.5,2437.5,3000,0.1704,5437.5,4968.75,468.75,0.0548,3937.5,2625,1312.5,0.0477,3937.5,2437.5,1500,0.0499,3750,2437.5,1312.5,,,,,,,,,,,,,,,,,,,,,,,,,,,,,,,,,,,,,,,,,,,,,,,,,,,,,,,,,,,,,,,,,,,,,,,,,,,,,,,,,,,,,,,,,,,,,,,,,,,,,,,,,,,,,,,,,,,,,,,,,,,,,,,,,,,,,,,,,,,,,,,,
GC-BCVI-MSWY-24-S133-T1,k,16,4,48,2,0.456,5531.25,2343.75,3187.5,0.1458,5531.25,5062.5,468.75,0.0572,3937.5,2343.75,1593.75,0.0506,3750,2531.25,1218.75,0.0542,3937.5,2343.75,1593.75,,,,,,,,,,,,,,,,,,,,,,,,,,,,,,,,,,,,,,,,,,,,,,,,,,,,,,,,,,,,,,,,,,,,,,,,,,,,,,,,,,,,,,,,,,,,,,,,,,,,,,,,,,,,,,,,,,,,,,,,,,,,,,,,,,,,,,,,,,,,,,,,
GC-BCVI-MSWY-24-S135-T7,k,16,7,48,3,0.456,7875,2156.25,5718.75,0.1829,7875,4968.75,2906.25,0.0563,3562.5,2437.5,1125,0.043,3562.5,2250,1312.5,0.043,3562.5,2156.25,1406.25,0.0516,3281.25,2250,1031.25,0.0719,6093.75,4312.5,1781.25,0.061,6000,4125,1875,,,,,,,,,,,,,,,,,,,,,,,,,,,,,,,,,,,,,,,,,,,,,,,,,,,,,,,,,,,,,,,,,,,,,,,,,,,,,,,,,,,,,,,,,,,,,,,,,,,,,,,,,,,,,,,,,,,,,,,,,,,,,,,,,,,,
GC-BCVI-MSWY-24-S136-T1,h,16,4,48,3,0.4839,5812.5,2250,3562.5,0.1232,5343.75,2906.25,2437.5,0.0711,5812.5,3000,2812.5,0.0346,3375,2343.75,1031.25,0.0391,3375,2250,1125,0.0313,3562.5,2250,1312.5,,,,,,,,,,,,,,,,,,,,,,,,,,,,,,,,,,,,,,,,,,,,,,,,,,,,,,,,,,,,,,,,,,,,,,,,,,,,,,,,,,,,,,,,,,,,,,,,,,,,,,,,,,,,,,,,,,,,,,,,,,,,,,,,,,,,,,,,,,,,
GC-BCVI-MSWY-24-S137-T9,l,16,6,48,3,0.6991,5156.25,2062.5,3093.75,0.0547,5156.25,3750,1406.25,0.035,3937.5,2250,1687.5,0.0269,4968.75,4031.25,937.5,0.0412,5156.25,3750,1406.25,0.0448,5062.5,3562.5,1500,0.1076,3000,2062.5,937.5,,,,,,,,,,,,,,,,,,,,,,,,,,,,,,,,,,,,,,,,,,,,,,,,,,,,,,,,,,,,,,,,,,,,,,,,,,,,,,,,,,,,,,,,,,,,,,,,,,,,,,,,,,,,,,,,,,,,,,,,,,,,,,,,,,,,,,,,
GC-BCVI-MSWY-24-S138-T20,m,16,8,48,3,0.6929,6187.5,2156.25,4031.25,0.1678,6187.5,4500,1687.5,0.0684,4687.5,2156.25,2531.25,0.0581,4125,2531.25,1593.75,0.0319,3562.5,2437.5,1125,0.0206,4500,4125,375,0.0225,5156.25,4781.25,375,0.0281,5437.5,5250,187.5,0.0366,5437.5,4875,562.5,,,,,,,,,,,,,,,,,,,,,,,,,,,,,,,,,,,,,,,,,,,,,,,,,,,,,,,,,,,,,,,,,,,,,,,,,,,,,,,,,,,,,,,,,,,,,,,,,,,,,,,,,,,,,,,,,,,,,,,,,,,,,,,,
GC-BCVI-MSWY-24-S140-T20,f,16,10,48,3,0.7006,5625,2437.5,3187.5,0.0485,4968.75,3375,1593.75,0.0429,4593.75,2812.5,1781.25,0.0858,5625,3000,2625,0.0541,5343.75,3375,1968.75,0.0299,2718.75,2437.5,281.25,0.028,3562.5,3187.5,375,0.0345,3843.75,3562.5,281.25,0.0327,4031.25,3937.5,93.75,0.0317,4500,4218.75,281.25,0.0271,4687.5,4500,187.5,,,,,,,,,,,,,,,,,,,,,,,,,,,,,,,,,,,,,,,,,,,,,,,,,,,,,,,,,,,,,,,,,,,,,,,,,,,,,,,,,,,,,,,,,,,,,,,,,,,,,,,,,,,,,,,,,,,,,,,,
GC-BCVI-MSWY-24-S141-T14,g,16,3,48,2,0.3385,5625,2156.25,3468.75,0.0808,5625,4218.75,1406.25,0.0725,5531.25,5156.25,375,0.1188,4687.5,2156.25,2531.25,,,,,,,,,,,,,,,,,,,,,,,,,,,,,,,,,,,,,,,,,,,,,,,,,,,,,,,,,,,,,,,,,,,,,,,,,,,,,,,,,,,,,,,,,,,,,,,,,,,,,,,,,,,,,,,,,,,,,,,,,,,,,,,,,,,,,,,,,,,,,,,,,,,,
GC-BCVI-MSWY-24-S142-T2,n,16,9,48,4,0.6285,6281.25,3187.5,3093.75,0.0246,5156.25,4968.75,187.5,0.027,5531.25,4968.75,562.5,0.0302,5250,4687.5,562.5,0.0302,5156.25,4875,281.25,0.0357,5062.5,4593.75,468.75,0.0333,6000,4218.75,1781.25,0.05,6281.25,5062.5,1218.75,0.0809,3656.25,3187.5,468.75,0.0786,3656.25,3187.5,468.75,,,,,,,,,,,,,,,,,,,,,,,,,,,,,,,,,,,,,,,,,,,,,,,,,,,,,,,,,,,,,,,,,,,,,,,,,,,,,,,,,,,,,,,,,,,,,,,,,,,,,,,,,,,,,,,,,,,,,,,,,,,,
GC-BCVI-MSWY-24-S144-T14,g,16,3,48,3,0.3391,5531.25,2625,2906.25,0.0824,5531.25,4218.75,1312.5,0.0777,5437.5,5156.25,281.25,0.0865,4593.75,2625,1968.75,,,,,,,,,,,,,,,,,,,,,,,,,,,,,,,,,,,,,,,,,,,,,,,,,,,,,,,,,,,,,,,,,,,,,,,,,,,,,,,,,,,,,,,,,,,,,,,,,,,,,,,,,,,,,,,,,,,,,,,,,,,,,,,,,,,,,,,,,,,,,,,,,,,,
GC-BCVI-MSWY-24-S145-T12,n,16,11,48,5,0.9573,6281.25,3000,3281.25,0.0357,5625,4406.25,1218.75,0.0305,5531.25,4593.75,937.5,0.0368,5343.75,5250,93.75,0.0305,5250,5062.5,187.5,0.0368,5156.25,4593.75,562.5,0.0378,5156.25,4500,656.25,0.0504,6281.25,5250,1031.25,0.0767,3750,3468.75,281.25,0.082,3750,3281.25,468.75,0.0599,3656.25,3187.5,468.75,0.1597,5531.25,3000,2531.25,,,,,,,,,,,,,,,,,,,,,,,,,,,,,,,,,,,,,,,,,,,,,,,,,,,,,,,,,,,,,,,,,,,,,,,,,,,,,,,,,,,,,,,,,,,,,,,,,,,,,,,,,,,,,,,,,,,,
GC-BCVI-MSWY-24-S155-T20,f,16,10,48,4,0.6659,5531.25,2156.25,3375,0.0427,4968.75,3093.75,1875,0.0427,4875,3187.5,1687.5,0.0853,5531.25,2718.75,2812.5,0.0677,5343.75,3187.5,2156.25,0.0352,3093.75,2156.25,937.5,0.0362,3375,3093.75,281.25,0.0306,3843.75,3562.5,281.25,0.0352,4031.25,3750,281.25,0.0297,4406.25,4218.75,187.5,0.0288,4593.75,4218.75,375,,,,,,,,,,,,,,,,,,,,,,,,,,,,,,,,,,,,,,,,,,,,,,,,,,,,,,,,,,,,,,,,,,,,,,,,,,,,,,,,,,,,,,,,,,,,,,,,,,,,,,,,,,,,,,,,,,,,,,,,
GC-BCVI-MSWY-24-S157-T20,f,16,10,48,4,0.7192,5812.5,2437.5,3375,0.0383,4875,3468.75,1406.25,0.0383,4406.25,3468.75,937.5,0.0766,5812.5,2437.5,3375,0.059,4968.75,3281.25,1687.5,0.0279,3000,2437.5,562.5,0.0321,3281.25,3000,281.25,0.0331,3750,3468.75,281.25,0.03,4031.25,3656.25,375,0.0373,4406.25,4125,281.25,0.0331,4687.5,4593.75,93.75,,,,,,,,,,,,,,,,,,,,,,,,,,,,,,,,,,,,,,,,,,,,,,,,,,,,,,,,,,,,,,,,,,,,,,,,,,,,,,,,,,,,,,,,,,,,,,,,,,,,,,,,,,,,,,,,,,,,,,,,
GC-BCVI-MSWY-24-S158-T5,c,16,10,48,3,0.7077,5437.5,2812.5,2625,0.054,5250,2812.5,2437.5,0.0487,5062.5,3093.75,1968.75,0.0283,4593.75,3281.25,1312.5,0.0318,3843.75,2906.25,937.5,0.0327,3656.25,2906.25,750,0.0345,3750,2906.25,843.75,0.0257,3281.25,3187.5,93.75,0.0487,5250,4687.5,562.5,0.0495,5437.5,3937.5,1500,0.0451,4781.25,4125,656.25,,,,,,,,,,,,,,,,,,,,,,,,,,,,,,,,,,,,,,,,,,,,,,,,,,,,,,,,,,,,,,,,,,,,,,,,,,,,,,,,,,,,,,,,,,,,,,,,,,,,,,,,,,,,,,,,,,,,,,,,
GC-BCVI-MSWY-24-S161-T30,c,16,17,48,6,1.6566,6281.25,2437.5,3843.75,0.0555,5343.75,3562.5,1781.25,0.0518,5156.25,3937.5,1218.75,0.037,4687.5,3468.75,1218.75,0.0296,4218.75,3187.5,1031.25,0.0389,3937.5,2906.25,1031.25,0.0296,3656.25,2812.5,843.75,0.0555,5906.25,4406.25,1500,0.0518,6281.25,4218.75,2062.5,0.0574,5625,4125,1500,0.1499,3656.25,2437.5,1218.75,0.1203,5531.25,3187.5,2343.75,0.0352,5625,4500,1125,0.0389,5625,5250,375,0.037,5718.75,5156.25,562.5,0.0426,6093.75,5343.75,750,0.0407,5812.5,5250,562.5,0.0481,5812.5,4125,1687.5,,,,,,,,,,,,,,,,,,,,,,,,,,,,,,,,,,,,,,,,,,,,,,,,,,,,,,,,,,,,,,,,,,,,,,,,,,,,,,,,,,,,,,,,,,,,
GC-BCVI-MSWY-24-S172-T1,d,16,6,48,4,0.7115,6750,2156.25,4593.75,0.0354,4406.25,3843.75,562.5,0.1063,6750,5156.25,1593.75,0.1896,4125,2156.25,1968.75,0.0469,4500,3562.5,937.5,0.0573,4406.25,2906.25,1500,0.0531,4125,3656.25,468.75,,,,,,,,,,,,,,,,,,,,,,,,,,,,,,,,,,,,,,,,,,,,,,,,,,,,,,,,,,,,,,,,,,,,,,,,,,,,,,,,,,,,,,,,,,,,,,,,,,,,,,,,,,,,,,,,,,,,,,,,,,,,,,,,,,,,,,,,
GC-BCVI-MSWY-24-S173-T5,o,16,10,48,4,0.9133,6843.75,2250,4593.75,0.1491,6843.75,3562.5,3281.25,0.0798,6187.5,4031.25,2156.25,0.0399,4500,3187.5,1312.5,0.0388,4968.75,3937.5,1031.25,0.0388,4781.25,4125,656.25,0.0357,5250,3843.75,1406.25,0.0577,3375,2343.75,1031.25,0.064,3281.25,2250,1031.25,0.0661,3093.75,2343.75,750,0.0672,3093.75,2343.75,750,,,,,,,,,,,,,,,,,,,,,,,,,,,,,,,,,,,,,,,,,,,,,,,,,,,,,,,,,,,,,,,,,,,,,,,,,,,,,,,,,,,,,,,,,,,,,,,,,,,,,,,,,,,,,,,,,,,,,,,,
GC-BCVI-MSWY-24-S176-T5,o,16,10,48,4,0.9917,6468.75,2343.75,4125,0.161,6468.75,2437.5,4031.25,0.0922,6281.25,4312.5,1968.75,0.0428,4406.25,2906.25,1500,0.0558,4875,3843.75,1031.25,0.0363,4968.75,4593.75,375,0.0338,5250,4593.75,656.25,0.0558,3468.75,2812.5,656.25,0.074,3375,2343.75,1031.25,0.0662,3187.5,2343.75,843.75,0.061,3093.75,2343.75,750,,,,,,,,,,,,,,,,,,,,,,,,,,,,,,,,,,,,,,,,,,,,,,,,,,,,,,,,,,,,,,,,,,,,,,,,,,,,,,,,,,,,,,,,,,,,,,,,,,,,,,,,,,,,,,,,,,,,,,,,
GC-BCVI-MSWY-24-S178-T5,o,16,10,48,4,1.015,7218.75,2062.5,5156.25,0.1599,7218.75,3468.75,3750,0.0896,6656.25,4312.5,2343.75,0.0436,4500,3281.25,1218.75,0.04,5062.5,3937.5,1125,0.0363,4875,4312.5,562.5,0.0388,5062.5,4312.5,750,0.0654,3375,2250,1125,0.0606,3375,2437.5,937.5,0.0666,3187.5,2343.75,843.75,0.0702,3093.75,2062.5,1031.25,,,,,,,,,,,,,,,,,,,,,,,,,,,,,,,,,,,,,,,,,,,,,,,,,,,,,,,,,,,,,,,,,,,,,,,,,,,,,,,,,,,,,,,,,,,,,,,,,,,,,,,,,,,,,,,,,,,,,,,,
GC-BCVI-MSWY-24-S179-T5,c,16,10,48,3,0.7259,5718.75,2812.5,2906.25,0.0551,5437.5,3562.5,1875,0.0519,5156.25,3562.5,1593.75,0.0371,4406.25,3468.75,937.5,0.0339,4406.25,3093.75,1312.5,0.0286,3843.75,3000,843.75,0.0318,3656.25,2812.5,843.75,0.0254,3281.25,2812.5,468.75,0.054,5718.75,4406.25,1312.5,0.0466,5718.75,4406.25,1312.5,0.053,5531.25,4312.5,1218.75,,,,,,,,,,,,,,,,,,,,,,,,,,,,,,,,,,,,,,,,,,,,,,,,,,,,,,,,,,,,,,,,,,,,,,,,,,,,,,,,,,,,,,,,,,,,,,,,,,,,,,,,,,,,,,,,,,,,,,,,
GC-BCVI-MSWY-24-S186-T20,f,16,10,48,4,0.691,5906.25,2343.75,3562.5,0.0441,5156.25,3187.5,1968.75,0.0392,5062.5,2718.75,2343.75,0.0894,5906.25,2625,3281.25,0.0662,5250,3187.5,2062.5,0.0392,3000,2343.75,656.25,0.0355,3187.5,3000,187.5,0.0368,3750,3562.5,187.5,0.0404,4031.25,3750,281.25,0.0417,4406.25,4031.25,375,0.0441,4593.75,4312.5,281.25,,,,,,,,,,,,,,,,,,,,,,,,,,,,,,,,,,,,,,,,,,,,,,,,,,,,,,,,,,,,,,,,,,,,,,,,,,,,,,,,,,,,,,,,,,,,,,,,,,,,,,,,,,,,,,,,,,,,,,,,
GC-BCVI-MSWY-24-S187-T2,n,16,9,48,4,0.6091,6843.75,3093.75,3750,0.0246,5718.75,5250,468.75,0.0215,5156.25,5156.25,0,0.0276,5343.75,5156.25,187.5,0.0307,5250,5062.5,187.5,0.0399,5156.25,4968.75,187.5,0.0537,5625,4875,750,0.0675,6843.75,5062.5,1781.25,0.0644,3656.25,3187.5,468.75,0.0798,3562.5,3093.75,468.75,,,,,,,,,,,,,,,,,,,,,,,,,,,,,,,,,,,,,,,,,,,,,,,,,,,,,,,,,,,,,,,,,,,,,,,,,,,,,,,,,,,,,,,,,,,,,,,,,,,,,,,,,,,,,,,,,,,,,,,,,,,,
GC-BCVI-MSWY-24-S188-T20,f,16,10,48,4,0.7386,5718.75,2062.5,3656.25,0.0408,4687.5,2625,2062.5,0.0421,4312.5,2062.5,2250,0.0854,5625,2906.25,2718.75,0.068,5718.75,2812.5,2906.25,0.0421,2718.75,2156.25,562.5,0.0346,3375,2625,750,0.0396,3750,3000,750,0.0408,4125,3937.5,187.5,0.0383,4406.25,4125,281.25,0.0408,4593.75,4218.75,375,,,,,,,,,,,,,,,,,,,,,,,,,,,,,,,,,,,,,,,,,,,,,,,,,,,,,,,,,,,,,,,,,,,,,,,,,,,,,,,,,,,,,,,,,,,,,,,,,,,,,,,,,,,,,,,,,,,,,,,,
GC-BCVI-MSWY-24-S199-T41,p,16,5,48,4,1.1549,7312.5,2250,5062.5,0.0407,5156.25,4687.5,468.75,0.2049,7312.5,3281.25,4031.25,0.057,4125,3281.25,843.75,0.0516,3750,2906.25,843.75,0.2266,3187.5,2250,937.5,,,,,,,,,,,,,,,,,,,,,,,,,,,,,,,,,,,,,,,,,,,,,,,,,,,,,,,,,,,,,,,,,,,,,,,,,,,,,,,,,,,,,,,,,,,,,,,,,,,,,,,,,,,,,,,,,,,,,,,,,,,,,,,,,,,,,,,,,,,,
GC-BCVI-MSWY-24-S201-T41,p,16,5,48,4,1.1206,5156.25,2531.25,2625,0.0422,5156.25,4500,656.25,0.2133,5156.25,3375,1781.25,0.053,3843.75,2718.75,1125,0.0602,3750,2718.75,1031.25,0.2265,3093.75,2531.25,562.5,,,,,,,,,,,,,,,,,,,,,,,,,,,,,,,,,,,,,,,,,,,,,,,,,,,,,,,,,,,,,,,,,,,,,,,,,,,,,,,,,,,,,,,,,,,,,,,,,,,,,,,,,,,,,,,,,,,,,,,,,,,,,,,,,,,,,,,,,,,,
GC-BCVI-MSGY-24-S1-T34-N,a,17,10,50,4,0.9208,6187.5,2437.5,3750,0.0385,5343.75,4406.25,937.5,0.047,5343.75,2718.75,2625,0.053,5812.5,4500,1312.5,0.053,5906.25,4312.5,1593.75,0.0402,6187.5,4500,1687.5,0.1445,6187.5,2625,3562.5,0.065,4406.25,3843.75,562.5,0.0718,4218.75,2437.5,1781.25,0.0641,3843.75,2437.5,1406.25,0.0872,4031.25,2437.5,1593.75,,,,,,,,,,,,,,,,,,,,,,,,,,,,,,,,,,,,,,,,,,,,,,,,,,,,,,,,,,,,,,,,,,,,,,,,,,,,,,,,,,,,,,,,,,,,,,,,,,,,,,,,,,,,,,,,,,,,,,,,
GC-BCVI-MSGY-24-S2-T9-N,b,17,9,50,6,0.7849,6468.75,2062.5,4406.25,0.0357,4593.75,3187.5,1406.25,0.0549,6468.75,4593.75,1875,0.138,3750,2062.5,1687.5,0.0316,4406.25,3281.25,1125,0.0308,4031.25,3000,1031.25,0.0316,3375,2531.25,843.75,0.0299,3187.5,2437.5,750,0.0308,5437.5,3937.5,1500,0.1288,5531.25,2531.25,3000,,,,,,,,,,,,,,,,,,,,,,,,,,,,,,,,,,,,,,,,,,,,,,,,,,,,,,,,,,,,,,,,,,,,,,,,,,,,,,,,,,,,,,,,,,,,,,,,,,,,,,,,,,,,,,,,,,,,,,,,,,,,
GC-BCVI-MSGY-24-S3-T34-N,a,17,10,50,4,0.8888,6375,2437.5,3937.5,0.0407,5156.25,4312.5,843.75,0.0483,5531.25,4500,1031.25,0.0538,6281.25,4687.5,1593.75,0.0559,5812.5,4593.75,1218.75,0.0469,6187.5,4593.75,1593.75,0.1324,6375,4125,2250,0.0696,4406.25,3562.5,843.75,0.0414,4125,2531.25,1593.75,0.0586,4031.25,2437.5,1593.75,0.0669,4031.25,2531.25,1500,,,,,,,,,,,,,,,,,,,,,,,,,,,,,,,,,,,,,,,,,,,,,,,,,,,,,,,,,,,,,,,,,,,,,,,,,,,,,,,,,,,,,,,,,,,,,,,,,,,,,,,,,,,,,,,,,,,,,,,,
GC-BCVI-MSGY-24-S4-T34-N,a,17,10,50,4,0.8618,6562.5,2250,4312.5,0.0516,5250,4500,750,0.0501,5343.75,2625,2718.75,0.0552,5718.75,4312.5,1406.25,0.0575,6375,4406.25,1968.75,0.0479,6562.5,4593.75,1968.75,0.148,5812.5,3468.75,2343.75,0.0361,4218.75,3468.75,750,0.0545,4031.25,2250,1781.25,0.0589,3750,2437.5,1312.5,0.0575,3937.5,2437.5,1500,,,,,,,,,,,,,,,,,,,,,,,,,,,,,,,,,,,,,,,,,,,,,,,,,,,,,,,,,,,,,,,,,,,,,,,,,,,,,,,,,,,,,,,,,,,,,,,,,,,,,,,,,,,,,,,,,,,,,,,,
GC-BCVI-MSGY-24-S6-T7-N,c,17,3,50,2,0.4174,5625,2156.25,3468.75,0.0731,5625,3562.5,2062.5,0.0613,5437.5,3468.75,1968.75,0.1308,3562.5,2156.25,1406.25,,,,,,,,,,,,,,,,,,,,,,,,,,,,,,,,,,,,,,,,,,,,,,,,,,,,,,,,,,,,,,,,,,,,,,,,,,,,,,,,,,,,,,,,,,,,,,,,,,,,,,,,,,,,,,,,,,,,,,,,,,,,,,,,,,,,,,,,,,,,,,,,,,,,
GC-BCVI-MSGY-24-S7-T12-N,d,17,5,50,2,0.4229,5062.5,2625,2437.5,0.0571,5062.5,3375,1687.5,0.0539,5062.5,3843.75,1218.75,0.0546,4968.75,3843.75,1125,0.0484,4968.75,3937.5,1031.25,0.184,4781.25,2625,2156.25,,,,,,,,,,,,,,,,,,,,,,,,,,,,,,,,,,,,,,,,,,,,,,,,,,,,,,,,,,,,,,,,,,,,,,,,,,,,,,,,,,,,,,,,,,,,,,,,,,,,,,,,,,,,,,,,,,,,,,,,,,,,,,,,,,,,,,,,,,,,
GC-BCVI-MSGY-24-S9-T32-N,c,17,17,50,7,1.4534,6750,2250,4500,0.1379,6750,3468.75,3281.25,0.045,4781.25,2250,2531.25,0.0437,3562.5,2343.75,1218.75,0.0478,4218.75,2437.5,1781.25,0.0669,3562.5,2718.75,843.75,0.0587,6093.75,4031.25,2062.5,0.0642,5906.25,4218.75,1687.5,0.0164,2437.5,2437.5,0,0.0193,2625,2343.75,281.25,0.0154,2625,2625,0,0.0193,2812.5,2718.75,93.75,0.0193,2906.25,2718.75,187.5,0.0454,6281.25,4968.75,1312.5,0.0434,6281.25,4781.25,1500,0.0425,6187.5,4875,1312.5,0.1342,4687.5,2437.5,2250,0.1081,4406.25,2250,2156.25,,,,,,,,,,,,,,,,,,,,,,,,,,,,,,,,,,,,,,,,,,,,,,,,,,,,,,,,,,,,,,,,,,,,,,,,,,,,,,,,,,,,,,,,,,,,
GC-BCVI-MSGY-24-S10-T1-N,e,17,11,50,4,1.3781,7500,1593.75,5906.25,0.2701,7500,1593.75,5906.25,0.0685,3562.5,2156.25,1406.25,0.0583,3937.5,2343.75,1593.75,0.0737,3656.25,2062.5,1593.75,0.0716,3843.75,1968.75,1875,0.1054,4031.25,2062.5,1968.75,0.1657,6750,3843.75,2906.25,0.043,4031.25,2156.25,1875,0.0512,3937.5,2343.75,1593.75,0.046,3937.5,2437.5,1500,,,,,,,,,,,,,,,,,,,,,,,,,,,,,,,,,,,,,,,,,,,,,,,,,,,,,,,,,,,,,,,,,,,,,,,,,,,,,,,,,,,,,,,,,,,,,,,,,,,,,,,,,,,,,,,,,,,,,,,,
GC-BCVI-MSGY-24-S11-T1-N,f,17,5,50,2,0.5193,8250,2156.25,6093.75,0.1864,8250,2437.5,5812.5,0.0513,3562.5,2250,1312.5,0.0581,3656.25,2343.75,1312.5,0.0658,4125,2156.25,1968.75,0.0722,3843.75,2250,1593.75,,,,,,,,,,,,,,,,,,,,,,,,,,,,,,,,,,,,,,,,,,,,,,,,,,,,,,,,,,,,,,,,,,,,,,,,,,,,,,,,,,,,,,,,,,,,,,,,,,,,,,,,,,,,,,,,,,,,,,,,,,,,,,,,,,,,,,,,,,,,
GC-BCVI-MSGY-24-S12-T1-N,g,17,6,50,3,0.4505,5343.75,2250,3093.75,0.0385,3468.75,3187.5,281.25,0.0438,4406.25,3375,1031.25,0.0521,4968.75,3562.5,1406.25,0.0531,5062.5,3468.75,1593.75,0.0677,5343.75,3937.5,1406.25,0.1362,4968.75,2250,2718.75,,,,,,,,,,,,,,,,,,,,,,,,,,,,,,,,,,,,,,,,,,,,,,,,,,,,,,,,,,,,,,,,,,,,,,,,,,,,,,,,,,,,,,,,,,,,,,,,,,,,,,,,,,,,,,,,,,,,,,,,,,,,,,,,,,,,,,,,
GC-BCVI-MSGY-24-S13-T32-N,c,17,8,50,5,0.8962,6375,2250,4125,0.0638,6000,4218.75,1781.25,0.075,5718.75,3375,2343.75,0.1146,3187.5,2437.5,750,0.0429,6375,5156.25,1218.75,0.0385,6093.75,4781.25,1312.5,0.042,6281.25,4968.75,1312.5,0.14,4500,2531.25,1968.75,0.1094,4500,2250,2250,,,,,,,,,,,,,,,,,,,,,,,,,,,,,,,,,,,,,,,,,,,,,,,,,,,,,,,,,,,,,,,,,,,,,,,,,,,,,,,,,,,,,,,,,,,,,,,,,,,,,,,,,,,,,,,,,,,,,,,,,,,,,,,,
GC-BCVI-MSGY-24-S16-T17-N,h,17,2,50,2,0.3214,5625,3000,2625,0.1496,5625,4125,1500,0.1451,5156.25,3000,2156.25,,,,,,,,,,,,,,,,,,,,,,,,,,,,,,,,,,,,,,,,,,,,,,,,,,,,,,,,,,,,,,,,,,,,,,,,,,,,,,,,,,,,,,,,,,,,,,,,,,,,,,,,,,,,,,,,,,,,,,,,,,,,,,,,,,,,,,,,,,,,,,,,,,,,,,,,
GC-BCVI-MSGY-24-S17-T23-N,i,17,7,50,3,0.5767,6750,2250,4500,0.1564,6750,3937.5,2812.5,0.0449,4687.5,3000,1687.5,0.0465,4500,2343.75,2156.25,0.0536,4500,2812.5,1687.5,0.0541,4500,2343.75,2156.25,0.0568,4500,2343.75,2156.25,0.0628,3843.75,2250,1593.75,,,,,,,,,,,,,,,,,,,,,,,,,,,,,,,,,,,,,,,,,,,,,,,,,,,,,,,,,,,,,,,,,,,,,,,,,,,,,,,,,,,,,,,,,,,,,,,,,,,,,,,,,,,,,,,,,,,,,,,,,,,,,,,,,,,,
GC-BCVI-MSGY-24-S19-T29-N,j,17,9,50,4,0.9307,8812.5,2250,6562.5,0.2285,7593.75,4312.5,3281.25,0.0656,3750,2437.5,1312.5,0.0618,3750,2250,1500,0.1388,8812.5,4593.75,4218.75,0.0437,3656.25,2812.5,843.75,0.046,3937.5,3281.25,656.25,0.046,4312.5,3375,937.5,0.0453,4218.75,3750,468.75,0.0422,4406.25,3843.75,562.5,,,,,,,,,,,,,,,,,,,,,,,,,,,,,,,,,,,,,,,,,,,,,,,,,,,,,,,,,,,,,,,,,,,,,,,,,,,,,,,,,,,,,,,,,,,,,,,,,,,,,,,,,,,,,,,,,,,,,,,,,,,,
GC-BCVI-MSGY-24-S22-T29-N,j,17,10,50,5,1.0998,9281.25,1968.75,7312.5,0.2034,6281.25,4593.75,1687.5,0.0592,3562.5,2625,937.5,0.0581,3468.75,1968.75,1500,0.1119,9281.25,4406.25,4875,0.0355,2906.25,2718.75,187.5,0.0301,3656.25,2906.25,750,0.0377,4125,3468.75,656.25,0.0377,4406.25,3656.25,750,0.0355,4406.25,4125,281.25,0.0969,4500,2343.75,2156.25,,,,,,,,,,,,,,,,,,,,,,,,,,,,,,,,,,,,,,,,,,,,,,,,,,,,,,,,,,,,,,,,,,,,,,,,,,,,,,,,,,,,,,,,,,,,,,,,,,,,,,,,,,,,,,,,,,,,,,,,
GC-BCVI-MSGY-24-S23-T12-N,k,17,9,50,4,1.113,6093.75,2156.25,3937.5,0.2086,5250,4312.5,937.5,0.0427,4406.25,2812.5,1593.75,0.0667,5437.5,3750,1687.5,0.0598,6093.75,3750,2343.75,0.1411,4968.75,2343.75,2625,0.0436,3468.75,2531.25,937.5,0.0513,3562.5,2437.5,1125,0.0564,3562.5,2156.25,1406.25,0.0256,3656.25,3281.25,375,,,,,,,,,,,,,,,,,,,,,,,,,,,,,,,,,,,,,,,,,,,,,,,,,,,,,,,,,,,,,,,,,,,,,,,,,,,,,,,,,,,,,,,,,,,,,,,,,,,,,,,,,,,,,,,,,,,,,,,,,,,,
GC-BCVI-MSGY-24-S26-T12-N,k,17,5,50,3,0.6032,5812.5,2156.25,3656.25,0.1948,5343.75,3843.75,1500,0.0433,4406.25,3093.75,1312.5,0.0544,5343.75,3750,1593.75,0.0597,5812.5,3750,2062.5,0.1211,5343.75,2156.25,3187.5,,,,,,,,,,,,,,,,,,,,,,,,,,,,,,,,,,,,,,,,,,,,,,,,,,,,,,,,,,,,,,,,,,,,,,,,,,,,,,,,,,,,,,,,,,,,,,,,,,,,,,,,,,,,,,,,,,,,,,,,,,,,,,,,,,,,,,,,,,,,
GC-BCVI-MSGY-24-S28-T12-N,k,17,6,50,3,0.5935,5437.5,2812.5,2625,0.2383,5437.5,4218.75,1218.75,0.0512,4500,2906.25,1593.75,0.0418,5156.25,3750,1406.25,0.0488,5343.75,3375,1968.75,0.0572,4593.75,3281.25,1312.5,0.0851,5062.5,2812.5,2250,,,,,,,,,,,,,,,,,,,,,,,,,,,,,,,,,,,,,,,,,,,,,,,,,,,,,,,,,,,,,,,,,,,,,,,,,,,,,,,,,,,,,,,,,,,,,,,,,,,,,,,,,,,,,,,,,,,,,,,,,,,,,,,,,,,,,,,,
GC-BCVI-MSGY-24-S29-T17-N,h,17,2,50,2,0.3263,5531.25,3375,2156.25,0.1558,5531.25,3656.25,1875,0.1309,5156.25,3375,1781.25,,,,,,,,,,,,,,,,,,,,,,,,,,,,,,,,,,,,,,,,,,,,,,,,,,,,,,,,,,,,,,,,,,,,,,,,,,,,,,,,,,,,,,,,,,,,,,,,,,,,,,,,,,,,,,,,,,,,,,,,,,,,,,,,,,,,,,,,,,,,,,,,,,,,,,,,
GC-BCVI-MSGY-24-S30-T23-N,l,17,7,50,2,0.5592,6937.5,2250,4687.5,0.0524,3937.5,2250,1687.5,0.041,3281.25,2437.5,843.75,0.0484,3375,2718.75,656.25,0.0642,3375,3000,375,0.1551,6937.5,4218.75,2718.75,0.044,3562.5,2250,1312.5,0.0889,4593.75,2906.25,1687.5,,,,,,,,,,,,,,,,,,,,,,,,,,,,,,,,,,,,,,,,,,,,,,,,,,,,,,,,,,,,,,,,,,,,,,,,,,,,,,,,,,,,,,,,,,,,,,,,,,,,,,,,,,,,,,,,,,,,,,,,,,,,,,,,,,,,
GC-BCVI-MSGY-24-S33-T12-N,k,17,6,50,3,0.6333,6281.25,2343.75,3937.5,0.1908,5437.5,4500,937.5,0.0464,4500,3468.75,1031.25,0.0471,6281.25,3468.75,2812.5,0.0502,6187.5,3562.5,2625,0.054,5156.25,4031.25,1125,0.1239,5062.5,2343.75,2718.75,,,,,,,,,,,,,,,,,,,,,,,,,,,,,,,,,,,,,,,,,,,,,,,,,,,,,,,,,,,,,,,,,,,,,,,,,,,,,,,,,,,,,,,,,,,,,,,,,,,,,,,,,,,,,,,,,,,,,,,,,,,,,,,,,,,,,,,,
GC-BCVI-MSGY-24-S35-T12-N,k,17,5,50,3,0.6358,5812.5,2343.75,3468.75,0.2251,5343.75,3656.25,1687.5,0.0451,4500,3468.75,1031.25,0.0502,4968.75,3750,1218.75,0.057,5812.5,3937.5,1875,0.1405,4968.75,2343.75,2625,,,,,,,,,,,,,,,,,,,,,,,,,,,,,,,,,,,,,,,,,,,,,,,,,,,,,,,,,,,,,,,,,,,,,,,,,,,,,,,,,,,,,,,,,,,,,,,,,,,,,,,,,,,,,,,,,,,,,,,,,,,,,,,,,,,,,,,,,,,,
GC-BCVI-MSGY-24-S36-T17-N,h,17,2,50,2,0.3324,5625,3468.75,2156.25,0.148,5625,4125,1500,0.1497,5250,3468.75,1781.25,,,,,,,,,,,,,,,,,,,,,,,,,,,,,,,,,,,,,,,,,,,,,,,,,,,,,,,,,,,,,,,,,,,,,,,,,,,,,,,,,,,,,,,,,,,,,,,,,,,,,,,,,,,,,,,,,,,,,,,,,,,,,,,,,,,,,,,,,,,,,,,,,,,,,,,,
GC-BCVI-MSGY-24-S37-T26-N,l,17,9,50,4,0.9599,6187.5,2250,3937.5,0.1479,6187.5,3468.75,2718.75,0.0458,3937.5,2250,1687.5,0.0746,4312.5,3000,1312.5,0.0824,5718.75,3656.25,2062.5,0.0359,5156.25,3281.25,1875,0.057,4406.25,2906.25,1500,0.0648,4218.75,3000,1218.75,0.0655,4218.75,3000,1218.75,0.0613,4125,2812.5,1312.5,,,,,,,,,,,,,,,,,,,,,,,,,,,,,,,,,,,,,,,,,,,,,,,,,,,,,,,,,,,,,,,,,,,,,,,,,,,,,,,,,,,,,,,,,,,,,,,,,,,,,,,,,,,,,,,,,,,,,,,,,,,,
GC-BCVI-MSGY-24-S39-T17-N,h,17,5,50,2,0.3114,5531.25,3000,2531.25,0.1491,5531.25,3000,2531.25,0.1297,5062.5,3281.25,1781.25,,,,,,,,,,,,,,,,,,,,,,,,,,,,,,,,,,,,,,,,,,,,,,,,,,,,,,,,,,,,,,,,,,,,,,,,,,,,,,,,,,,,,,,,,,,,,,,,,,,,,,,,,,,,,,,,,,,,,,,,,,,,,,,,,,,,,,,,,,,,,,,,,,,,,,,,
GC-BCVI-MSGY-24-S40-T19-N,l,17,3,50,2,0.3505,7031.25,2437.5,4593.75,0.1388,7031.25,3281.25,3750,0.0463,3656.25,2437.5,1218.75,0.1174,4406.25,2906.25,1500,,,,,,,,,,,,,,,,,,,,,,,,,,,,,,,,,,,,,,,,,,,,,,,,,,,,,,,,,,,,,,,,,,,,,,,,,,,,,,,,,,,,,,,,,,,,,,,,,,,,,,,,,,,,,,,,,,,,,,,,,,,,,,,,,,,,,,,,,,,,,,,,,,,,
GC-BCVI-MSGY-24-S42-T26-N,l,17,9,50,4,0.9701,6468.75,2531.25,3937.5,0.1475,6468.75,3093.75,3375,0.0471,3562.5,2531.25,1031.25,0.0768,4031.25,2906.25,1125,0.0928,5531.25,4875,656.25,0.0361,5156.25,3000,2156.25,0.0654,4406.25,3093.75,1312.5,0.076,4125,2906.25,1218.75,0.076,4125,2812.5,1312.5,0.1026,4125,2812.5,1312.5,,,,,,,,,,,,,,,,,,,,,,,,,,,,,,,,,,,,,,,,,,,,,,,,,,,,,,,,,,,,,,,,,,,,,,,,,,,,,,,,,,,,,,,,,,,,,,,,,,,,,,,,,,,,,,,,,,,,,,,,,,,,
GC-BCVI-MSGY-24-S43-T12-N,k,17,5,50,3,0.6366,5250,2531.25,2718.75,0.22,5250,4218.75,1031.25,0.0546,4500,3093.75,1406.25,0.0444,4312.5,4125,187.5,0.0488,4312.5,3562.5,750,0.1471,4593.75,2531.25,2062.5,,,,,,,,,,,,,,,,,,,,,,,,,,,,,,,,,,,,,,,,,,,,,,,,,,,,,,,,,,,,,,,,,,,,,,,,,,,,,,,,,,,,,,,,,,,,,,,,,,,,,,,,,,,,,,,,,,,,,,,,,,,,,,,,,,,,,,,,,,,,
GC-BCVI-MSGY-24-S44-T26-N,l,17,8,50,4,0.8604,6375,2437.5,3937.5,0.1476,6375,3562.5,2812.5,0.046,3750,2437.5,1312.5,0.1229,3656.25,2906.25,750,0.2156,5250,2718.75,2531.25,0.0326,4406.25,2718.75,1687.5,0.0707,4312.5,2718.75,1593.75,0.0666,4031.25,2812.5,1218.75,0.0742,3937.5,2812.5,1125,,,,,,,,,,,,,,,,,,,,,,,,,,,,,,,,,,,,,,,,,,,,,,,,,,,,,,,,,,,,,,,,,,,,,,,,,,,,,,,,,,,,,,,,,,,,,,,,,,,,,,,,,,,,,,,,,,,,,,,,,,,,,,,,
GC-BCVI-MSGY-24-S48-T16-N,m,17,11,50,5,0.9453,5625,2250,3375,0.0357,5625,4312.5,1312.5,0.1796,4968.75,2812.5,2156.25,0.0735,5062.5,3093.75,1968.75,0.0683,5156.25,3750,1406.25,0.0315,3187.5,2718.75,468.75,0.0273,3093.75,2718.75,375,0.0231,2437.5,2250,187.5,0.0441,4593.75,3656.25,937.5,0.0431,4593.75,3468.75,1125,0.0452,4687.5,3562.5,1125,0.0483,4875,3656.25,1218.75,,,,,,,,,,,,,,,,,,,,,,,,,,,,,,,,,,,,,,,,,,,,,,,,,,,,,,,,,,,,,,,,,,,,,,,,,,,,,,,,,,,,,,,,,,,,,,,,,,,,,,,,,,,,,,,,,,,,
GC-BCVI-MSGY-24-S51-T30-N,n,17,6,50,3,0.5927,5718.75,2437.5,3281.25,0.0369,5156.25,3656.25,1500,0.0759,4875,4312.5,562.5,0.0434,4406.25,2437.5,1968.75,0.0705,3468.75,2531.25,937.5,0.0672,5718.75,3093.75,2625,0.0672,5531.25,3468.75,2062.5,,,,,,,,,,,,,,,,,,,,,,,,,,,,,,,,,,,,,,,,,,,,,,,,,,,,,,,,,,,,,,,,,,,,,,,,,,,,,,,,,,,,,,,,,,,,,,,,,,,,,,,,,,,,,,,,,,,,,,,,,,,,,,,,,,,,,,,,
GC-BCVI-MSGY-24-S54-T12-N,k,17,5,50,3,0.5656,6000,2437.5,3562.5,0.1923,5343.75,4312.5,1031.25,0.0348,4312.5,3562.5,750,0.0456,5250,3750,1500,0.0468,5718.75,3562.5,2156.25,0.1278,6000,2437.5,3562.5,,,,,,,,,,,,,,,,,,,,,,,,,,,,,,,,,,,,,,,,,,,,,,,,,,,,,,,,,,,,,,,,,,,,,,,,,,,,,,,,,,,,,,,,,,,,,,,,,,,,,,,,,,,,,,,,,,,,,,,,,,,,,,,,,,,,,,,,,,,,
GC-BCVI-MSGY-24-S61-T34-N,a,17,11,50,6,1.2367,7218.75,2062.5,5156.25,0.2624,7031.25,3656.25,3375,0.0355,4968.75,3562.5,1406.25,0.1066,4500,2062.5,2437.5,0.0451,7218.75,4125,3093.75,0.0451,6750,3281.25,3468.75,0.0424,6656.25,4312.5,2343.75,0.1175,6000,3562.5,2437.5,0.0396,3656.25,3281.25,375,0.0342,3281.25,2718.75,562.5,0.0396,3468.75,2718.75,750,0.0396,3562.5,2531.25,1031.25,,,,,,,,,,,,,,,,,,,,,,,,,,,,,,,,,,,,,,,,,,,,,,,,,,,,,,,,,,,,,,,,,,,,,,,,,,,,,,,,,,,,,,,,,,,,,,,,,,,,,,,,,,,,,,,,,,,,
GC-BCVI-MSGY-24-S62-T9-N,n,17,5,50,3,0.6629,7312.5,2250,5062.5,0.1565,7312.5,3843.75,3468.75,0.1229,6562.5,2718.75,3843.75,0.0725,4218.75,2812.5,1406.25,0.0663,3562.5,2812.5,750,0.0663,3187.5,2250,937.5,,,,,,,,,,,,,,,,,,,,,,,,,,,,,,,,,,,,,,,,,,,,,,,,,,,,,,,,,,,,,,,,,,,,,,,,,,,,,,,,,,,,,,,,,,,,,,,,,,,,,,,,,,,,,,,,,,,,,,,,,,,,,,,,,,,,,,,,,,,,
GC-BCVI-MSGY-24-S63-T2-N,o,17,4,50,3,0.5522,5343.75,3281.25,2062.5,0.0809,3937.5,3281.25,656.25,0.1794,5343.75,3281.25,2062.5,0.0688,4312.5,3468.75,843.75,0.079,4500,3843.75,656.25,,,,,,,,,,,,,,,,,,,,,,,,,,,,,,,,,,,,,,,,,,,,,,,,,,,,,,,,,,,,,,,,,,,,,,,,,,,,,,,,,,,,,,,,,,,,,,,,,,,,,,,,,,,,,,,,,,,,,,,,,,,,,,,,,,,,,,,,,,,,,,,,
GC-BCVI-MSGY-24-S64-T2-N,o,17,4,50,3,0.5738,5718.75,3000,2718.75,0.083,4593.75,3000,1593.75,0.1763,5718.75,4218.75,1500,0.083,4406.25,3656.25,750,0.0793,4406.25,3843.75,562.5,,,,,,,,,,,,,,,,,,,,,,,,,,,,,,,,,,,,,,,,,,,,,,,,,,,,,,,,,,,,,,,,,,,,,,,,,,,,,,,,,,,,,,,,,,,,,,,,,,,,,,,,,,,,,,,,,,,,,,,,,,,,,,,,,,,,,,,,,,,,,,,,
GC-BCVI-MSGY-24-S67-T2-N,o,17,4,50,3,0.529,5437.5,2812.5,2625,0.0798,3750,2812.5,937.5,0.1805,5437.5,4312.5,1125,0.0694,4312.5,3562.5,750,0.0798,4500,3937.5,562.5,,,,,,,,,,,,,,,,,,,,,,,,,,,,,,,,,,,,,,,,,,,,,,,,,,,,,,,,,,,,,,,,,,,,,,,,,,,,,,,,,,,,,,,,,,,,,,,,,,,,,,,,,,,,,,,,,,,,,,,,,,,,,,,,,,,,,,,,,,,,,,,,
GC-BCVI-MSGY-24-S68-T1-N,p,17,6,50,2,0.4402,6000,2531.25,3468.75,0.1458,6000,5062.5,937.5,0.0219,3843.75,3468.75,375,0.0378,4406.25,3375,1031.25,0.0318,3562.5,3281.25,281.25,0.0378,3375,3187.5,187.5,0.0351,3281.25,2531.25,750,,,,,,,,,,,,,,,,,,,,,,,,,,,,,,,,,,,,,,,,,,,,,,,,,,,,,,,,,,,,,,,,,,,,,,,,,,,,,,,,,,,,,,,,,,,,,,,,,,,,,,,,,,,,,,,,,,,,,,,,,,,,,,,,,,,,,,,,
GC-BCVI-MSGY-24-S70-T33-N,q,17,5,50,2,0.7109,6375,2718.75,3656.25,0.0921,6375,3468.75,2906.25,0.2425,5625,4125,1500,0.063,4218.75,2718.75,1500,0.0621,3562.5,2718.75,843.75,0.0582,5718.75,3843.75,1875,,,,,,,,,,,,,,,,,,,,,,,,,,,,,,,,,,,,,,,,,,,,,,,,,,,,,,,,,,,,,,,,,,,,,,,,,,,,,,,,,,,,,,,,,,,,,,,,,,,,,,,,,,,,,,,,,,,,,,,,,,,,,,,,,,,,,,,,,,,,
GC-BCVI-MSGY-24-S72-T23-N,m,17,10,50,4,0.7426,4875,2156.25,2718.75,0.1072,4687.5,2343.75,2343.75,0.0628,4875,4312.5,562.5,0.0619,4687.5,4125,562.5,0.027,3281.25,2156.25,1125,0.0227,3000,2718.75,281.25,0.02,2343.75,2343.75,0,0.0427,4687.5,3750,937.5,0.041,4781.25,3468.75,1312.5,0.0401,4687.5,3750,937.5,0.0453,4781.25,4031.25,750,,,,,,,,,,,,,,,,,,,,,,,,,,,,,,,,,,,,,,,,,,,,,,,,,,,,,,,,,,,,,,,,,,,,,,,,,,,,,,,,,,,,,,,,,,,,,,,,,,,,,,,,,,,,,,,,,,,,,,,,
GC-BCVI-MSGY-24-S73-T23-N,m,17,10,50,4,0.6162,6093.75,2250,3843.75,0.2641,6093.75,2250,3843.75,0.0645,5250,3656.25,1593.75,0.0645,5156.25,3750,1406.25,0.0198,3281.25,3281.25,0,0.0236,3093.75,2531.25,562.5,0.0223,2343.75,2250,93.75,0.0496,4687.5,3468.75,1218.75,0.0471,4687.5,3375,1312.5,0.0471,4687.5,3562.5,1125,0.0496,4781.25,3750,1031.25,,,,,,,,,,,,,,,,,,,,,,,,,,,,,,,,,,,,,,,,,,,,,,,,,,,,,,,,,,,,,,,,,,,,,,,,,,,,,,,,,,,,,,,,,,,,,,,,,,,,,,,,,,,,,,,,,,,,,,,,
GC-BCVI-MSGY-24-S75-T33-N,q,17,4,50,2,0.6451,6468.75,2531.25,3937.5,0.0765,6468.75,4218.75,2250,0.265,5531.25,3656.25,1875,0.0587,3656.25,2531.25,1125,0.061,3656.25,2718.75,937.5,,,,,,,,,,,,,,,,,,,,,,,,,,,,,,,,,,,,,,,,,,,,,,,,,,,,,,,,,,,,,,,,,,,,,,,,,,,,,,,,,,,,,,,,,,,,,,,,,,,,,,,,,,,,,,,,,,,,,,,,,,,,,,,,,,,,,,,,,,,,,,,,
GC-BCVI-MSGY-24-S76-T32-N,c,17,4,50,3,0.6827,6375,4031.25,2343.75,0.2185,6375,4875,1500,0.0649,5531.25,4031.25,1500,0.0605,5343.75,4031.25,1312.5,,,,,,,,,,,,,,,,,,,,,,,,,,,,,,,,,,,,,,,,,,,,,,,,,,,,,,,,,,,,,,,,,,,,,,,,,,,,,,,,,,,,,,,,,,,,,,,,,,,,,,,,,,,,,,,,,,,,,,,,,,,,,,,,,,,,,,,,,,,,,,,,,,,,
GC-BCVI-MSGY-24-S81-T30-N,n,17,11,50,4,0.8886,7031.25,2437.5,4593.75,0.0191,5156.25,3750,1406.25,0.0244,6281.25,5343.75,937.5,0.0233,6093.75,5250,843.75,0.0318,5718.75,5062.5,656.25,0.0307,6750,5156.25,1593.75,0.0222,7031.25,5343.75,1687.5,0.1281,5343.75,2906.25,2437.5,0.0466,3562.5,2437.5,1125,0.0424,3562.5,2437.5,1125,0.0763,5906.25,3375,2531.25,0.0625,6843.75,4406.25,2437.5,,,,,,,,,,,,,,,,,,,,,,,,,,,,,,,,,,,,,,,,,,,,,,,,,,,,,,,,,,,,,,,,,,,,,,,,,,,,,,,,,,,,,,,,,,,,,,,,,,,,,,,,,,,,,,,,,,,,
GC-BCVI-MSGY-24-S83-T12-N,k,17,5,50,3,0.5614,6843.75,2437.5,4406.25,0.0625,6843.75,4406.25,2437.5,0.0416,4406.25,2906.25,1500,0.0461,5156.25,4031.25,1125,0.0443,5625,3468.75,2156.25,0.0841,4968.75,2437.5,2531.25,,,,,,,,,,,,,,,,,,,,,,,,,,,,,,,,,,,,,,,,,,,,,,,,,,,,,,,,,,,,,,,,,,,,,,,,,,,,,,,,,,,,,,,,,,,,,,,,,,,,,,,,,,,,,,,,,,,,,,,,,,,,,,,,,,,,,,,,,,,,
GC-BCVI-MSGY-24-S83-T23-N,n,17,8,50,3,0.6112,7312.5,2250,5062.5,0.0163,4218.75,3937.5,281.25,0.0262,6562.5,4218.75,2343.75,0.0226,6468.75,4218.75,2250,0.0253,7031.25,4781.25,2250,0.0262,7312.5,5250,2062.5,0.1138,4687.5,2250,2437.5,0.0478,4312.5,2531.25,1781.25,0.0478,3750,2343.75,1406.25,,,,,,,,,,,,,,,,,,,,,,,,,,,,,,,,,,,,,,,,,,,,,,,,,,,,,,,,,,,,,,,,,,,,,,,,,,,,,,,,,,,,,,,,,,,,,,,,,,,,,,,,,,,,,,,,,,,,,,,,,,,,,,,,
GC-BCVI-MSGY-24-S84-T12-N,k,17,5,50,,0.6181,5343.75,2343.75,3000,0.1776,5250,4593.75,656.25,0.0402,4406.25,3281.25,1125,0.0455,5250,3656.25,1593.75,0.0411,5343.75,3562.5,1781.25,0.1164,4968.75,2343.75,2625,,,,,,,,,,,,,,,,,,,,,,,,,,,,,,,,,,,,,,,,,,,,,,,,,,,,,,,,,,,,,,,,,,,,,,,,,,,,,,,,,,,,,,,,,,,,,,,,,,,,,,,,,,,,,,,,,,,,,,,,,,,,,,,,,,,,,,,,,,,,
GC-BCVI-MSGY-24-S87-T12-N,k,17,5,50,3,0.652,5250,2906.25,2343.75,0.164,5250,4218.75,1031.25,0.0324,4312.5,4125,187.5,0.0403,4312.5,4031.25,281.25,0.0422,4125,3468.75,656.25,0.0992,4687.5,2906.25,1781.25,,,,,,,,,,,,,,,,,,,,,,,,,,,,,,,,,,,,,,,,,,,,,,,,,,,,,,,,,,,,,,,,,,,,,,,,,,,,,,,,,,,,,,,,,,,,,,,,,,,,,,,,,,,,,,,,,,,,,,,,,,,,,,,,,,,,,,,,,,,,
GC-BCVI-MSGY-24-S88-T23-N,m,17,11,50,5,0.8852,5156.25,2250,2906.25,0.039,5156.25,3843.75,1312.5,0.1591,4031.25,2625,1406.25,0.0742,4593.75,3468.75,1125,0.0664,4781.25,4031.25,750,0.0205,3375,2625,750,0.0205,3093.75,2718.75,375,0.0234,2437.5,2250,187.5,0.0468,4687.5,3468.75,1218.75,0.0449,4687.5,3468.75,1218.75,0.0439,4781.25,3468.75,1312.5,0.0459,4781.25,3656.25,1125,,,,,,,,,,,,,,,,,,,,,,,,,,,,,,,,,,,,,,,,,,,,,,,,,,,,,,,,,,,,,,,,,,,,,,,,,,,,,,,,,,,,,,,,,,,,,,,,,,,,,,,,,,,,,,,,,,,,
GC-BCVI-MSGY-24-S89-T41-N,c,17,4,50,3,0.5263,5812.5,2343.75,3468.75,0.2258,5812.5,3937.5,1875,0.0501,5343.75,4312.5,1031.25,0.0567,5156.25,4312.5,843.75,0.1741,4687.5,2343.75,2343.75,,,,,,,,,,,,,,,,,,,,,,,,,,,,,,,,,,,,,,,,,,,,,,,,,,,,,,,,,,,,,,,,,,,,,,,,,,,,,,,,,,,,,,,,,,,,,,,,,,,,,,,,,,,,,,,,,,,,,,,,,,,,,,,,,,,,,,,,,,,,,,,,
GC-BCVI-BBM-25-21,a,19,8,40,5,1.2066,6000,2718.75,3281.25,0.0951,5343.75,3093.75,2250,0.1038,4312.5,3093.75,1218.75,0.0612,5625,4875,750,0.0568,6000,5250,750,0.0557,5625,4875,750,0.1825,3562.5,2718.75,843.75,0.0962,5343.75,4406.25,937.5,0.0984,5343.75,3750,1593.75,,,,,,,,,,,,,,,,,,,,,,,,,,,,,,,,,,,,,,,,,,,,,,,,,,,,,,,,,,,,,,,,,,,,,,,,,,,,,,,,,,,,,,,,,,,,,,,,,,,,,,,,,,,,,,,,,,,,,,,,,,,,,,,,
GC-BCVI-BBMS-25-1,b,19,5,40,3,0.474,6375,3187.5,3187.5,0.1276,5531.25,3937.5,1593.75,0.0634,4125,3187.5,937.5,0.033,5531.25,4593.75,937.5,0.0412,6187.5,5437.5,750,0.033,6375,6000,375,,,,,,,,,,,,,,,,,,,,,,,,,,,,,,,,,,,,,,,,,,,,,,,,,,,,,,,,,,,,,,,,,,,,,,,,,,,,,,,,,,,,,,,,,,,,,,,,,,,,,,,,,,,,,,,,,,,,,,,,,,,,,,,,,,,,,,,,,,,,
GC-BCVI-BBMS-25-2,c,19,6,40,3,0.5867,6187.5,2250,3937.5,0.171,6187.5,2812.5,3375,0.025,4312.5,3750,562.5,0.0344,4218.75,2718.75,1500,0.0351,4875,3750,1125,0.0376,4968.75,3843.75,1125,0.0601,3843.75,2250,1593.75,,,,,,,,,,,,,,,,,,,,,,,,,,,,,,,,,,,,,,,,,,,,,,,,,,,,,,,,,,,,,,,,,,,,,,,,,,,,,,,,,,,,,,,,,,,,,,,,,,,,,,,,,,,,,,,,,,,,,,,,,,,,,,,,,,,,,,,,
GC-BCVI-BBMS-25-4,d,19,4,40,2,0.4933,6093.75,2250,3843.75,0.0601,3843.75,2250,1593.75,0.051,6000,5437.5,562.5,0.0494,6093.75,4500,1593.75,0.1678,3468.75,2906.25,562.5,,,,,,,,,,,,,,,,,,,,,,,,,,,,,,,,,,,,,,,,,,,,,,,,,,,,,,,,,,,,,,,,,,,,,,,,,,,,,,,,,,,,,,,,,,,,,,,,,,,,,,,,,,,,,,,,,,,,,,,,,,,,,,,,,,,,,,,,,,,,,,,,
GC-BCVI-BBMS-25-5,c,19,1,40,1,0.091,4593.75,2062.5,2531.25,0.091,4593.75,2062.5,2531.25,,,,,,,,,,,,,,,,,,,,,,,,,,,,,,,,,,,,,,,,,,,,,,,,,,,,,,,,,,,,,,,,,,,,,,,,,,,,,,,,,,,,,,,,,,,,,,,,,,,,,,,,,,,,,,,,,,,,,,,,,,,,,,,,,,,,,,,,,,,,,,,,,,,,,,,,,,,,
GC-BCVI-BBMS-25-6,e,19,5,40,2,0.6117,5906.25,2531.25,3375,0.1523,5906.25,3656.25,2250,0.0545,3375,2531.25,843.75,0.0625,3281.25,2531.25,750,0.06,3187.5,2625,562.5,0.0698,3468.75,2625,843.75,,,,,,,,,,,,,,,,,,,,,,,,,,,,,,,,,,,,,,,,,,,,,,,,,,,,,,,,,,,,,,,,,,,,,,,,,,,,,,,,,,,,,,,,,,,,,,,,,,,,,,,,,,,,,,,,,,,,,,,,,,,,,,,,,,,,,,,,,,,,
GC-BCVI-BBMS-25-8,f,19,4,40,1,0.2153,3750,2062.5,1687.5,0.0395,3656.25,2625,1031.25,0.0278,3750,2250,1500,0.0281,3656.25,2062.5,1593.75,0.018,3562.5,3375,187.5,,,,,,,,,,,,,,,,,,,,,,,,,,,,,,,,,,,,,,,,,,,,,,,,,,,,,,,,,,,,,,,,,,,,,,,,,,,,,,,,,,,,,,,,,,,,,,,,,,,,,,,,,,,,,,,,,,,,,,,,,,,,,,,,,,,,,,,,,,,,,,,,
GC-BCVI-BBMS-25-9,c,19,1,40,1,0.0707,4312.5,2718.75,1593.75,0.0707,4312.5,2718.75,1593.75,,,,,,,,,,,,,,,,,,,,,,,,,,,,,,,,,,,,,,,,,,,,,,,,,,,,,,,,,,,,,,,,,,,,,,,,,,,,,,,,,,,,,,,,,,,,,,,,,,,,,,,,,,,,,,,,,,,,,,,,,,,,,,,,,,,,,,,,,,,,,,,,,,,,,,,,,,,,
GC-BCVI-BBMS-25-10,c,19,1,40,1,0.0886,4781.25,2062.5,2718.75,0.0886,4781.25,2062.5,2718.75,,,,,,,,,,,,,,,,,,,,,,,,,,,,,,,,,,,,,,,,,,,,,,,,,,,,,,,,,,,,,,,,,,,,,,,,,,,,,,,,,,,,,,,,,,,,,,,,,,,,,,,,,,,,,,,,,,,,,,,,,,,,,,,,,,,,,,,,,,,,,,,,,,,,,,,,,,,,
GC-BCVI-BBMS-25-11,c,19,1,40,1,0.1225,6187.5,3375,2812.5,0.1225,6187.5,3375,2812.5,,,,,,,,,,,,,,,,,,,,,,,,,,,,,,,,,,,,,,,,,,,,,,,,,,,,,,,,,,,,,,,,,,,,,,,,,,,,,,,,,,,,,,,,,,,,,,,,,,,,,,,,,,,,,,,,,,,,,,,,,,,,,,,,,,,,,,,,,,,,,,,,,,,,,,,,,,,,
GC-BCVI-BBMS-25-12,b,19,5,40,3,0.4804,7125,2718.75,4406.25,0.0608,4687.5,2906.25,1781.25,0.0309,5812.5,5156.25,656.25,0.0264,6000,6000,0,0.0218,7125,7031.25,93.75,0.1546,4312.5,2718.75,1593.75,,,,,,,,,,,,,,,,,,,,,,,,,,,,,,,,,,,,,,,,,,,,,,,,,,,,,,,,,,,,,,,,,,,,,,,,,,,,,,,,,,,,,,,,,,,,,,,,,,,,,,,,,,,,,,,,,,,,,,,,,,,,,,,,,,,,,,,,,,,,
GC-BCVI-BBMS-25-13,g,19,4,40,1,0.2239,5718.75,3843.75,1875,0.0348,5718.75,3843.75,1875,0.0457,5718.75,4875,843.75,0.0412,5718.75,4781.25,937.5,0.0397,5718.75,4218.75,1500,,,,,,,,,,,,,,,,,,,,,,,,,,,,,,,,,,,,,,,,,,,,,,,,,,,,,,,,,,,,,,,,,,,,,,,,,,,,,,,,,,,,,,,,,,,,,,,,,,,,,,,,,,,,,,,,,,,,,,,,,,,,,,,,,,,,,,,,,,,,,,,,
GC-BCVI-BBMS-25-14,c,19,1,40,1,0.1359,4312.5,1968.75,2343.75,0.1359,4312.5,1968.75,2343.75,,,,,,,,,,,,,,,,,,,,,,,,,,,,,,,,,,,,,,,,,,,,,,,,,,,,,,,,,,,,,,,,,,,,,,,,,,,,,,,,,,,,,,,,,,,,,,,,,,,,,,,,,,,,,,,,,,,,,,,,,,,,,,,,,,,,,,,,,,,,,,,,,,,,,,,,,,,,
GC-BCVI-BBMS-25-15,g,19,7,40,3,0.6169,6187.5,2156.25,4031.25,0.0473,5250,4687.5,562.5,0.0533,6000,3468.75,2531.25,0.0466,5531.25,4593.75,937.5,0.0444,5906.25,4687.5,1218.75,0.0473,6187.5,4687.5,1500,0.1428,3468.75,2156.25,1312.5,0.0644,3000,2531.25,468.75,,,,,,,,,,,,,,,,,,,,,,,,,,,,,,,,,,,,,,,,,,,,,,,,,,,,,,,,,,,,,,,,,,,,,,,,,,,,,,,,,,,,,,,,,,,,,,,,,,,,,,,,,,,,,,,,,,,,,,,,,,,,,,,,,,,,
GC-BCVI-BBMS-25-16,g,19,6,40,3,0.4389,6375,2718.75,3656.25,0.0408,6187.5,2718.75,3468.75,0.0414,5906.25,4500,1406.25,0.0441,6187.5,4968.75,1218.75,0.0441,6375,4968.75,1406.25,0.0673,3093.75,2718.75,375,0.1324,4031.25,2812.5,1218.75,,,,,,,,,,,,,,,,,,,,,,,,,,,,,,,,,,,,,,,,,,,,,,,,,,,,,,,,,,,,,,,,,,,,,,,,,,,,,,,,,,,,,,,,,,,,,,,,,,,,,,,,,,,,,,,,,,,,,,,,,,,,,,,,,,,,,,,,
GC-BCVI-BBMS-25-17,f,19,6,40,2,0.4657,5812.5,2343.75,3468.75,0.0586,5812.5,3562.5,2250,0.0485,4687.5,2531.25,2156.25,0.046,3750,2343.75,1406.25,0.0251,3562.5,2343.75,1218.75,0.0218,3375,2906.25,468.75,0.0239,3281.25,2812.5,468.75,,,,,,,,,,,,,,,,,,,,,,,,,,,,,,,,,,,,,,,,,,,,,,,,,,,,,,,,,,,,,,,,,,,,,,,,,,,,,,,,,,,,,,,,,,,,,,,,,,,,,,,,,,,,,,,,,,,,,,,,,,,,,,,,,,,,,,,,
GC-BCVI-BBMS-25-18 ,c,19,6,40,3,0.5902,6000,2156.25,3843.75,0.0967,6000,3468.75,2531.25,0.032,4781.25,3375,1406.25,0.0326,5156.25,4031.25,1125,0.0393,5156.25,3562.5,1593.75,0.0382,5625,4031.25,1593.75,0.0641,3375,2156.25,1218.75,,,,,,,,,,,,,,,,,,,,,,,,,,,,,,,,,,,,,,,,,,,,,,,,,,,,,,,,,,,,,,,,,,,,,,,,,,,,,,,,,,,,,,,,,,,,,,,,,,,,,,,,,,,,,,,,,,,,,,,,,,,,,,,,,,,,,,,,
GC-BCVI-BBMS-25-19,f,19,6,40,2,0.4591,6093.75,2250,3843.75,0.0458,6093.75,4593.75,1500,0.0389,4687.5,2437.5,2250,0.0301,3843.75,2437.5,1406.25,0.0301,3750,2250,1500,0.0231,3468.75,3468.75,0,0.0199,3187.5,3000,187.5,,,,,,,,,,,,,,,,,,,,,,,,,,,,,,,,,,,,,,,,,,,,,,,,,,,,,,,,,,,,,,,,,,,,,,,,,,,,,,,,,,,,,,,,,,,,,,,,,,,,,,,,,,,,,,,,,,,,,,,,,,,,,,,,,,,,,,,,
GC-BCVI-BBMS-25-20,h,19,3,40,3,0.8043,5718.75,2343.75,3375,0.0991,3562.5,2343.75,1218.75,0.1348,5718.75,4218.75,1500,0.3356,4312.5,2906.25,1406.25,,,,,,,,,,,,,,,,,,,,,,,,,,,,,,,,,,,,,,,,,,,,,,,,,,,,,,,,,,,,,,,,,,,,,,,,,,,,,,,,,,,,,,,,,,,,,,,,,,,,,,,,,,,,,,,,,,,,,,,,,,,,,,,,,,,,,,,,,,,,,,,,,,,,
GC-BCVI-BBMS-25-22,f,19,11,40,3,0.8752,6093.75,2250,3843.75,0.0207,4687.5,2437.5,2250,0.027,5625,5062.5,562.5,0.0314,5625,5250,375,0.0395,5625,5156.25,468.75,0.0341,5437.5,5437.5,0,0.027,5343.75,3750,1593.75,0.0593,6093.75,3656.25,2437.5,0.0584,4593.75,2437.5,2156.25,0.0485,4312.5,2250,2062.5,0.035,3750,2625,1125,0.0306,4031.25,3187.5,843.75,,,,,,,,,,,,,,,,,,,,,,,,,,,,,,,,,,,,,,,,,,,,,,,,,,,,,,,,,,,,,,,,,,,,,,,,,,,,,,,,,,,,,,,,,,,,,,,,,,,,,,,,,,,,,,,,,,,,
GC-BCVI-BBMS-25-24,i,19,4,40,2,0.3104,4968.75,2156.25,2812.5,0.0342,4781.25,4125,656.25,0.0426,4781.25,3375,1406.25,0.0378,4968.75,4125,843.75,0.1097,4875,2156.25,2718.75,,,,,,,,,,,,,,,,,,,,,,,,,,,,,,,,,,,,,,,,,,,,,,,,,,,,,,,,,,,,,,,,,,,,,,,,,,,,,,,,,,,,,,,,,,,,,,,,,,,,,,,,,,,,,,,,,,,,,,,,,,,,,,,,,,,,,,,,,,,,,,,,
GC-BCVI-BBMS-25-28,i,19,10,40,4,0.8145,6843.75,2343.75,4500,0.1632,6843.75,2812.5,4031.25,0.0229,3562.5,2906.25,656.25,0.0305,3281.25,2812.5,468.75,0.0381,4125,3937.5,187.5,0.0336,4687.5,4312.5,375,0.0336,4968.75,4312.5,656.25,0.0351,4875,4312.5,562.5,0.0381,4875,3093.75,1781.25,0.045,4781.25,2812.5,1968.75,0.1373,4687.5,2343.75,2343.75,,,,,,,,,,,,,,,,,,,,,,,,,,,,,,,,,,,,,,,,,,,,,,,,,,,,,,,,,,,,,,,,,,,,,,,,,,,,,,,,,,,,,,,,,,,,,,,,,,,,,,,,,,,,,,,,,,,,,,,,
GC-BCVI-BBMS-25-29,i,19,9,40,4,0.7507,7031.25,2156.25,4875,0.1496,7031.25,2718.75,4312.5,0.028,3093.75,2437.5,656.25,0.0424,3093.75,2343.75,750,0.0482,4593.75,4031.25,562.5,0.0352,4781.25,4312.5,468.75,0.0431,4781.25,4312.5,468.75,0.036,4593.75,4312.5,281.25,0.0503,4781.25,3937.5,843.75,0.1294,4500,2156.25,2343.75,,,,,,,,,,,,,,,,,,,,,,,,,,,,,,,,,,,,,,,,,,,,,,,,,,,,,,,,,,,,,,,,,,,,,,,,,,,,,,,,,,,,,,,,,,,,,,,,,,,,,,,,,,,,,,,,,,,,,,,,,,,,
GC-BCVI-BBMS-25-30,j,19,8,40,3,0.6075,5531.25,2718.75,2812.5,0.1099,5531.25,3937.5,1593.75,0.0687,3937.5,3468.75,468.75,0.0606,3843.75,3281.25,562.5,0.0293,3375,2718.75,656.25,0.0293,4687.5,3281.25,1406.25,0.0381,5156.25,4031.25,1125,0.0437,5531.25,4968.75,562.5,0.0337,5343.75,4687.5,656.25,,,,,,,,,,,,,,,,,,,,,,,,,,,,,,,,,,,,,,,,,,,,,,,,,,,,,,,,,,,,,,,,,,,,,,,,,,,,,,,,,,,,,,,,,,,,,,,,,,,,,,,,,,,,,,,,,,,,,,,,,,,,,,,,
GC-BCVI-BBMS-25-31,k,19,6,40,2,0.3891,4968.75,2718.75,2250,0.1584,4968.75,3656.25,1312.5,0.0194,3375,2906.25,468.75,0.0321,3375,2718.75,656.25,0.029,3187.5,3000,187.5,0.0295,3281.25,2906.25,375,0.025,3656.25,3000,656.25,,,,,,,,,,,,,,,,,,,,,,,,,,,,,,,,,,,,,,,,,,,,,,,,,,,,,,,,,,,,,,,,,,,,,,,,,,,,,,,,,,,,,,,,,,,,,,,,,,,,,,,,,,,,,,,,,,,,,,,,,,,,,,,,,,,,,,,,
GC-BCVI-BBMS-25-32,j,19,8,40,3,0.6192,5531.25,2812.5,2718.75,0.1187,4875,4500,375,0.0563,4218.75,2812.5,1406.25,0.0597,3937.5,2812.5,1125,0.0244,3750,2812.5,937.5,0.0326,5250,3562.5,1687.5,0.0285,5343.75,4500,843.75,0.0312,5531.25,4875,656.25,0.0264,5437.5,4500,937.5,,,,,,,,,,,,,,,,,,,,,,,,,,,,,,,,,,,,,,,,,,,,,,,,,,,,,,,,,,,,,,,,,,,,,,,,,,,,,,,,,,,,,,,,,,,,,,,,,,,,,,,,,,,,,,,,,,,,,,,,,,,,,,,,
GC-BCVI-BBMS-25-33,i,19,8,40,4,0.7417,6843.75,2156.25,4687.5,0.1134,6843.75,2906.25,3937.5,0.0234,3468.75,3468.75,0,0.0307,4406.25,4125,281.25,0.0424,4593.75,4406.25,187.5,0.0366,4968.75,4593.75,375,0.0249,4500,4312.5,187.5,0.0417,5062.5,3562.5,1500,0.109,4500,2156.25,2343.75,,,,,,,,,,,,,,,,,,,,,,,,,,,,,,,,,,,,,,,,,,,,,,,,,,,,,,,,,,,,,,,,,,,,,,,,,,,,,,,,,,,,,,,,,,,,,,,,,,,,,,,,,,,,,,,,,,,,,,,,,,,,,,,,
GC-BCVI-BBMS-25-34,j,19,8,40,3,0.6431,5531.25,2906.25,2625,0.1182,5343.75,3656.25,1687.5,0.0615,4125,2906.25,1218.75,0.0554,3937.5,3375,562.5,0.0236,4031.25,3468.75,562.5,0.0345,5343.75,4125,1218.75,0.029,5531.25,4593.75,937.5,0.0338,5531.25,4593.75,937.5,0.0263,5250,4406.25,843.75,,,,,,,,,,,,,,,,,,,,,,,,,,,,,,,,,,,,,,,,,,,,,,,,,,,,,,,,,,,,,,,,,,,,,,,,,,,,,,,,,,,,,,,,,,,,,,,,,,,,,,,,,,,,,,,,,,,,,,,,,,,,,,,,
GC-BCVI-BBMS-25-35,i,19,7,40,3,0.2872,4968.75,2156.25,2812.5,0.0235,4031.25,3562.5,468.75,0.0303,4500,4218.75,281.25,0.0368,4687.5,4406.25,281.25,0.0269,4875,4593.75,281.25,0.0303,4781.25,4593.75,187.5,0.0419,4968.75,3937.5,1031.25,0.1256,3937.5,2156.25,1781.25,,,,,,,,,,,,,,,,,,,,,,,,,,,,,,,,,,,,,,,,,,,,,,,,,,,,,,,,,,,,,,,,,,,,,,,,,,,,,,,,,,,,,,,,,,,,,,,,,,,,,,,,,,,,,,,,,,,,,,,,,,,,,,,,,,,,
GC-BCVI-BBMS-25-36,j,19,8,40,3,0.6089,5531.25,3468.75,2062.5,0.0996,4875,4031.25,843.75,0.042,4406.25,3937.5,468.75,0.0413,3937.5,3468.75,468.75,0.0221,3937.5,3656.25,281.25,0.0299,5156.25,3937.5,1218.75,0.0341,5062.5,4781.25,281.25,0.0334,5531.25,4781.25,750,0.0285,5062.5,4781.25,281.25,,,,,,,,,,,,,,,,,,,,,,,,,,,,,,,,,,,,,,,,,,,,,,,,,,,,,,,,,,,,,,,,,,,,,,,,,,,,,,,,,,,,,,,,,,,,,,,,,,,,,,,,,,,,,,,,,,,,,,,,,,,,,,,,
GC-BCVI-BBMS-25-37,l,19,10,40,2,0.4988,5156.25,2437.5,2718.75,0.0533,5156.25,4593.75,562.5,0.0577,5062.5,4312.5,750,0.0346,4687.5,3843.75,843.75,0.0297,4218.75,3281.25,937.5,0.0269,3843.75,3468.75,375,0.0308,3843.75,2718.75,1125,0.0275,3281.25,2437.5,843.75,0.0286,3375,2625,750,0.0231,3375,2625,750,0.0319,3375,2718.75,656.25,,,,,,,,,,,,,,,,,,,,,,,,,,,,,,,,,,,,,,,,,,,,,,,,,,,,,,,,,,,,,,,,,,,,,,,,,,,,,,,,,,,,,,,,,,,,,,,,,,,,,,,,,,,,,,,,,,,,,,,,
GC-BCVI-BBMS-25-38,m,19,3,40,1,0.1709,3843.75,2437.5,1406.25,0.0274,3562.5,2437.5,1125,0.0332,3843.75,3093.75,750,0.0267,3843.75,2718.75,1125,,,,,,,,,,,,,,,,,,,,,,,,,,,,,,,,,,,,,,,,,,,,,,,,,,,,,,,,,,,,,,,,,,,,,,,,,,,,,,,,,,,,,,,,,,,,,,,,,,,,,,,,,,,,,,,,,,,,,,,,,,,,,,,,,,,,,,,,,,,,,,,,,,,,
GC-BCVI-BBMS-25-40,l,19,7,40,2,0.4026,5343.75,2718.75,2625,0.0532,5343.75,3750,1593.75,0.0434,5250,4312.5,937.5,0.0341,4500,3750,750,0.0301,3750,2906.25,843.75,0.0297,3843.75,2906.25,937.5,0.0288,3750,3187.5,562.5,0.0275,3750,2718.75,1031.25,,,,,,,,,,,,,,,,,,,,,,,,,,,,,,,,,,,,,,,,,,,,,,,,,,,,,,,,,,,,,,,,,,,,,,,,,,,,,,,,,,,,,,,,,,,,,,,,,,,,,,,,,,,,,,,,,,,,,,,,,,,,,,,,,,,,
GC-BCVI-BBMS-25-41,n,19,5,40,3,0.6284,5718.75,2250,3468.75,0.0423,5718.75,4593.75,1125,0.1931,3468.75,2250,1218.75,0.0529,4875,3843.75,1031.25,0.0617,4031.25,2718.75,1312.5,0.0467,5062.5,3468.75,1593.75,,,,,,,,,,,,,,,,,,,,,,,,,,,,,,,,,,,,,,,,,,,,,,,,,,,,,,,,,,,,,,,,,,,,,,,,,,,,,,,,,,,,,,,,,,,,,,,,,,,,,,,,,,,,,,,,,,,,,,,,,,,,,,,,,,,,,,,,,,,,
GC-BCVI-BBMS-25-42,o,19,6,40,4,0.5899,5906.25,2062.5,3843.75,0.0287,4687.5,3281.25,1406.25,0.0597,5906.25,5062.5,843.75,0.1412,3375,2062.5,1312.5,0.0551,5437.5,3937.5,1500,0.0589,5437.5,3281.25,2156.25,0.0582,5062.5,3187.5,1875,,,,,,,,,,,,,,,,,,,,,,,,,,,,,,,,,,,,,,,,,,,,,,,,,,,,,,,,,,,,,,,,,,,,,,,,,,,,,,,,,,,,,,,,,,,,,,,,,,,,,,,,,,,,,,,,,,,,,,,,,,,,,,,,,,,,,,,,
GC-BCVI-BBMS-25-43,p,19,10,40,4,0.8817,6750,2718.75,4031.25,0.0311,6562.5,5437.5,1125,0.0388,6375,5531.25,843.75,0.0423,6750,5531.25,1218.75,0.0336,6562.5,5531.25,1031.25,0.0319,5531.25,5531.25,0,0.0405,4125,2718.75,1406.25,0.0431,3656.25,2718.75,937.5,0.1441,5531.25,3187.5,2343.75,0.0707,4500,3656.25,843.75,0.0716,4500,3562.5,937.5,,,,,,,,,,,,,,,,,,,,,,,,,,,,,,,,,,,,,,,,,,,,,,,,,,,,,,,,,,,,,,,,,,,,,,,,,,,,,,,,,,,,,,,,,,,,,,,,,,,,,,,,,,,,,,,,,,,,,,,,
GC-BCVI-BBMS-25-44,n,19,5,40,3,0.6289,5906.25,2250,3656.25,0.0648,5906.25,3562.5,2343.75,0.1713,3468.75,2250,1218.75,0.0597,4593.75,3937.5,656.25,0.0584,4687.5,3656.25,1031.25,0.0533,4593.75,3468.75,1125,,,,,,,,,,,,,,,,,,,,,,,,,,,,,,,,,,,,,,,,,,,,,,,,,,,,,,,,,,,,,,,,,,,,,,,,,,,,,,,,,,,,,,,,,,,,,,,,,,,,,,,,,,,,,,,,,,,,,,,,,,,,,,,,,,,,,,,,,,,,
GC-BCVI-BBMS-25-45,o,19,6,40,4,0.6137,5812.5,2062.5,3750,0.0298,4687.5,3468.75,1218.75,0.0611,5812.5,5062.5,750,0.137,3562.5,2062.5,1500,0.0551,5437.5,2437.5,3000,0.0551,5625,3656.25,1968.75,0.0574,5343.75,3656.25,1687.5,,,,,,,,,,,,,,,,,,,,,,,,,,,,,,,,,,,,,,,,,,,,,,,,,,,,,,,,,,,,,,,,,,,,,,,,,,,,,,,,,,,,,,,,,,,,,,,,,,,,,,,,,,,,,,,,,,,,,,,,,,,,,,,,,,,,,,,,
GC-BCVI-BBMS-25-46,q,19,13,40,5,1.1289,6843.75,2437.5,4406.25,0.0732,5812.5,3562.5,2250,0.0356,5531.25,4593.75,937.5,0.0356,5156.25,4593.75,562.5,0.0336,4968.75,4125,843.75,0.0297,4406.25,4031.25,375,0.0435,3656.25,2906.25,750,0.0287,6093.75,4031.25,2062.5,0.0376,6843.75,4968.75,1875,0.0356,6281.25,4687.5,1593.75,0.0396,6187.5,4218.75,1968.75,0.0594,3656.25,3093.75,562.5,0.0574,3656.25,2531.25,1125,0.0505,3281.25,2437.5,843.75,,,,,,,,,,,,,,,,,,,,,,,,,,,,,,,,,,,,,,,,,,,,,,,,,,,,,,,,,,,,,,,,,,,,,,,,,,,,,,,,,,,,,,,,,,,,,,,,,,,,,,,,,,,,
GC-BCVI-BBMS-25-47,n,19,5,40,3,0.6454,5531.25,2343.75,3187.5,0.0701,5531.25,3656.25,1875,0.1821,3562.5,2343.75,1218.75,0.0536,4500,4031.25,468.75,0.0529,4593.75,3562.5,1031.25,0.0495,5062.5,3375,1687.5,,,,,,,,,,,,,,,,,,,,,,,,,,,,,,,,,,,,,,,,,,,,,,,,,,,,,,,,,,,,,,,,,,,,,,,,,,,,,,,,,,,,,,,,,,,,,,,,,,,,,,,,,,,,,,,,,,,,,,,,,,,,,,,,,,,,,,,,,,,,
GC-BCVI-BBMS-25-48,r,19,10,40,4,0.8913,6000,2062.5,3937.5,0.0279,6000,5343.75,656.25,0.0296,5625,5531.25,93.75,0.0305,6000,5343.75,656.25,0.0279,5531.25,5062.5,468.75,0.027,5531.25,4968.75,562.5,0.0488,4125,2062.5,2062.5,0.0401,4031.25,3000,1031.25,0.1491,5531.25,4125,1406.25,0.0767,4125,3281.25,843.75,0.0593,4218.75,3750,468.75,,,,,,,,,,,,,,,,,,,,,,,,,,,,,,,,,,,,,,,,,,,,,,,,,,,,,,,,,,,,,,,,,,,,,,,,,,,,,,,,,,,,,,,,,,,,,,,,,,,,,,,,,,,,,,,,,,,,,,,,
GC-BCVI-BBMS-25-49,o,19,3,40,3,0.3677,5718.75,2062.5,3656.25,0.032,4031.25,3468.75,562.5,0.0661,5718.75,4593.75,1125,0.1444,3750,2062.5,1687.5,,,,,,,,,,,,,,,,,,,,,,,,,,,,,,,,,,,,,,,,,,,,,,,,,,,,,,,,,,,,,,,,,,,,,,,,,,,,,,,,,,,,,,,,,,,,,,,,,,,,,,,,,,,,,,,,,,,,,,,,,,,,,,,,,,,,,,,,,,,,,,,,,,,,
GC-BCVi-BBMS-25-50,n,19,5,40,3,0.7282,5156.25,2156.25,3000,0.0601,5156.25,3750,1406.25,0.16,3281.25,2156.25,1125,0.0451,4125,3937.5,187.5,0.0438,4031.25,3562.5,468.75,0.0418,4031.25,3281.25,750,,,,,,,,,,,,,,,,,,,,,,,,,,,,,,,,,,,,,,,,,,,,,,,,,,,,,,,,,,,,,,,,,,,,,,,,,,,,,,,,,,,,,,,,,,,,,,,,,,,,,,,,,,,,,,,,,,,,,,,,,,,,,,,,,,,,,,,,,,,,
GC-BCVI-BBMS-25-51,l,19,7,40,2,0.4086,5156.25,2718.75,2437.5,0.0494,5156.25,4500,656.25,0.0618,5156.25,4125,1031.25,0.0335,4593.75,3468.75,1125,0.0283,4125,3562.5,562.5,0.0283,3750,3281.25,468.75,0.033,3562.5,2718.75,843.75,0.0292,3375,2718.75,656.25,,,,,,,,,,,,,,,,,,,,,,,,,,,,,,,,,,,,,,,,,,,,,,,,,,,,,,,,,,,,,,,,,,,,,,,,,,,,,,,,,,,,,,,,,,,,,,,,,,,,,,,,,,,,,,,,,,,,,,,,,,,,,,,,,,,,
GC-BCVI-BBMS-25-52,r,19,5,40,3,0.7451,4406.25,2250,2156.25,0.039,3562.5,2718.75,843.75,0.0447,3562.5,2437.5,1125,0.1611,4406.25,2531.25,1875,0.0632,4031.25,2531.25,1500,0.0483,3843.75,2343.75,1500,0.0511,3750,2250,1500,,,,,,,,,,,,,,,,,,,,,,,,,,,,,,,,,,,,,,,,,,,,,,,,,,,,,,,,,,,,,,,,,,,,,,,,,,,,,,,,,,,,,,,,,,,,,,,,,,,,,,,,,,,,,,,,,,,,,,,,,,,,,,,,,,,,,,,,
GC-BCVI-BBMS-25-53,o,19,6,40,4,0.6391,6000,1968.75,4031.25,0.0362,4875,3468.75,1406.25,0.0629,6000,4875,1125,0.1321,4500,1968.75,2531.25,0.0553,5812.5,2437.5,3375,0.0604,4875,3562.5,1312.5,0.0546,4875,3562.5,1312.5,,,,,,,,,,,,,,,,,,,,,,,,,,,,,,,,,,,,,,,,,,,,,,,,,,,,,,,,,,,,,,,,,,,,,,,,,,,,,,,,,,,,,,,,,,,,,,,,,,,,,,,,,,,,,,,,,,,,,,,,,,,,,,,,,,,,,,,,
GC-BCVI-BBMS-25-54,q,19,6,40,3,0.4419,7500,3750,3750,0.0792,5437.5,3750,1687.5,0.0526,7500,6937.5,562.5,0.0289,5531.25,4687.5,843.75,0.0312,5062.5,4687.5,375,0.0326,4687.5,3937.5,750,0.0326,4687.5,4218.75,468.75,,,,,,,,,,,,,,,,,,,,,,,,,,,,,,,,,,,,,,,,,,,,,,,,,,,,,,,,,,,,,,,,,,,,,,,,,,,,,,,,,,,,,,,,,,,,,,,,,,,,,,,,,,,,,,,,,,,,,,,,,,,,,,,,,,,,,,,,
GC-BCVI-BBMS-25-55,s,19,4,40,3,0.4699,6187.5,2718.75,3468.75,0.0492,4031.25,2718.75,1312.5,0.1557,6187.5,4031.25,2156.25,0.0692,4406.25,3468.75,937.5,0.0606,4312.5,3937.5,375,,,,,,,,,,,,,,,,,,,,,,,,,,,,,,,,,,,,,,,,,,,,,,,,,,,,,,,,,,,,,,,,,,,,,,,,,,,,,,,,,,,,,,,,,,,,,,,,,,,,,,,,,,,,,,,,,,,,,,,,,,,,,,,,,,,,,,,,,,,,,,,,
GC-BCVI-BBMS-25-56,l,19,9,40,2,0.497,5437.5,2906.25,2531.25,0.0439,5437.5,4312.5,1125,0.0515,5250,4218.75,1031.25,0.0352,4781.25,3750,1031.25,0.0373,4125,3656.25,468.75,0.0301,3656.25,3281.25,375,0.0306,3750,2906.25,843.75,0.0291,3562.5,3281.25,281.25,0.0286,3656.25,3187.5,468.75,0.027,3468.75,2906.25,562.5,,,,,,,,,,,,,,,,,,,,,,,,,,,,,,,,,,,,,,,,,,,,,,,,,,,,,,,,,,,,,,,,,,,,,,,,,,,,,,,,,,,,,,,,,,,,,,,,,,,,,,,,,,,,,,,,,,,,,,,,,,,,
GC-BCVI-BBMS-25-57,n,19,5,40,3,0.5988,5625,2250,3375,0.0642,5625,3562.5,2062.5,0.1789,3468.75,2250,1218.75,0.0512,4312.5,3843.75,468.75,0.0538,4406.25,3187.5,1218.75,0.0531,4968.75,3562.5,1406.25,,,,,,,,,,,,,,,,,,,,,,,,,,,,,,,,,,,,,,,,,,,,,,,,,,,,,,,,,,,,,,,,,,,,,,,,,,,,,,,,,,,,,,,,,,,,,,,,,,,,,,,,,,,,,,,,,,,,,,,,,,,,,,,,,,,,,,,,,,,,
GC-BCVI-BOSK-25-2,a,14,6,36,3,0.6161,6281.25,2437.5,3843.75,0.1393,6281.25,3562.5,2718.75,0.0268,3468.75,3375,93.75,0.0334,3656.25,3375,281.25,0.0307,4500,3562.5,937.5,0.0412,4500,3750,750,0.1144,4687.5,2437.5,2250,,,,,,,,,,,,,,,,,,,,,,,,,,,,,,,,,,,,,,,,,,,,,,,,,,,,,,,,,,,,,,,,,,,,,,,,,,,,,,,,,,,,,,,,,,,,,,,,,,,,,,,,,,,,,,,,,,,,,,,,,,,,,,,,,,,,,,,,
GC-BCVI-BOSK-25-3,b,14,9,36,4,0.7274,6093.75,2343.75,3750,0.0315,5156.25,2625,2531.25,0.0359,3562.5,2625,937.5,0.0573,5812.5,4218.75,1593.75,0.0435,5531.25,3937.5,1593.75,0.0466,6093.75,4500,1593.75,0.0938,6000,3656.25,2343.75,0.0579,4406.25,3375,1031.25,0.0567,3562.5,2437.5,1125,0.0554,3562.5,2343.75,1218.75,,,,,,,,,,,,,,,,,,,,,,,,,,,,,,,,,,,,,,,,,,,,,,,,,,,,,,,,,,,,,,,,,,,,,,,,,,,,,,,,,,,,,,,,,,,,,,,,,,,,,,,,,,,,,,,,,,,,,,,,,,,,
GC-BCVI-BOSK-25-6,a,14,6,36,3,0.5624,6468.75,2812.5,3656.25,0.1373,6468.75,3750,2718.75,0.0296,4031.25,3562.5,468.75,0.0408,4593.75,3562.5,1031.25,0.0394,4593.75,3656.25,937.5,0.0422,4593.75,3937.5,656.25,0.1098,4593.75,2812.5,1781.25,,,,,,,,,,,,,,,,,,,,,,,,,,,,,,,,,,,,,,,,,,,,,,,,,,,,,,,,,,,,,,,,,,,,,,,,,,,,,,,,,,,,,,,,,,,,,,,,,,,,,,,,,,,,,,,,,,,,,,,,,,,,,,,,,,,,,,,,
GC-BCVI-BOSK-25-7,c,14,4,36,2,0.2926,5625,3187.5,2437.5,0.0492,5625,3843.75,1781.25,0.0421,4875,3843.75,1031.25,0.0421,4968.75,3843.75,1125,0.0562,4781.25,3187.5,1593.75,,,,,,,,,,,,,,,,,,,,,,,,,,,,,,,,,,,,,,,,,,,,,,,,,,,,,,,,,,,,,,,,,,,,,,,,,,,,,,,,,,,,,,,,,,,,,,,,,,,,,,,,,,,,,,,,,,,,,,,,,,,,,,,,,,,,,,,,,,,,,,,,
GC-BCVI-BOSK-25-8,c,14,1,36,1,0.146,6000,4218.75,1781.25,0.146,6000,4218.75,1781.25,,,,,,,,,,,,,,,,,,,,,,,,,,,,,,,,,,,,,,,,,,,,,,,,,,,,,,,,,,,,,,,,,,,,,,,,,,,,,,,,,,,,,,,,,,,,,,,,,,,,,,,,,,,,,,,,,,,,,,,,,,,,,,,,,,,,,,,,,,,,,,,,,,,,,,,,,,,,
GC-BCVI-BOSK-25-9,c,14,3,36,1,0.1932,5812.5,3750,2062.5,0.0474,5812.5,3750,2062.5,0.0474,5156.25,3937.5,1218.75,0.0489,4968.75,3843.75,1125,,,,,,,,,,,,,,,,,,,,,,,,,,,,,,,,,,,,,,,,,,,,,,,,,,,,,,,,,,,,,,,,,,,,,,,,,,,,,,,,,,,,,,,,,,,,,,,,,,,,,,,,,,,,,,,,,,,,,,,,,,,,,,,,,,,,,,,,,,,,,,,,,,,,
GC-BCVI-BOSK-25-10,b,14,3,36,1,0.1856,4218.75,2718.75,1500,0.055,4218.75,3468.75,750,0.0478,3750,2718.75,1031.25,0.0486,3843.75,2718.75,1125,,,,,,,,,,,,,,,,,,,,,,,,,,,,,,,,,,,,,,,,,,,,,,,,,,,,,,,,,,,,,,,,,,,,,,,,,,,,,,,,,,,,,,,,,,,,,,,,,,,,,,,,,,,,,,,,,,,,,,,,,,,,,,,,,,,,,,,,,,,,,,,,,,,,
GC-BCVI-BOSK-25-11,a,14,5,36,2,0.3155,4781.25,3000,1781.25,0.0188,3843.75,3750,93.75,0.032,4218.75,3375,843.75,0.0397,4125,3750,375,0.039,4781.25,4218.75,562.5,0.088,4125,3000,1125,,,,,,,,,,,,,,,,,,,,,,,,,,,,,,,,,,,,,,,,,,,,,,,,,,,,,,,,,,,,,,,,,,,,,,,,,,,,,,,,,,,,,,,,,,,,,,,,,,,,,,,,,,,,,,,,,,,,,,,,,,,,,,,,,,,,,,,,,,,,
GC-BCVI-BOSK-25-12,c,14,3,36,1,0.1899,5625,3750,1875,0.0467,5625,3750,1875,0.036,5437.5,3937.5,1500,0.0432,5250,3843.75,1406.25,,,,,,,,,,,,,,,,,,,,,,,,,,,,,,,,,,,,,,,,,,,,,,,,,,,,,,,,,,,,,,,,,,,,,,,,,,,,,,,,,,,,,,,,,,,,,,,,,,,,,,,,,,,,,,,,,,,,,,,,,,,,,,,,,,,,,,,,,,,,,,,,,,,,
GC-BCVI-BOSK-25-15,f,14,9,36,2,0.3297,6281.25,3562.5,2718.75,0.014,4406.25,4312.5,93.75,0.0163,4312.5,4312.5,0,0.0157,4593.75,4593.75,0,0.0134,4968.75,4968.75,0,0.0151,5625,5625,0,0.0146,5531.25,5531.25,0,0.0163,6281.25,6281.25,0,0.0588,4031.25,3656.25,375,0.0466,4031.25,3562.5,468.75,,,,,,,,,,,,,,,,,,,,,,,,,,,,,,,,,,,,,,,,,,,,,,,,,,,,,,,,,,,,,,,,,,,,,,,,,,,,,,,,,,,,,,,,,,,,,,,,,,,,,,,,,,,,,,,,,,,,,,,,,,,,
GC-BCVI-BOSK-25-19,f,14,10,36,2,0.3563,6187.5,2812.5,3375,0.0128,4125,4125,0,0.0138,4125,4125,0,0.0182,5156.25,3937.5,1218.75,0.0163,4968.75,4968.75,0,0.0182,5156.25,5156.25,0,0.0182,5531.25,5531.25,0,0.0143,6187.5,6187.5,0,0.0168,6187.5,5531.25,656.25,0.0591,4125,3656.25,468.75,0.0503,4218.75,2812.5,1406.25,,,,,,,,,,,,,,,,,,,,,,,,,,,,,,,,,,,,,,,,,,,,,,,,,,,,,,,,,,,,,,,,,,,,,,,,,,,,,,,,,,,,,,,,,,,,,,,,,,,,,,,,,,,,,,,,,,,,,,,,
GC-BCVI-BOSK-25-20,b,14,9,36,4,0.3214,6375,2343.75,4031.25,0.0293,6375,4593.75,1781.25,0.0335,4968.75,4312.5,656.25,0.0383,6281.25,4500,1781.25,0.0411,4968.75,4312.5,656.25,0.0411,6000,4406.25,1593.75,0.0418,4312.5,3187.5,1125,0.0432,3562.5,2343.75,1218.75,0.0467,3843.75,2437.5,1406.25,0.085,6000,4031.25,1968.75,,,,,,,,,,,,,,,,,,,,,,,,,,,,,,,,,,,,,,,,,,,,,,,,,,,,,,,,,,,,,,,,,,,,,,,,,,,,,,,,,,,,,,,,,,,,,,,,,,,,,,,,,,,,,,,,,,,,,,,,,,,,
GC-BCVI-BOSK-25-25,f,14,9,36,2,0.359,5437.5,3281.25,2156.25,0.011,3937.5,3937.5,0,0.0153,4312.5,4312.5,0,0.0192,4687.5,4406.25,281.25,0.0148,4125,4125,0,0.017,5250,4406.25,843.75,0.0175,5250,4593.75,656.25,0.0247,5437.5,4406.25,1031.25,0.0586,4406.25,3281.25,1125,0.051,3937.5,3281.25,656.25,,,,,,,,,,,,,,,,,,,,,,,,,,,,,,,,,,,,,,,,,,,,,,,,,,,,,,,,,,,,,,,,,,,,,,,,,,,,,,,,,,,,,,,,,,,,,,,,,,,,,,,,,,,,,,,,,,,,,,,,,,,,
GC-BCVI-BOSK-25-30,a,14,6,36,3,0.6921,6187.5,2062.5,4125,0.1519,6187.5,3562.5,2625,0.0269,3937.5,3562.5,375,0.0404,4125,3468.75,656.25,0.0464,4406.25,3375,1031.25,0.0591,4687.5,3468.75,1218.75,0.1257,4687.5,2062.5,2625,,,,,,,,,,,,,,,,,,,,,,,,,,,,,,,,,,,,,,,,,,,,,,,,,,,,,,,,,,,,,,,,,,,,,,,,,,,,,,,,,,,,,,,,,,,,,,,,,,,,,,,,,,,,,,,,,,,,,,,,,,,,,,,,,,,,,,,,
GC-BCVI-BOSK-25-32,f,14,10,36,2,0.3612,5531.25,3093.75,2437.5,0.0139,3937.5,3937.5,0,0.0164,4218.75,3843.75,375,0.0184,4593.75,4593.75,0,0.0124,4500,4500,0,0.0174,4968.75,4593.75,375,0.0169,5531.25,5531.25,0,0.0154,5437.5,5437.5,0,0.0169,5531.25,5531.25,0,0.0607,4406.25,3187.5,1218.75,0.0567,4218.75,3093.75,1125,,,,,,,,,,,,,,,,,,,,,,,,,,,,,,,,,,,,,,,,,,,,,,,,,,,,,,,,,,,,,,,,,,,,,,,,,,,,,,,,,,,,,,,,,,,,,,,,,,,,,,,,,,,,,,,,,,,,,,,,
GC-BCVI-BOSK-25-33,f,14,10,36,2,0.3662,5906.25,3093.75,2812.5,0.0209,4312.5,4218.75,93.75,0.0171,4218.75,4031.25,187.5,0.0194,4687.5,4687.5,0,0.0176,4875,4312.5,562.5,0.0176,5156.25,5156.25,0,0.0204,5343.75,5250,93.75,0.018,5531.25,4875,656.25,0.0171,5906.25,4875,1031.25,0.0664,4312.5,3187.5,1125,0.0541,4125,3093.75,1031.25,,,,,,,,,,,,,,,,,,,,,,,,,,,,,,,,,,,,,,,,,,,,,,,,,,,,,,,,,,,,,,,,,,,,,,,,,,,,,,,,,,,,,,,,,,,,,,,,,,,,,,,,,,,,,,,,,,,,,,,,
GC-BCVI-BOSK-25-35,a,14,6,36,3,0.6441,6562.5,2062.5,4500,0.1543,6562.5,3468.75,3093.75,0.0306,4031.25,3562.5,468.75,0.0406,4406.25,3656.25,750,0.0337,4218.75,3843.75,375,0.0412,4687.5,3843.75,843.75,0.1318,4875,2062.5,2812.5,,,,,,,,,,,,,,,,,,,,,,,,,,,,,,,,,,,,,,,,,,,,,,,,,,,,,,,,,,,,,,,,,,,,,,,,,,,,,,,,,,,,,,,,,,,,,,,,,,,,,,,,,,,,,,,,,,,,,,,,,,,,,,,,,,,,,,,,
GC-BCVI-BOSK-25-36,a,14,6,36,3,0.6139,6375,2343.75,4031.25,0.1518,6375,3562.5,2812.5,0.0333,4031.25,3843.75,187.5,0.0355,4125,3375,750,0.0474,4593.75,4125,468.75,0.0496,4875,4031.25,843.75,0.1103,4875,2343.75,2531.25,,,,,,,,,,,,,,,,,,,,,,,,,,,,,,,,,,,,,,,,,,,,,,,,,,,,,,,,,,,,,,,,,,,,,,,,,,,,,,,,,,,,,,,,,,,,,,,,,,,,,,,,,,,,,,,,,,,,,,,,,,,,,,,,,,,,,,,,
GC-BCVI-BOSK-25-38,f,14,10,36,2,0.3504,6187.5,3000,3187.5,0.0191,4312.5,4312.5,0,0.0146,4125,4031.25,93.75,0.0173,4687.5,4687.5,0,0.0187,5250,4312.5,937.5,0.0191,5437.5,5437.5,0,0.0132,5625,5625,0,0.02,6187.5,5250,937.5,0.0182,6093.75,4781.25,1312.5,0.0564,4218.75,3281.25,937.5,0.051,4125,3000,1125,,,,,,,,,,,,,,,,,,,,,,,,,,,,,,,,,,,,,,,,,,,,,,,,,,,,,,,,,,,,,,,,,,,,,,,,,,,,,,,,,,,,,,,,,,,,,,,,,,,,,,,,,,,,,,,,,,,,,,,,
GC-BCVI-BOSK-25-41,f,14,10,36,2,0.3381,5718.75,2906.25,2812.5,0.0114,3937.5,3937.5,0,0.0137,4218.75,4218.75,0,0.0177,5062.5,3937.5,1125,0.0132,5343.75,5250,93.75,0.0155,5343.75,5343.75,0,0.0168,5343.75,5343.75,0,0.0177,5343.75,5062.5,281.25,0.0155,5718.75,5718.75,0,0.0592,4031.25,2906.25,1125,0.0501,4031.25,3187.5,843.75,,,,,,,,,,,,,,,,,,,,,,,,,,,,,,,,,,,,,,,,,,,,,,,,,,,,,,,,,,,,,,,,,,,,,,,,,,,,,,,,,,,,,,,,,,,,,,,,,,,,,,,,,,,,,,,,,,,,,,,,
GC-BCVI-BOSK-25-44,f,14,9,36,2,0.3406,5531.25,3281.25,2250,0.014,3937.5,3937.5,0,0.0136,3937.5,3937.5,0,0.0191,4687.5,4125,562.5,0.0178,4875,4406.25,468.75,0.0191,5531.25,5531.25,0,0.0127,4875,4875,0,0.0131,4781.25,4781.25,0,0.0665,4125,3562.5,562.5,0.0547,3937.5,3281.25,656.25,,,,,,,,,,,,,,,,,,,,,,,,,,,,,,,,,,,,,,,,,,,,,,,,,,,,,,,,,,,,,,,,,,,,,,,,,,,,,,,,,,,,,,,,,,,,,,,,,,,,,,,,,,,,,,,,,,,,,,,,,,,,
GC-BCVI-BOSK-25-50,g,14,13,36,4,0.7057,6562.5,2625,3937.5,0.0148,4500,4500,0,0.0142,4218.75,3562.5,656.25,0.0174,4312.5,3937.5,375,0.0206,4593.75,4406.25,187.5,0.0206,4781.25,4406.25,375,0.0168,5156.25,5062.5,93.75,0.0155,5718.75,5718.75,0,0.0168,4875,4875,0,0.0458,5906.25,4687.5,1218.75,0.0387,6093.75,4968.75,1125,0.0419,6562.5,4875,1687.5,0.1051,4218.75,2625,1593.75,0.0335,3000,2625,375,,,,,,,,,,,,,,,,,,,,,,,,,,,,,,,,,,,,,,,,,,,,,,,,,,,,,,,,,,,,,,,,,,,,,,,,,,,,,,,,,,,,,,,,,,,,,,,,,,,,,,,,,,,,
GC-BCVI-BOSK-25-52,g,14,5,36,1,0.4037,6656.25,3468.75,3187.5,0.032,3843.75,3468.75,375,0.0379,5812.5,5156.25,656.25,0.0484,6281.25,4406.25,1875,0.0575,6281.25,4875,1406.25,0.0484,6656.25,4968.75,1687.5,,,,,,,,,,,,,,,,,,,,,,,,,,,,,,,,,,,,,,,,,,,,,,,,,,,,,,,,,,,,,,,,,,,,,,,,,,,,,,,,,,,,,,,,,,,,,,,,,,,,,,,,,,,,,,,,,,,,,,,,,,,,,,,,,,,,,,,,,,,,
GC-BCVI-BOSK-25-53,c,14,4,36,1,0.1958,3562.5,2437.5,1125,0.0366,3468.75,2437.5,1031.25,0.0378,3562.5,3468.75,93.75,0.0297,3562.5,2531.25,1031.25,0.0308,3468.75,3468.75,0,,,,,,,,,,,,,,,,,,,,,,,,,,,,,,,,,,,,,,,,,,,,,,,,,,,,,,,,,,,,,,,,,,,,,,,,,,,,,,,,,,,,,,,,,,,,,,,,,,,,,,,,,,,,,,,,,,,,,,,,,,,,,,,,,,,,,,,,,,,,,,,,
GC-BCVI-BOSK-25-55,d,14,5,36,3,0.5062,5343.75,2156.25,3187.5,0.0415,3562.5,2906.25,656.25,0.0347,3468.75,3187.5,281.25,0.0284,3281.25,2437.5,843.75,0.0589,2625,2156.25,468.75,0.1356,5343.75,3093.75,2250,,,,,,,,,,,,,,,,,,,,,,,,,,,,,,,,,,,,,,,,,,,,,,,,,,,,,,,,,,,,,,,,,,,,,,,,,,,,,,,,,,,,,,,,,,,,,,,,,,,,,,,,,,,,,,,,,,,,,,,,,,,,,,,,,,,,,,,,,,,,
GC-BCVI-BOSK-25-57,g,14,6,36,4,0.6475,6187.5,2531.25,3656.25,0.0431,4687.5,3281.25,1406.25,0.047,5906.25,4593.75,1312.5,0.0521,6187.5,4687.5,1500,0.0612,6187.5,4781.25,1406.25,0.1099,4218.75,2531.25,1687.5,0.0499,3093.75,2812.5,281.25,,,,,,,,,,,,,,,,,,,,,,,,,,,,,,,,,,,,,,,,,,,,,,,,,,,,,,,,,,,,,,,,,,,,,,,,,,,,,,,,,,,,,,,,,,,,,,,,,,,,,,,,,,,,,,,,,,,,,,,,,,,,,,,,,,,,,,,,
GC-BCVI-BOSK-25-64,h,14,10,36,5,1.2485,7406.25,2062.5,5343.75,0.0878,7406.25,3000,4406.25,0.0275,5062.5,4875,187.5,0.0563,5250,4593.75,656.25,0.1258,4031.25,2437.5,1593.75,0.0498,5531.25,4312.5,1218.75,0.0511,5718.75,4218.75,1500,0.0445,5531.25,4406.25,1125,0.0406,3000,2062.5,937.5,0.0393,2531.25,2062.5,468.75,0.0445,2718.75,2156.25,562.5,,,,,,,,,,,,,,,,,,,,,,,,,,,,,,,,,,,,,,,,,,,,,,,,,,,,,,,,,,,,,,,,,,,,,,,,,,,,,,,,,,,,,,,,,,,,,,,,,,,,,,,,,,,,,,,,,,,,,,,,
GC-BCVI-BOSK-25-65,e,14,9,36,5,0.883,6562.5,2437.5,4125,0.1982,4875,4312.5,562.5,0.0378,4218.75,3093.75,1125,0.0745,6562.5,4593.75,1968.75,0.0535,4875,2531.25,2343.75,0.0503,5250,4406.25,843.75,0.0357,4500,3468.75,1031.25,0.0294,3937.5,2718.75,1218.75,0.0357,3656.25,2437.5,1218.75,0.0283,3281.25,2718.75,562.5,,,,,,,,,,,,,,,,,,,,,,,,,,,,,,,,,,,,,,,,,,,,,,,,,,,,,,,,,,,,,,,,,,,,,,,,,,,,,,,,,,,,,,,,,,,,,,,,,,,,,,,,,,,,,,,,,,,,,,,,,,,,
GC-BCVI-BOSK-25-69,h,14,3,36,2,0.2504,5250,2625,2625,0.0369,5156.25,4593.75,562.5,0.0315,5250,5062.5,187.5,0.1085,3562.5,2625,937.5,,,,,,,,,,,,,,,,,,,,,,,,,,,,,,,,,,,,,,,,,,,,,,,,,,,,,,,,,,,,,,,,,,,,,,,,,,,,,,,,,,,,,,,,,,,,,,,,,,,,,,,,,,,,,,,,,,,,,,,,,,,,,,,,,,,,,,,,,,,,,,,,,,,,
GC-BCVI-BOSK-25-71,j,14,4,36,2,0.4142,6000,2812.5,3187.5,0.0432,5531.25,4406.25,1125,0.0478,4687.5,4312.5,375,0.0411,4687.5,4218.75,468.75,0.0858,6000,2812.5,3187.5,,,,,,,,,,,,,,,,,,,,,,,,,,,,,,,,,,,,,,,,,,,,,,,,,,,,,,,,,,,,,,,,,,,,,,,,,,,,,,,,,,,,,,,,,,,,,,,,,,,,,,,,,,,,,,,,,,,,,,,,,,,,,,,,,,,,,,,,,,,,,,,,
GC-BCVI-BOSK-25-74,j,14,4,36,2,0.3963,6937.5,3000,3937.5,0.0467,5718.75,4406.25,1312.5,0.0471,4875,4031.25,843.75,0.0427,4781.25,4593.75,187.5,0.0688,6937.5,3000,3937.5,,,,,,,,,,,,,,,,,,,,,,,,,,,,,,,,,,,,,,,,,,,,,,,,,,,,,,,,,,,,,,,,,,,,,,,,,,,,,,,,,,,,,,,,,,,,,,,,,,,,,,,,,,,,,,,,,,,,,,,,,,,,,,,,,,,,,,,,,,,,,,,,
GC-BCVI-BOSK-25-75,c,14,5,36,3,0.6068,7031.25,2062.5,4968.75,0.1549,7031.25,4593.75,2437.5,0.1598,3843.75,2062.5,1781.25,0.0521,5812.5,3750,2062.5,0.0429,5250,3843.75,1406.25,0.0514,5250,2718.75,2531.25,,,,,,,,,,,,,,,,,,,,,,,,,,,,,,,,,,,,,,,,,,,,,,,,,,,,,,,,,,,,,,,,,,,,,,,,,,,,,,,,,,,,,,,,,,,,,,,,,,,,,,,,,,,,,,,,,,,,,,,,,,,,,,,,,,,,,,,,,,,,
GC-BCVI-BOSK-25-76,a,14,6,36,3,0.5536,7500,2156.25,5343.75,0.1551,7500,3281.25,4218.75,0.0303,4125,3281.25,843.75,0.045,4031.25,3281.25,750,0.0466,4781.25,3468.75,1312.5,0.0478,4687.5,4031.25,656.25,0.1298,4125,2156.25,1968.75,,,,,,,,,,,,,,,,,,,,,,,,,,,,,,,,,,,,,,,,,,,,,,,,,,,,,,,,,,,,,,,,,,,,,,,,,,,,,,,,,,,,,,,,,,,,,,,,,,,,,,,,,,,,,,,,,,,,,,,,,,,,,,,,,,,,,,,,
GC-BCVI-BOSK-25-77,c,14,5,36,3,0.6087,6375,2062.5,4312.5,0.1452,6375,3375,3000,0.1621,3656.25,2062.5,1593.75,0.0512,5625,3375,2250,0.0473,5250,3562.5,1687.5,0.0447,4968.75,3468.75,1500,,,,,,,,,,,,,,,,,,,,,,,,,,,,,,,,,,,,,,,,,,,,,,,,,,,,,,,,,,,,,,,,,,,,,,,,,,,,,,,,,,,,,,,,,,,,,,,,,,,,,,,,,,,,,,,,,,,,,,,,,,,,,,,,,,,,,,,,,,,,
GC-BCVI-BOSK-25-79,a,14,7,36,3,0.616,7593.75,2250,5343.75,0.1861,7593.75,3281.25,4312.5,0.033,4125,3281.25,843.75,0.0467,4312.5,3562.5,750,0.0378,4687.5,3562.5,1125,0.0398,4781.25,3562.5,1218.75,0.0419,4968.75,4687.5,281.25,0.1071,4218.75,2250,1968.75,,,,,,,,,,,,,,,,,,,,,,,,,,,,,,,,,,,,,,,,,,,,,,,,,,,,,,,,,,,,,,,,,,,,,,,,,,,,,,,,,,,,,,,,,,,,,,,,,,,,,,,,,,,,,,,,,,,,,,,,,,,,,,,,,,,,
GC-BCVI-BOSK-25-80,c,14,5,36,3,0.6126,6843.75,1968.75,4875,0.1489,6843.75,3281.25,3562.5,0.1712,3468.75,1968.75,1500,0.0499,5531.25,3562.5,1968.75,0.0479,5437.5,3375,2062.5,0.0558,5343.75,2718.75,2625,,,,,,,,,,,,,,,,,,,,,,,,,,,,,,,,,,,,,,,,,,,,,,,,,,,,,,,,,,,,,,,,,,,,,,,,,,,,,,,,,,,,,,,,,,,,,,,,,,,,,,,,,,,,,,,,,,,,,,,,,,,,,,,,,,,,,,,,,,,,
GC-BCVI-BOSK-25-81,b,14,9,36,4,0.7434,7218.75,2437.5,4781.25,0.0447,5531.25,2531.25,3000,0.0411,6843.75,4312.5,2531.25,0.0418,7218.75,4218.75,3000,0.0374,6281.25,4875,1406.25,0.0909,6187.5,4218.75,1968.75,0.0447,4312.5,3468.75,843.75,0.0447,3468.75,2718.75,750,0.0491,3656.25,2437.5,1218.75,,,,,,,,,,,,,,,,,,,,,,,,,,,,,,,,,,,,,,,,,,,,,,,,,,,,,,,,,,,,,,,,,,,,,,,,,,,,,,,,,,,,,,,,,,,,,,,,,,,,,,,,,,,,,,,,,,,,,,,,,,,,,,,,
GC-BCVI-BOSK-25-82,j,14,6,36,3,0.6277,6000,2625,3375,0.0506,5812.5,4500,1312.5,0.0401,4968.75,4031.25,937.5,0.0413,4781.25,4312.5,468.75,0.0746,6000,3093.75,2906.25,0.0438,3937.5,2625,1312.5,0.0419,3937.5,2718.75,1218.75,,,,,,,,,,,,,,,,,,,,,,,,,,,,,,,,,,,,,,,,,,,,,,,,,,,,,,,,,,,,,,,,,,,,,,,,,,,,,,,,,,,,,,,,,,,,,,,,,,,,,,,,,,,,,,,,,,,,,,,,,,,,,,,,,,,,,,,,
GC-BCVI-BOSK-25-83,k,14,3,36,1,0.0886,6468.75,4593.75,1875,0.0195,5906.25,4593.75,1312.5,0.0268,6468.75,4593.75,1875,0.0292,6375,5156.25,1218.75,,,,,,,,,,,,,,,,,,,,,,,,,,,,,,,,,,,,,,,,,,,,,,,,,,,,,,,,,,,,,,,,,,,,,,,,,,,,,,,,,,,,,,,,,,,,,,,,,,,,,,,,,,,,,,,,,,,,,,,,,,,,,,,,,,,,,,,,,,,,,,,,,,,,
GC-BCVI-BOSK-25-85,l,14,3,36,1,0.1366,7031.25,3375,3656.25,0.031,7031.25,3375,3656.25,0.0339,6937.5,6468.75,468.75,0.0213,6562.5,6468.75,93.75,,,,,,,,,,,,,,,,,,,,,,,,,,,,,,,,,,,,,,,,,,,,,,,,,,,,,,,,,,,,,,,,,,,,,,,,,,,,,,,,,,,,,,,,,,,,,,,,,,,,,,,,,,,,,,,,,,,,,,,,,,,,,,,,,,,,,,,,,,,,,,,,,,,,
GC-BCVI-BOSK-25-88,c,14,5,36,3,0.6253,7031.25,2062.5,4968.75,0.1437,7031.25,3375,3656.25,0.124,4312.5,2062.5,2250,0.0466,5906.25,4125,1781.25,0.0433,5250,3281.25,1968.75,0.0492,5156.25,3750,1406.25,,,,,,,,,,,,,,,,,,,,,,,,,,,,,,,,,,,,,,,,,,,,,,,,,,,,,,,,,,,,,,,,,,,,,,,,,,,,,,,,,,,,,,,,,,,,,,,,,,,,,,,,,,,,,,,,,,,,,,,,,,,,,,,,,,,,,,,,,,,,
GC-BCVI-BOSK-25-94,b,14,9,36,4,0.7219,6937.5,2437.5,4500,0.0406,5531.25,4406.25,1125,0.0501,5531.25,4406.25,1125,0.0392,6750,4031.25,2718.75,0.042,6937.5,4687.5,2250,0.0379,6937.5,4312.5,2625,0.0947,6093.75,4500,1593.75,0.0487,4218.75,3468.75,750,0.0467,3656.25,2906.25,750,0.0582,3843.75,2437.5,1406.25,,,,,,,,,,,,,,,,,,,,,,,,,,,,,,,,,,,,,,,,,,,,,,,,,,,,,,,,,,,,,,,,,,,,,,,,,,,,,,,,,,,,,,,,,,,,,,,,,,,,,,,,,,,,,,,,,,,,,,,,,,,,
GC-BCVI-BOSK-25-95,c,14,5,36,3,0.6123,6750,2062.5,4687.5,0.1516,6750,2062.5,4687.5,0.1748,3562.5,2062.5,1500,0.0489,5531.25,3656.25,1875,0.0446,5531.25,2625,2906.25,0.0513,5625,4031.25,1593.75,,,,,,,,,,,,,,,,,,,,,,,,,,,,,,,,,,,,,,,,,,,,,,,,,,,,,,,,,,,,,,,,,,,,,,,,,,,,,,,,,,,,,,,,,,,,,,,,,,,,,,,,,,,,,,,,,,,,,,,,,,,,,,,,,,,,,,,,,,,,
GC-BCVI-BOSK-25-97,b,14,8,36,4,0.8249,6843.75,2343.75,4500,0.0411,5343.75,2718.75,2625,0.0411,5343.75,2718.75,2625,0.0448,6843.75,3937.5,2906.25,0.0401,6093.75,4968.75,1125,0.0401,6093.75,4687.5,1406.25,0.0998,6093.75,3750,2343.75,0.0467,4031.25,3562.5,468.75,0.0551,3750,2531.25,1218.75,0.0523,3656.25,2343.75,1312.5,,,,,,,,,,,,,,,,,,,,,,,,,,,,,,,,,,,,,,,,,,,,,,,,,,,,,,,,,,,,,,,,,,,,,,,,,,,,,,,,,,,,,,,,,,,,,,,,,,,,,,,,,,,,,,,,,,,,,,,,,,,,
GC-BCVI-BOSK-25-98,a,14,6,36,3,0.5695,5906.25,2156.25,3750,0.1462,5906.25,3281.25,2625,0.0249,4125,3750,375,0.03,3843.75,3656.25,187.5,0.0377,4125,3468.75,656.25,0.037,4218.75,3656.25,562.5,0.097,3937.5,2156.25,1781.25,,,,,,,,,,,,,,,,,,,,,,,,,,,,,,,,,,,,,,,,,,,,,,,,,,,,,,,,,,,,,,,,,,,,,,,,,,,,,,,,,,,,,,,,,,,,,,,,,,,,,,,,,,,,,,,,,,,,,,,,,,,,,,,,,,,,,,,,
GC-BCVI-BOSK-25-99,m,14,12,36,4,0.833,5531.25,2531.25,3000,0.1094,5531.25,3562.5,1968.75,0.0267,4500,2531.25,1968.75,0.0316,4593.75,3843.75,750,0.0308,4500,3093.75,1406.25,0.0511,3093.75,2906.25,187.5,0.0373,4875,3843.75,1031.25,0.0308,4687.5,3656.25,1031.25,0.0292,4031.25,3281.25,750,0.0267,3750,2625,1125,0.0308,3468.75,2625,843.75,0.0316,3468.75,2531.25,937.5,0.0284,3281.25,2812.5,468.75,,,,,,,,,,,,,,,,,,,,,,,,,,,,,,,,,,,,,,,,,,,,,,,,,,,,,,,,,,,,,,,,,,,,,,,,,,,,,,,,,,,,,,,,,,,,,,,,,,,,,,,,,,,,,,,,
GC-BCVI-BOSK-25-102,n,14,8,36,4,0.8874,5812.5,2250,3562.5,0.1043,5437.5,3000,2437.5,0.0693,4875,3562.5,1312.5,0.1377,4593.75,2437.5,2156.25,0.044,5812.5,4406.25,1406.25,0.0473,5531.25,3562.5,1968.75,0.0432,4218.75,3093.75,1125,0.0424,3562.5,2343.75,1218.75,0.0522,3562.5,2250,1312.5,,,,,,,,,,,,,,,,,,,,,,,,,,,,,,,,,,,,,,,,,,,,,,,,,,,,,,,,,,,,,,,,,,,,,,,,,,,,,,,,,,,,,,,,,,,,,,,,,,,,,,,,,,,,,,,,,,,,,,,,,,,,,,,,
GC-BCVI-BOSK-25-107,n,14,8,36,4,0.853,5625,2156.25,3468.75,0.1061,5343.75,2625,2718.75,0.0699,4875,3187.5,1687.5,0.1474,3375,2250,1125,0.0463,5437.5,3281.25,2156.25,0.048,5625,4312.5,1312.5,0.0354,4500,3281.25,1218.75,0.0446,3093.75,2250,843.75,0.0488,2812.5,2156.25,656.25,,,,,,,,,,,,,,,,,,,,,,,,,,,,,,,,,,,,,,,,,,,,,,,,,,,,,,,,,,,,,,,,,,,,,,,,,,,,,,,,,,,,,,,,,,,,,,,,,,,,,,,,,,,,,,,,,,,,,,,,,,,,,,,,
GC-BCVI-BOSK-25-111,h,14,4,36,4,0.7175,5250,2343.75,2906.25,0.1151,5250,3000,2250,0.0297,4031.25,3187.5,843.75,0.1589,4687.5,2906.25,1781.25,0.0594,4125,2343.75,1781.25,0.1151,4687.5,2437.5,2250,,,,,,,,,,,,,,,,,,,,,,,,,,,,,,,,,,,,,,,,,,,,,,,,,,,,,,,,,,,,,,,,,,,,,,,,,,,,,,,,,,,,,,,,,,,,,,,,,,,,,,,,,,,,,,,,,,,,,,,,,,,,,,,,,,,,,,,,,,,,
GC-BCVI-BOSK-25-114,h,14,16,36,9,1.7919,6000,2156.25,3843.75,0.1031,6000,2906.25,3093.75,0.0297,3000,2625,375,0.0375,3000,2625,375,0.0344,3468.75,3000,468.75,0.0422,5718.75,4500,1218.75,0.0469,5531.25,4875,656.25,0.1328,3750,2437.5,1312.5,0.0437,5531.25,4500,1031.25,0.0453,5437.5,4218.75,1218.75,0.0516,5343.75,4406.25,937.5,0.0594,3656.25,2250,1406.25,0.0469,2437.5,2250,187.5,0.0469,2437.5,2156.25,281.25,0.1921,5062.5,2437.5,2625,0.0656,4031.25,2250,1781.25,0.1125,4781.25,2250,2531.25,,,,,,,,,,,,,,,,,,,,,,,,,,,,,,,,,,,,,,,,,,,,,,,,,,,,,,,,,,,,,,,,,,,,,,,,,,,,,,,,,,,,,,,,,,,,,,,,
GC-BCVI-BSRO-25-1,a,11,5,35,4,0.5833,5906.25,2062.5,3843.75,0.1845,4968.75,2718.75,2250,0.0417,3281.25,2156.25,1125,0.0405,3187.5,2062.5,1125,0.0345,2812.5,2156.25,656.25,0.1792,5906.25,2718.75,3187.5,,,,,,,,,,,,,,,,,,,,,,,,,,,,,,,,,,,,,,,,,,,,,,,,,,,,,,,,,,,,,,,,,,,,,,,,,,,,,,,,,,,,,,,,,,,,,,,,,,,,,,,,,,,,,,,,,,,,,,,,,,,,,,,,,,,,,,,,,,,,
GC-BCVI-BSRO-25-2,b,11,6,35,3,0.7144,6093.75,2156.25,3937.5,0.0736,6093.75,3093.75,3000,0.0659,6093.75,4500,1593.75,0.0561,3375,2156.25,1218.75,0.0505,3656.25,2437.5,1218.75,0.0568,3562.5,2343.75,1218.75,0.1227,5906.25,3468.75,2437.5,,,,,,,,,,,,,,,,,,,,,,,,,,,,,,,,,,,,,,,,,,,,,,,,,,,,,,,,,,,,,,,,,,,,,,,,,,,,,,,,,,,,,,,,,,,,,,,,,,,,,,,,,,,,,,,,,,,,,,,,,,,,,,,,,,,,,,,,
GC-BCVI-BSRO-25-4,b,11,6,35,3,0.7555,6093.75,2437.5,3656.25,0.0897,5718.75,4687.5,1031.25,0.0883,6000,4031.25,1968.75,0.0605,3656.25,2531.25,1125,0.0487,3750,2531.25,1218.75,0.0452,3750,2437.5,1312.5,0.1336,6093.75,3656.25,2437.5,,,,,,,,,,,,,,,,,,,,,,,,,,,,,,,,,,,,,,,,,,,,,,,,,,,,,,,,,,,,,,,,,,,,,,,,,,,,,,,,,,,,,,,,,,,,,,,,,,,,,,,,,,,,,,,,,,,,,,,,,,,,,,,,,,,,,,,,
GC-BCVI-BSRO-25-5,b,11,6,35,3,0.715,6093.75,2437.5,3656.25,0.0773,6093.75,2812.5,3281.25,0.0573,5437.5,3656.25,1781.25,0.06,4875,2812.5,2062.5,0.0628,3468.75,2437.5,1031.25,0.0594,3750,2437.5,1312.5,0.1284,5343.75,2812.5,2531.25,,,,,,,,,,,,,,,,,,,,,,,,,,,,,,,,,,,,,,,,,,,,,,,,,,,,,,,,,,,,,,,,,,,,,,,,,,,,,,,,,,,,,,,,,,,,,,,,,,,,,,,,,,,,,,,,,,,,,,,,,,,,,,,,,,,,,,,,
GC-BCVI-BSRO-25-6,c,11,7,35,3,0.6238,5625,2437.5,3187.5,0.0469,5531.25,2625,2906.25,0.0489,5343.75,3093.75,2250,0.0274,4218.75,3468.75,750,0.0261,3843.75,3000,843.75,0.0267,3750,2437.5,1312.5,0.0254,3562.5,2531.25,1031.25,0.1851,5625,2437.5,3187.5,,,,,,,,,,,,,,,,,,,,,,,,,,,,,,,,,,,,,,,,,,,,,,,,,,,,,,,,,,,,,,,,,,,,,,,,,,,,,,,,,,,,,,,,,,,,,,,,,,,,,,,,,,,,,,,,,,,,,,,,,,,,,,,,,,,,
GC-BCVI-BSRO-25-7,a,11,4,35,2,0.3894,5062.5,2062.5,3000,0.1458,5062.5,2531.25,2531.25,0.0486,3468.75,2343.75,1125,0.0337,2718.75,2250,468.75,0.0525,3375,2062.5,1312.5,,,,,,,,,,,,,,,,,,,,,,,,,,,,,,,,,,,,,,,,,,,,,,,,,,,,,,,,,,,,,,,,,,,,,,,,,,,,,,,,,,,,,,,,,,,,,,,,,,,,,,,,,,,,,,,,,,,,,,,,,,,,,,,,,,,,,,,,,,,,,,,,
GC-BCVI-BSRO-25-8,b,11,2,35,1,0.1925,6000,2625,3375,0.0984,5718.75,2625,3093.75,0.0976,6000,4406.25,1593.75,,,,,,,,,,,,,,,,,,,,,,,,,,,,,,,,,,,,,,,,,,,,,,,,,,,,,,,,,,,,,,,,,,,,,,,,,,,,,,,,,,,,,,,,,,,,,,,,,,,,,,,,,,,,,,,,,,,,,,,,,,,,,,,,,,,,,,,,,,,,,,,,,,,,,,,,
GC-BCVI-BSRO-25-9,c,11,7,35,3,0.6338,5625,2531.25,3093.75,0.0457,5625,2812.5,2812.5,0.0495,5437.5,4031.25,1406.25,0.0332,4312.5,3375,937.5,0.0382,4125,3093.75,1031.25,0.042,3843.75,2531.25,1312.5,0.0344,3562.5,2531.25,1031.25,0.1703,5625,2531.25,3093.75,,,,,,,,,,,,,,,,,,,,,,,,,,,,,,,,,,,,,,,,,,,,,,,,,,,,,,,,,,,,,,,,,,,,,,,,,,,,,,,,,,,,,,,,,,,,,,,,,,,,,,,,,,,,,,,,,,,,,,,,,,,,,,,,,,,,
GC-BCVI-BSRO-25-10,b,11,5,35,2,0.4686,5906.25,2437.5,3468.75,0.0646,5906.25,3375,2531.25,0.0759,5531.25,3562.5,1968.75,0.0652,3656.25,2531.25,1125,0.049,3468.75,2437.5,1031.25,0.0496,3562.5,2437.5,1125,,,,,,,,,,,,,,,,,,,,,,,,,,,,,,,,,,,,,,,,,,,,,,,,,,,,,,,,,,,,,,,,,,,,,,,,,,,,,,,,,,,,,,,,,,,,,,,,,,,,,,,,,,,,,,,,,,,,,,,,,,,,,,,,,,,,,,,,,,,,
GC-BCVI-BSRO-25-11,d,11,2,35,2,0.3966,6375,3656.25,2718.75,0.1177,6375,3937.5,2437.5,0.1022,5062.5,3656.25,1406.25,,,,,,,,,,,,,,,,,,,,,,,,,,,,,,,,,,,,,,,,,,,,,,,,,,,,,,,,,,,,,,,,,,,,,,,,,,,,,,,,,,,,,,,,,,,,,,,,,,,,,,,,,,,,,,,,,,,,,,,,,,,,,,,,,,,,,,,,,,,,,,,,,,,,,,,,
GC-BCVI-BSRO-25-12,a,11,5,35,3,0.622,7406.25,2156.25,5250,0.1755,5062.5,2625,2437.5,0.0471,3375,2343.75,1031.25,0.0417,2906.25,2156.25,750,0.0383,3000,2156.25,843.75,0.1822,7406.25,2531.25,4875,,,,,,,,,,,,,,,,,,,,,,,,,,,,,,,,,,,,,,,,,,,,,,,,,,,,,,,,,,,,,,,,,,,,,,,,,,,,,,,,,,,,,,,,,,,,,,,,,,,,,,,,,,,,,,,,,,,,,,,,,,,,,,,,,,,,,,,,,,,,
GC-BCVI-BSRO-25-13,c,11,7,35,3,0.6045,5718.75,2343.75,3375,0.0478,5718.75,3375,2343.75,0.0459,5437.5,4218.75,1218.75,0.0368,4500,2718.75,1781.25,0.0239,3937.5,2812.5,1125,0.0355,3375,2343.75,1031.25,0.0375,3281.25,2343.75,937.5,0.1866,5718.75,2437.5,3281.25,,,,,,,,,,,,,,,,,,,,,,,,,,,,,,,,,,,,,,,,,,,,,,,,,,,,,,,,,,,,,,,,,,,,,,,,,,,,,,,,,,,,,,,,,,,,,,,,,,,,,,,,,,,,,,,,,,,,,,,,,,,,,,,,,,,,
GC-BCVI-BSRO-25-14,a,11,5,35,4,0.6221,5718.75,1968.75,3750,0.1714,5250,2531.25,2718.75,0.0467,3375,2343.75,1031.25,0.0408,3375,2062.5,1312.5,0.0394,3281.25,1968.75,1312.5,0.1904,5718.75,2437.5,3281.25,,,,,,,,,,,,,,,,,,,,,,,,,,,,,,,,,,,,,,,,,,,,,,,,,,,,,,,,,,,,,,,,,,,,,,,,,,,,,,,,,,,,,,,,,,,,,,,,,,,,,,,,,,,,,,,,,,,,,,,,,,,,,,,,,,,,,,,,,,,,
GC-BCVI-BSRO-25-15,b,11,6,35,3,0.7178,6000,2531.25,3468.75,0.0796,5812.5,2906.25,2906.25,0.084,5812.5,4125,1687.5,0.0722,4125,2531.25,1593.75,0.0509,3656.25,2812.5,843.75,0.0575,3468.75,2531.25,937.5,0.14,6000,3562.5,2437.5,,,,,,,,,,,,,,,,,,,,,,,,,,,,,,,,,,,,,,,,,,,,,,,,,,,,,,,,,,,,,,,,,,,,,,,,,,,,,,,,,,,,,,,,,,,,,,,,,,,,,,,,,,,,,,,,,,,,,,,,,,,,,,,,,,,,,,,,
GC-BCVI-BSRO-25-16,c,11,7,35,3,0.623,5812.5,2437.5,3375,0.0493,5625,4125,1500,0.0532,5437.5,4125,1312.5,0.0361,4593.75,2531.25,2062.5,0.0381,4031.25,3000,1031.25,0.0342,3750,2531.25,1218.75,0.0322,3562.5,2531.25,1031.25,0.1906,5812.5,2437.5,3375,,,,,,,,,,,,,,,,,,,,,,,,,,,,,,,,,,,,,,,,,,,,,,,,,,,,,,,,,,,,,,,,,,,,,,,,,,,,,,,,,,,,,,,,,,,,,,,,,,,,,,,,,,,,,,,,,,,,,,,,,,,,,,,,,,,,
GC-BCVI-BSRO-25-17,b,11,6,35,3,0.7274,5906.25,2437.5,3468.75,0.0816,5906.25,3187.5,2718.75,0.0703,5437.5,4125,1312.5,0.0539,4125,2906.25,1218.75,0.0651,3562.5,2437.5,1125,0.0509,3562.5,2437.5,1125,0.1325,5812.5,3468.75,2343.75,,,,,,,,,,,,,,,,,,,,,,,,,,,,,,,,,,,,,,,,,,,,,,,,,,,,,,,,,,,,,,,,,,,,,,,,,,,,,,,,,,,,,,,,,,,,,,,,,,,,,,,,,,,,,,,,,,,,,,,,,,,,,,,,,,,,,,,,
GC-BCVI-BSRO-25-18,c,11,7,35,3,0.6571,6281.25,2250,4031.25,0.0675,5625,2343.75,3281.25,0.0526,5343.75,2531.25,2812.5,0.0341,4500,2718.75,1781.25,0.0291,3937.5,2625,1312.5,0.0327,3656.25,2250,1406.25,0.0298,3468.75,2250,1218.75,0.2018,6281.25,2437.5,3843.75,,,,,,,,,,,,,,,,,,,,,,,,,,,,,,,,,,,,,,,,,,,,,,,,,,,,,,,,,,,,,,,,,,,,,,,,,,,,,,,,,,,,,,,,,,,,,,,,,,,,,,,,,,,,,,,,,,,,,,,,,,,,,,,,,,,,
GC-BCVI-BSRO-25-19,a,11,5,35,4,0.6275,5812.5,2062.5,3750,0.1797,5156.25,2906.25,2250,0.0542,3562.5,2437.5,1125,0.0437,2718.75,2062.5,656.25,0.0285,2906.25,2062.5,843.75,0.2073,5812.5,2531.25,3281.25,,,,,,,,,,,,,,,,,,,,,,,,,,,,,,,,,,,,,,,,,,,,,,,,,,,,,,,,,,,,,,,,,,,,,,,,,,,,,,,,,,,,,,,,,,,,,,,,,,,,,,,,,,,,,,,,,,,,,,,,,,,,,,,,,,,,,,,,,,,,
GC-BCVI-BSRO-25-20,a,11,5,35,4,0.6427,5718.75,2156.25,3562.5,0.1962,5156.25,2437.5,2718.75,0.0594,3000,2437.5,562.5,0.0407,2906.25,2156.25,750,0.0414,3093.75,2250,843.75,0.1923,5718.75,2437.5,3281.25,,,,,,,,,,,,,,,,,,,,,,,,,,,,,,,,,,,,,,,,,,,,,,,,,,,,,,,,,,,,,,,,,,,,,,,,,,,,,,,,,,,,,,,,,,,,,,,,,,,,,,,,,,,,,,,,,,,,,,,,,,,,,,,,,,,,,,,,,,,,
GC-BCVI-BSRO-25-21,c,11,7,35,3,0.6494,6375,2531.25,3843.75,0.0471,5625,3375,2250,0.0447,5343.75,3937.5,1406.25,0.0351,4406.25,3281.25,1125,0.0359,4031.25,2906.25,1125,0.0431,3656.25,2625,1031.25,0.0383,3468.75,2531.25,937.5,0.1859,6375,2531.25,3843.75,,,,,,,,,,,,,,,,,,,,,,,,,,,,,,,,,,,,,,,,,,,,,,,,,,,,,,,,,,,,,,,,,,,,,,,,,,,,,,,,,,,,,,,,,,,,,,,,,,,,,,,,,,,,,,,,,,,,,,,,,,,,,,,,,,,,
GC-BCVI-BSRO-25-22,e,11,5,35,3,0.4303,6468.75,2250,4218.75,0.1392,6468.75,3375,3093.75,0.211,5343.75,3375,1968.75,0.0464,3468.75,2437.5,1031.25,0.0621,3750,2437.5,1312.5,0.0561,3843.75,2250,1593.75,,,,,,,,,,,,,,,,,,,,,,,,,,,,,,,,,,,,,,,,,,,,,,,,,,,,,,,,,,,,,,,,,,,,,,,,,,,,,,,,,,,,,,,,,,,,,,,,,,,,,,,,,,,,,,,,,,,,,,,,,,,,,,,,,,,,,,,,,,,,
GC-BCVI-BSRO-25-23,f,11,14,35,9,2.8739,7968.75,2250,5718.75,0.1412,6750,3187.5,3562.5,0.3722,5625,3468.75,2156.25,0.055,5250,3281.25,1968.75,0.0587,3375,2437.5,937.5,0.0807,3375,2437.5,937.5,0.0532,3281.25,2625,656.25,0.088,3375,2531.25,843.75,0.1412,5062.5,4125,937.5,0.1027,3375,2250,1125,0.3411,7968.75,3000,4968.75,0.0715,6000,3562.5,2437.5,0.088,6187.5,4312.5,1875,0.0862,3375,2812.5,562.5,0.0917,3562.5,2906.25,656.25,,,,,,,,,,,,,,,,,,,,,,,,,,,,,,,,,,,,,,,,,,,,,,,,,,,,,,,,,,,,,,,,,,,,,,,,,,,,,,,,,,,,,,,,,,,,,,,,,,,,,,,,
GC-BCVI-BSRO-25-25,g,11,4,35,2,0.4811,6468.75,2718.75,3750,0.0849,6468.75,4781.25,1687.5,0.061,5718.75,5156.25,562.5,0.0693,6468.75,5062.5,1406.25,0.1493,3375,2718.75,656.25,,,,,,,,,,,,,,,,,,,,,,,,,,,,,,,,,,,,,,,,,,,,,,,,,,,,,,,,,,,,,,,,,,,,,,,,,,,,,,,,,,,,,,,,,,,,,,,,,,,,,,,,,,,,,,,,,,,,,,,,,,,,,,,,,,,,,,,,,,,,,,,,
GC-BCVI-BSRO-25-26,b,11,6,35,3,0.6923,6375,2343.75,4031.25,0.0668,5812.5,3187.5,2625,0.0751,6375,4218.75,2156.25,0.0751,4500,2437.5,2062.5,0.0656,3375,2343.75,1031.25,0.0489,3375,2343.75,1031.25,0.1234,6375,3656.25,2718.75,,,,,,,,,,,,,,,,,,,,,,,,,,,,,,,,,,,,,,,,,,,,,,,,,,,,,,,,,,,,,,,,,,,,,,,,,,,,,,,,,,,,,,,,,,,,,,,,,,,,,,,,,,,,,,,,,,,,,,,,,,,,,,,,,,,,,,,,
GC-BCVI-BSRO-25-27,b,11,6,35,3,0.7366,6187.5,2437.5,3750,0.0834,6093.75,2625,3468.75,0.0756,5250,3375,1875,0.072,4312.5,2718.75,1593.75,0.0599,3375,2437.5,937.5,0.0585,3375,2531.25,843.75,0.1148,6187.5,3375,2812.5,,,,,,,,,,,,,,,,,,,,,,,,,,,,,,,,,,,,,,,,,,,,,,,,,,,,,,,,,,,,,,,,,,,,,,,,,,,,,,,,,,,,,,,,,,,,,,,,,,,,,,,,,,,,,,,,,,,,,,,,,,,,,,,,,,,,,,,,
GC-BCVI-BSRO-25-29,g,11,2,35,1,0.1466,5625,3000,2625,0.0592,5625,3000,2625,0.0675,5531.25,4500,1031.25,,,,,,,,,,,,,,,,,,,,,,,,,,,,,,,,,,,,,,,,,,,,,,,,,,,,,,,,,,,,,,,,,,,,,,,,,,,,,,,,,,,,,,,,,,,,,,,,,,,,,,,,,,,,,,,,,,,,,,,,,,,,,,,,,,,,,,,,,,,,,,,,,,,,,,,,
GC-BCVI-BSRO-25-31,h,11,12,35,4,1.4056,7406.25,2156.25,5250,0.1018,4218.75,2718.75,1500,0.0373,5250,3093.75,2156.25,0.0435,5531.25,3093.75,2437.5,0.0472,5625,4687.5,937.5,0.0484,5906.25,4687.5,1218.75,0.0981,4031.25,2156.25,1875,0.154,7406.25,4125,3281.25,0.0373,4125,3375,750,0.0286,3562.5,3000,562.5,0.0397,3281.25,2812.5,468.75,0.0335,3281.25,2531.25,750,0.0397,3187.5,2625,562.5,,,,,,,,,,,,,,,,,,,,,,,,,,,,,,,,,,,,,,,,,,,,,,,,,,,,,,,,,,,,,,,,,,,,,,,,,,,,,,,,,,,,,,,,,,,,,,,,,,,,,,,,,,,,,,,,
GC-BCVI-BSRO-25-32,i,11,13,35,4,1.2111,6562.5,2062.5,4500,0.1588,6093.75,3000,3093.75,0.0472,3562.5,2718.75,843.75,0.0504,4031.25,2906.25,1125,0.0451,3656.25,2906.25,750,0.03,6375,4500,1875,0.0322,6562.5,3750,2812.5,0.0268,6093.75,4031.25,2062.5,0.0279,6000,3375,2625,0.0279,6093.75,3281.25,2812.5,0.0343,5718.75,4500,1218.75,0.074,2906.25,2062.5,843.75,0.0912,2812.5,2156.25,656.25,0.0869,2906.25,2250,656.25,,,,,,,,,,,,,,,,,,,,,,,,,,,,,,,,,,,,,,,,,,,,,,,,,,,,,,,,,,,,,,,,,,,,,,,,,,,,,,,,,,,,,,,,,,,,,,,,,,,,,,,,,,,,
GC-BCVI-BSRO-25-33,i,11,13,35,4,1.2072,7500,2062.5,5437.5,0.1622,7500,2906.25,4593.75,0.0481,3562.5,2906.25,656.25,0.038,3562.5,2906.25,656.25,0.0414,3375,2906.25,468.75,0.0257,6937.5,4312.5,2625,0.0414,6750,3750,3000,0.0336,7031.25,4781.25,2250,0.0302,6281.25,5062.5,1218.75,0.0291,6281.25,3281.25,3000,0.028,5437.5,4593.75,843.75,0.0694,2812.5,2062.5,750,0.075,2812.5,2156.25,656.25,0.0783,2906.25,2343.75,562.5,,,,,,,,,,,,,,,,,,,,,,,,,,,,,,,,,,,,,,,,,,,,,,,,,,,,,,,,,,,,,,,,,,,,,,,,,,,,,,,,,,,,,,,,,,,,,,,,,,,,,,,,,,,,
GC-BCVI-BSRO-25-34,i,11,13,35,4,1.2243,7687.5,2156.25,5531.25,0.1615,7687.5,3000,4687.5,0.0415,3468.75,2906.25,562.5,0.0458,3468.75,2718.75,750,0.0447,3375,2812.5,562.5,0.0316,6656.25,3937.5,2718.75,0.0306,6187.5,4031.25,2156.25,0.0295,6468.75,3562.5,2906.25,0.0273,6187.5,4968.75,1218.75,0.0338,6468.75,4968.75,1500,0.0251,5531.25,5343.75,187.5,0.0753,2812.5,2250,562.5,0.0818,2812.5,2156.25,656.25,0.0676,2906.25,2625,281.25,,,,,,,,,,,,,,,,,,,,,,,,,,,,,,,,,,,,,,,,,,,,,,,,,,,,,,,,,,,,,,,,,,,,,,,,,,,,,,,,,,,,,,,,,,,,,,,,,,,,,,,,,,,,
GC-BCVI-BSRO-25-35,j,11,7,35,5,1.1543,9187.5,2718.75,6468.75,0.0535,9187.5,3937.5,5250,0.0515,5531.25,4500,1031.25,0.0659,4218.75,2718.75,1500,0.0988,6562.5,4687.5,1875,0.2399,4875,3187.5,1687.5,0.0834,5250,4312.5,937.5,0.0865,5437.5,4406.25,1031.25,,,,,,,,,,,,,,,,,,,,,,,,,,,,,,,,,,,,,,,,,,,,,,,,,,,,,,,,,,,,,,,,,,,,,,,,,,,,,,,,,,,,,,,,,,,,,,,,,,,,,,,,,,,,,,,,,,,,,,,,,,,,,,,,,,,,
GC-BCVI-BSRO-25-36,h,11,6,35,2,0.7133,6281.25,2156.25,4125,0.1311,4125,2156.25,1968.75,0.0473,6281.25,4312.5,1968.75,0.0523,5531.25,4500,1031.25,0.0551,5531.25,4218.75,1312.5,0.0559,5812.5,4500,1312.5,0.1418,3468.75,2156.25,1312.5,,,,,,,,,,,,,,,,,,,,,,,,,,,,,,,,,,,,,,,,,,,,,,,,,,,,,,,,,,,,,,,,,,,,,,,,,,,,,,,,,,,,,,,,,,,,,,,,,,,,,,,,,,,,,,,,,,,,,,,,,,,,,,,,,,,,,,,,
GC-BCVI-BSRO-25-37,k,11,9,35,5,1.4601,7218.75,2250,4968.75,0.0949,6375,2625,3750,0.0741,6375,4125,2250,0.0624,6000,4593.75,1406.25,0.0702,6281.25,4968.75,1312.5,0.0442,5531.25,4781.25,750,0.0442,4968.75,4125,843.75,0.2093,4593.75,2250,2343.75,0.0468,6750,4875,1875,0.0481,7218.75,5718.75,1500,,,,,,,,,,,,,,,,,,,,,,,,,,,,,,,,,,,,,,,,,,,,,,,,,,,,,,,,,,,,,,,,,,,,,,,,,,,,,,,,,,,,,,,,,,,,,,,,,,,,,,,,,,,,,,,,,,,,,,,,,,,,
GC-BCVI-BSRO-25-38,j,11,2,35,1,0.1317,6000,4875,1125,0.0579,6000,4875,1125,0.0543,5437.5,4875,562.5,,,,,,,,,,,,,,,,,,,,,,,,,,,,,,,,,,,,,,,,,,,,,,,,,,,,,,,,,,,,,,,,,,,,,,,,,,,,,,,,,,,,,,,,,,,,,,,,,,,,,,,,,,,,,,,,,,,,,,,,,,,,,,,,,,,,,,,,,,,,,,,,,,,,,,,,
GC-BCVI-BSRO-25-39,h,11,6,35,2,0.694,6187.5,2156.25,4031.25,0.1118,4781.25,2906.25,1875,0.0455,6187.5,4406.25,1781.25,0.0471,5812.5,4406.25,1406.25,0.0519,5812.5,4593.75,1218.75,0.0567,5531.25,3656.25,1875,0.0958,3468.75,2156.25,1312.5,,,,,,,,,,,,,,,,,,,,,,,,,,,,,,,,,,,,,,,,,,,,,,,,,,,,,,,,,,,,,,,,,,,,,,,,,,,,,,,,,,,,,,,,,,,,,,,,,,,,,,,,,,,,,,,,,,,,,,,,,,,,,,,,,,,,,,,,
GC-BCVI-BSRO-25-42,i,11,13,35,4,1.268,7500,2156.25,5343.75,0.166,7500,3656.25,3843.75,0.0478,3375,2625,750,0.0534,3656.25,2906.25,750,0.058,3562.5,2812.5,750,0.0318,6281.25,4218.75,2062.5,0.0364,6468.75,3656.25,2812.5,0.0364,6468.75,3656.25,2812.5,0.0307,6375,4968.75,1406.25,0.0341,6468.75,4687.5,1781.25,0.0307,5437.5,4406.25,1031.25,0.0751,2718.75,2250,468.75,0.0853,2718.75,2156.25,562.5,0.0819,2718.75,2156.25,562.5,,,,,,,,,,,,,,,,,,,,,,,,,,,,,,,,,,,,,,,,,,,,,,,,,,,,,,,,,,,,,,,,,,,,,,,,,,,,,,,,,,,,,,,,,,,,,,,,,,,,,,,,,,,,
GC-BCVI-BSRO-25-43,j,11,3,35,2,0.7209,6750,2718.75,4031.25,0.0588,6000,4125,1875,0.0574,5437.5,4218.75,1218.75,0.0531,4406.25,2718.75,1687.5,0.0928,6750,4031.25,2718.75,,,,,,,,,,,,,,,,,,,,,,,,,,,,,,,,,,,,,,,,,,,,,,,,,,,,,,,,,,,,,,,,,,,,,,,,,,,,,,,,,,,,,,,,,,,,,,,,,,,,,,,,,,,,,,,,,,,,,,,,,,,,,,,,,,,,,,,,,,,,,,,,
GC-BCVI-BSRO-25-44,i,11,13,35,4,1.2255,6656.25,2156.25,4500,0.1652,6656.25,3187.5,3468.75,0.0451,3562.5,2906.25,656.25,0.0484,3656.25,2625,1031.25,0.0495,3562.5,2906.25,656.25,0.0275,6656.25,5437.5,1218.75,0.0319,5812.5,3468.75,2343.75,0.033,6187.5,3656.25,2531.25,0.0363,5812.5,4781.25,1031.25,0.0264,6000,4687.5,1312.5,0.0286,5343.75,4687.5,656.25,0.0793,2906.25,2156.25,750,0.0804,2812.5,2250,562.5,0.0749,3281.25,2250,1031.25,,,,,,,,,,,,,,,,,,,,,,,,,,,,,,,,,,,,,,,,,,,,,,,,,,,,,,,,,,,,,,,,,,,,,,,,,,,,,,,,,,,,,,,,,,,,,,,,,,,,,,,,,,,,
GC-BCVI-BSRO-25-45,a,11,1,35,1,0.1522,5531.25,3843.75,1687.5,0.1522,5531.25,3843.75,1687.5,,,,,,,,,,,,,,,,,,,,,,,,,,,,,,,,,,,,,,,,,,,,,,,,,,,,,,,,,,,,,,,,,,,,,,,,,,,,,,,,,,,,,,,,,,,,,,,,,,,,,,,,,,,,,,,,,,,,,,,,,,,,,,,,,,,,,,,,,,,,,,,,,,,,,,,,,,,,
GC-BCVI-BSRO-25-46,j,11,4,35,3,0.6538,8062.5,2906.25,5156.25,0.0811,8062.5,5531.25,2531.25,0.2445,5156.25,2906.25,2250,0.0863,5718.75,4312.5,1406.25,0.0863,5718.75,3656.25,2062.5,,,,,,,,,,,,,,,,,,,,,,,,,,,,,,,,,,,,,,,,,,,,,,,,,,,,,,,,,,,,,,,,,,,,,,,,,,,,,,,,,,,,,,,,,,,,,,,,,,,,,,,,,,,,,,,,,,,,,,,,,,,,,,,,,,,,,,,,,,,,,,,,
GC-BCVI-BSRO-25-47,j,11,7,35,3,1.212,6937.5,2343.75,4593.75,0.0605,5718.75,3656.25,2062.5,0.0563,5531.25,4406.25,1125,0.0754,4406.25,2343.75,2062.5,0.1062,6937.5,4125,2812.5,0.2433,4593.75,3093.75,1500,0.0903,5343.75,3468.75,1875,0.085,5531.25,3937.5,1593.75,,,,,,,,,,,,,,,,,,,,,,,,,,,,,,,,,,,,,,,,,,,,,,,,,,,,,,,,,,,,,,,,,,,,,,,,,,,,,,,,,,,,,,,,,,,,,,,,,,,,,,,,,,,,,,,,,,,,,,,,,,,,,,,,,,,,
GC-BCVI-BSRO-25-49,h,11,6,35,2,0.753,6000,2343.75,3656.25,0.1205,4125,3000,1125,0.0437,5250,3187.5,2062.5,0.0482,5437.5,4312.5,1125,0.0557,6000,4312.5,1687.5,0.0527,5343.75,3562.5,1781.25,0.1325,4312.5,2343.75,1968.75,,,,,,,,,,,,,,,,,,,,,,,,,,,,,,,,,,,,,,,,,,,,,,,,,,,,,,,,,,,,,,,,,,,,,,,,,,,,,,,,,,,,,,,,,,,,,,,,,,,,,,,,,,,,,,,,,,,,,,,,,,,,,,,,,,,,,,,,
GC-BCVI-BSRO-25-50,i,11,13,35,4,1.2422,7031.25,2062.5,4968.75,0.1717,6656.25,3281.25,3375,0.0449,3750,2812.5,937.5,0.046,3843.75,2906.25,937.5,0.0483,3656.25,3000,656.25,0.0292,7031.25,3750,3281.25,0.0314,5812.5,3656.25,2156.25,0.0303,5625,3468.75,2156.25,0.0292,6093.75,3656.25,2437.5,0.0247,5531.25,3562.5,1968.75,0.0247,5343.75,4687.5,656.25,0.0752,2812.5,2156.25,656.25,0.0774,2718.75,2062.5,656.25,0.0729,2812.5,2343.75,468.75,,,,,,,,,,,,,,,,,,,,,,,,,,,,,,,,,,,,,,,,,,,,,,,,,,,,,,,,,,,,,,,,,,,,,,,,,,,,,,,,,,,,,,,,,,,,,,,,,,,,,,,,,,,,
GC-BCVI-BSRO-25-51,h,11,6,35,2,0.7716,6093.75,2343.75,3750,0.1122,4500,2906.25,1593.75,0.0447,6093.75,4687.5,1406.25,0.054,5531.25,4875,656.25,0.054,5625,4687.5,937.5,0.059,5625,4687.5,937.5,0.0936,4218.75,2343.75,1875,,,,,,,,,,,,,,,,,,,,,,,,,,,,,,,,,,,,,,,,,,,,,,,,,,,,,,,,,,,,,,,,,,,,,,,,,,,,,,,,,,,,,,,,,,,,,,,,,,,,,,,,,,,,,,,,,,,,,,,,,,,,,,,,,,,,,,,,
GC-BCVI-BSRO-25-52,a,11,1,35,1,0.1611,7218.75,3187.5,4031.25,0.1611,7218.75,3187.5,4031.25,,,,,,,,,,,,,,,,,,,,,,,,,,,,,,,,,,,,,,,,,,,,,,,,,,,,,,,,,,,,,,,,,,,,,,,,,,,,,,,,,,,,,,,,,,,,,,,,,,,,,,,,,,,,,,,,,,,,,,,,,,,,,,,,,,,,,,,,,,,,,,,,,,,,,,,,,,,,
GC-BCVI-BSRO-25-54,j,11,4,35,3,0.6816,6656.25,2718.75,3937.5,0.0584,5625,3281.25,2343.75,0.0514,5531.25,4687.5,843.75,0.0549,4406.25,2718.75,1687.5,0.1021,6656.25,4687.5,1968.75,,,,,,,,,,,,,,,,,,,,,,,,,,,,,,,,,,,,,,,,,,,,,,,,,,,,,,,,,,,,,,,,,,,,,,,,,,,,,,,,,,,,,,,,,,,,,,,,,,,,,,,,,,,,,,,,,,,,,,,,,,,,,,,,,,,,,,,,,,,,,,,,
GC-BCVI-BSRO-25-55,h,11,6,35,2,0.712,6281.25,2062.5,4218.75,0.1114,4500,2437.5,2062.5,0.0431,5906.25,3000,2906.25,0.0512,5625,3562.5,2062.5,0.0602,6000,3750,2250,0.0496,6281.25,4500,1781.25,0.1097,3468.75,2062.5,1406.25,,,,,,,,,,,,,,,,,,,,,,,,,,,,,,,,,,,,,,,,,,,,,,,,,,,,,,,,,,,,,,,,,,,,,,,,,,,,,,,,,,,,,,,,,,,,,,,,,,,,,,,,,,,,,,,,,,,,,,,,,,,,,,,,,,,,,,,,
GC-BCVI-BSRO-25-56,a,11,1,35,1,0.1573,6468.75,3000,3468.75,0.1573,6468.75,3000,3468.75,,,,,,,,,,,,,,,,,,,,,,,,,,,,,,,,,,,,,,,,,,,,,,,,,,,,,,,,,,,,,,,,,,,,,,,,,,,,,,,,,,,,,,,,,,,,,,,,,,,,,,,,,,,,,,,,,,,,,,,,,,,,,,,,,,,,,,,,,,,,,,,,,,,,,,,,,,,,
GC-BCVI-BSRO-25-57,i,11,13,35,4,1.3813,7218.75,2250,4968.75,0.1531,7218.75,2812.5,4406.25,0.0481,3468.75,2812.5,656.25,0.0568,3656.25,2812.5,843.75,0.0593,3468.75,2812.5,656.25,0.0321,6375,4500,1875,0.0395,6750,3937.5,2812.5,0.0346,6187.5,4593.75,1593.75,0.0309,6000,4968.75,1031.25,0.0284,5812.5,3375,2437.5,0.0383,5437.5,4031.25,1406.25,0.0802,2906.25,2343.75,562.5,0.079,2812.5,2250,562.5,0.0988,2906.25,2250,656.25,,,,,,,,,,,,,,,,,,,,,,,,,,,,,,,,,,,,,,,,,,,,,,,,,,,,,,,,,,,,,,,,,,,,,,,,,,,,,,,,,,,,,,,,,,,,,,,,,,,,,,,,,,,,
GC-BCVI-BSRO-25-58,j,11,7,35,5,1.2772,6375,2156.25,4218.75,0.0657,5718.75,4125,1593.75,0.0694,5625,4218.75,1406.25,0.0805,4312.5,2156.25,2156.25,0.1078,6375,4968.75,1406.25,0.2453,4687.5,2625,2062.5,0.0818,5156.25,4218.75,937.5,0.0991,5625,3375,2250,,,,,,,,,,,,,,,,,,,,,,,,,,,,,,,,,,,,,,,,,,,,,,,,,,,,,,,,,,,,,,,,,,,,,,,,,,,,,,,,,,,,,,,,,,,,,,,,,,,,,,,,,,,,,,,,,,,,,,,,,,,,,,,,,,,,
GC-BCVI-GSBM-25-1,a,22,6,68,5,0.6933,6000,2718.75,3281.25,0.0638,4218.75,2718.75,1500,0.0189,5718.75,5437.5,281.25,0.1218,5531.25,2812.5,2718.75,0.2154,6000,4781.25,1218.75,0.0537,4875,3375,1500,0.0341,4781.25,3656.25,1125,,,,,,,,,,,,,,,,,,,,,,,,,,,,,,,,,,,,,,,,,,,,,,,,,,,,,,,,,,,,,,,,,,,,,,,,,,,,,,,,,,,,,,,,,,,,,,,,,,,,,,,,,,,,,,,,,,,,,,,,,,,,,,,,,,,,,,,,
GC-BCVI-GSBM-25-2,b,22,6,68,3,0.5673,6000,2062.5,3937.5,0.0493,4781.25,3937.5,843.75,0.1783,6000,4593.75,1406.25,0.0273,3468.75,3000,468.75,0.0283,2812.5,2625,187.5,0.0367,2437.5,2156.25,281.25,0.0294,2250,2062.5,187.5,,,,,,,,,,,,,,,,,,,,,,,,,,,,,,,,,,,,,,,,,,,,,,,,,,,,,,,,,,,,,,,,,,,,,,,,,,,,,,,,,,,,,,,,,,,,,,,,,,,,,,,,,,,,,,,,,,,,,,,,,,,,,,,,,,,,,,,,
GC-BCVI-GSBM-25-3,c,22,9,68,6,1.2775,6375,2156.25,4218.75,0.2814,6375,4875,1500,0.1051,4125,2531.25,1593.75,0.0444,5250,3375,1875,0.0409,4593.75,2718.75,1875,0.056,5437.5,4125,1312.5,0.0514,5625,4875,750,0.1635,3468.75,2156.25,1312.5,0.0712,3187.5,2812.5,375,0.0584,3562.5,2156.25,1406.25,,,,,,,,,,,,,,,,,,,,,,,,,,,,,,,,,,,,,,,,,,,,,,,,,,,,,,,,,,,,,,,,,,,,,,,,,,,,,,,,,,,,,,,,,,,,,,,,,,,,,,,,,,,,,,,,,,,,,,,,,,,,
GC-BCVI-GSBM-25-4,c,22,3,68,3,0.844,6093.75,2156.25,3937.5,0.296,6093.75,4781.25,1312.5,0.1076,4125,2531.25,1593.75,0.2246,4312.5,2156.25,2156.25,,,,,,,,,,,,,,,,,,,,,,,,,,,,,,,,,,,,,,,,,,,,,,,,,,,,,,,,,,,,,,,,,,,,,,,,,,,,,,,,,,,,,,,,,,,,,,,,,,,,,,,,,,,,,,,,,,,,,,,,,,,,,,,,,,,,,,,,,,,,,,,,,,,,
GC-BCVI-GSBM-25-7,c,22,32,68,18,4.4123,7406.25,2062.5,5343.75,0.313,5906.25,4687.5,1218.75,0.0867,4312.5,3937.5,375,0.1986,4312.5,2250,2062.5,0.0575,6187.5,4968.75,1218.75,0.0711,6281.25,4781.25,1500,0.1725,6281.25,3562.5,2718.75,0.0502,5906.25,5156.25,750,0.0596,5812.5,4687.5,1125,0.1505,3843.75,2531.25,1312.5,0.0753,3000,2812.5,187.5,0.0648,3468.75,2156.25,1312.5,0.0575,5531.25,3656.25,1875,0.0334,2906.25,2437.5,468.75,0.0282,2625,2437.5,187.5,0.0334,2906.25,2156.25,750,0.0314,2906.25,2156.25,750,0.0345,3281.25,2812.5,468.75,0.1129,7406.25,3656.25,3750,0.092,7406.25,4968.75,2437.5,0.0334,4593.75,3656.25,937.5,0.0512,3000,2531.25,468.75,0.1474,5718.75,3375,2343.75,0.0387,3562.5,2625,937.5,0.0439,3750,2062.5,1687.5,0.0334,3562.5,2156.25,1406.25,0.0376,3562.5,2156.25,1406.25,0.0753,6562.5,2250,4312.5,0.1223,5906.25,2812.5,3093.75,0.0449,3093.75,2437.5,656.25,0.0543,3093.75,2156.25,937.5,0.0617,3281.25,2062.5,1218.75,0.0596,3375,2156.25,1218.75,,,,,,,,,,,,,,,,,,,,,,,,,,,,,,,,
GC-BCVI-GSBM-25-10,c,22,17,68,6,1.8697,7031.25,2062.5,4968.75,0.2073,5812.5,4218.75,1593.75,0.0435,4875,3375,1500,0.0388,4031.25,2156.25,1875,0.0411,3468.75,2906.25,562.5,0.0364,3468.75,2062.5,1406.25,0.0329,2812.5,2156.25,656.25,0.0905,5906.25,4218.75,1687.5,0.1599,5812.5,3281.25,2531.25,0.0494,3000,2343.75,656.25,0.0623,3375,2343.75,1031.25,0.0694,3375,2062.5,1312.5,0.0541,3468.75,2062.5,1406.25,0.067,6000,3468.75,2531.25,0.0635,6843.75,4593.75,2250,0.0505,7031.25,5343.75,1687.5,0.1187,6281.25,3375,2906.25,0.0882,4500,2156.25,2343.75,,,,,,,,,,,,,,,,,,,,,,,,,,,,,,,,,,,,,,,,,,,,,,,,,,,,,,,,,,,,,,,,,,,,,,,,,,,,,,,,,,,,,,,,,,,,
GC-BCVI-GSBM-25-13,c,22,5,68,4,0.988,7781.25,2062.5,5718.75,0.1266,7781.25,3843.75,3937.5,0.0436,3562.5,2062.5,1500,0.0405,3656.25,2156.25,1500,0.3373,6093.75,4781.25,1312.5,0.1546,4593.75,2437.5,2156.25,,,,,,,,,,,,,,,,,,,,,,,,,,,,,,,,,,,,,,,,,,,,,,,,,,,,,,,,,,,,,,,,,,,,,,,,,,,,,,,,,,,,,,,,,,,,,,,,,,,,,,,,,,,,,,,,,,,,,,,,,,,,,,,,,,,,,,,,,,,,
GC-BCVI-GSBM-25-15,d,22,3,68,3,0.7362,7500,2156.25,5343.75,0.1322,7500,3281.25,4218.75,0.1322,7500,3281.25,4218.75,0.2146,4031.25,2156.25,1875,,,,,,,,,,,,,,,,,,,,,,,,,,,,,,,,,,,,,,,,,,,,,,,,,,,,,,,,,,,,,,,,,,,,,,,,,,,,,,,,,,,,,,,,,,,,,,,,,,,,,,,,,,,,,,,,,,,,,,,,,,,,,,,,,,,,,,,,,,,,,,,,,,,,
GC-BCVI-GSBM-25-16,c,22,10,68,5,1.3224,7500,2062.5,5437.5,0.0488,7500,4781.25,2718.75,0.0512,5718.75,4687.5,1031.25,0.1732,6093.75,4125,1968.75,0.0659,4125,3375,750,0.0549,3656.25,3093.75,562.5,0.144,5625,2906.25,2718.75,0.0342,2906.25,2531.25,375,0.0659,3000,2062.5,937.5,0.0634,3093.75,2062.5,1031.25,0.061,3000,2062.5,937.5,,,,,,,,,,,,,,,,,,,,,,,,,,,,,,,,,,,,,,,,,,,,,,,,,,,,,,,,,,,,,,,,,,,,,,,,,,,,,,,,,,,,,,,,,,,,,,,,,,,,,,,,,,,,,,,,,,,,,,,,
GC-BCVI-GSBM-25-17,c,22,17,68,8,1.7869,7031.25,2062.5,4968.75,0.2247,5625,3000,2625,0.042,5062.5,3093.75,1968.75,0.0404,4125,3468.75,656.25,0.0372,3093.75,2906.25,187.5,0.0404,3000,2812.5,187.5,0.0436,2906.25,2625,281.25,0.0873,5531.25,3093.75,2437.5,0.1455,5437.5,2906.25,2531.25,0.055,3093.75,2156.25,937.5,0.0453,3187.5,2250,937.5,0.0517,3093.75,2156.25,937.5,0.0453,3000,2062.5,937.5,0.0663,5437.5,3375,2062.5,0.0598,5906.25,4125,1781.25,0.0647,6187.5,3750,2437.5,0.1406,7031.25,3656.25,3375,,,,,,,,,,,,,,,,,,,,,,,,,,,,,,,,,,,,,,,,,,,,,,,,,,,,,,,,,,,,,,,,,,,,,,,,,,,,,,,,,,,,,,,,,,,,,,,,
GC-BCVI-GSBM-25-18,e,22,5,68,2,0.4992,5437.5,2437.5,3000,0.1462,5437.5,3937.5,1500,0.0606,4218.75,3000,1218.75,0.0521,3281.25,2437.5,843.75,0.067,3750,2625,1125,0.0771,3843.75,2531.25,1312.5,,,,,,,,,,,,,,,,,,,,,,,,,,,,,,,,,,,,,,,,,,,,,,,,,,,,,,,,,,,,,,,,,,,,,,,,,,,,,,,,,,,,,,,,,,,,,,,,,,,,,,,,,,,,,,,,,,,,,,,,,,,,,,,,,,,,,,,,,,,,
GC-BCVI-GSBM-25-19,c,22,5,68,4,1.1108,6093.75,2062.5,4031.25,0.1395,6093.75,3843.75,2250,0.0422,3843.75,2156.25,1687.5,0.0422,3375,2062.5,1312.5,0.3645,5812.5,4781.25,1031.25,0.1817,4125,2625,1500,,,,,,,,,,,,,,,,,,,,,,,,,,,,,,,,,,,,,,,,,,,,,,,,,,,,,,,,,,,,,,,,,,,,,,,,,,,,,,,,,,,,,,,,,,,,,,,,,,,,,,,,,,,,,,,,,,,,,,,,,,,,,,,,,,,,,,,,,,,,
GC-BCVI-GSBM-25-20,c,22,21,68,10,2.8233,6375,1968.75,4406.25,0.1701,6375,3187.5,3187.5,0.0687,5906.25,4687.5,1218.75,0.0567,5718.75,4687.5,1031.25,0.1305,5625,2812.5,2812.5,0.0498,4500,3281.25,1218.75,0.0515,2812.5,2531.25,281.25,0.0429,2812.5,2343.75,468.75,0.0481,2812.5,2062.5,750,0.2439,5906.25,3937.5,1968.75,0.0739,5531.25,3562.5,1968.75,0.0567,4125,2437.5,1687.5,0.0515,4125,2812.5,1312.5,0.0584,4125,2906.25,1218.75,0.1683,5625,4031.25,1593.75,0.0687,4781.25,3375,1406.25,0.0687,3843.75,3281.25,562.5,0.1546,5812.5,2906.25,2906.25,0.0447,3375,2437.5,937.5,0.0739,3000,2062.5,937.5,0.0739,3000,1968.75,1031.25,0.0687,2906.25,1968.75,937.5,,,,,,,,,,,,,,,,,,,,,,,,,,,,,,,,,,,,,,,,,,,,,,,,,,,,,,,,,,,,,,,,,,,,,,,,,,,,
GC-BCVI-GSBM-25-22,d,22,5,68,4,1.0294,6468.75,2343.75,4125,0.117,5718.75,2906.25,2812.5,0.1744,5062.5,2437.5,2625,0.2097,4125,2343.75,1781.25,0.0534,6468.75,4406.25,2062.5,0.0605,5812.5,4406.25,1406.25,,,,,,,,,,,,,,,,,,,,,,,,,,,,,,,,,,,,,,,,,,,,,,,,,,,,,,,,,,,,,,,,,,,,,,,,,,,,,,,,,,,,,,,,,,,,,,,,,,,,,,,,,,,,,,,,,,,,,,,,,,,,,,,,,,,,,,,,,,,,
GC-BCVI-GSBM-25-23,c,22,15,68,9,1.8373,8531.25,2062.5,6468.75,0.1727,6281.25,3562.5,2718.75,0.0609,5531.25,5062.5,468.75,0.0576,5906.25,4687.5,1218.75,0.1579,4125,2343.75,1781.25,0.0609,3093.75,2718.75,375,0.0724,3000,2156.25,843.75,0.1793,8531.25,3375,5156.25,0.0461,2906.25,2062.5,843.75,0.0329,3375,2343.75,1031.25,0.028,2812.5,2718.75,93.75,0.0296,3562.5,2343.75,1218.75,0.0296,3093.75,2343.75,750,0.1201,7500,3562.5,3937.5,0.0905,7593.75,3468.75,4125,0.0855,4500,2625,1875,,,,,,,,,,,,,,,,,,,,,,,,,,,,,,,,,,,,,,,,,,,,,,,,,,,,,,,,,,,,,,,,,,,,,,,,,,,,,,,,,,,,,,,,,,,,,,,,,,,,
GC-BCVI-GSBM-25-24,c,22,15,68,8,1.9155,7968.75,2156.25,5812.5,0.1429,7968.75,3937.5,4031.25,0.0505,3562.5,2156.25,1406.25,0.0453,3375,2250,1125,0.3363,6187.5,4218.75,1968.75,0.1063,4218.75,2531.25,1687.5,0.0592,4218.75,2437.5,1781.25,0.0505,4968.75,2718.75,2250,0.0645,5437.5,3843.75,1593.75,0.061,5812.5,4593.75,1218.75,0.0558,5906.25,4593.75,1312.5,0.122,6000,3656.25,2343.75,0.0505,4218.75,3281.25,937.5,0.0488,3843.75,2531.25,1312.5,0.0418,3000,2156.25,843.75,0.0505,2906.25,2156.25,750,,,,,,,,,,,,,,,,,,,,,,,,,,,,,,,,,,,,,,,,,,,,,,,,,,,,,,,,,,,,,,,,,,,,,,,,,,,,,,,,,,,,,,,,,,,,,,,,,,,,
GC-BCVI-GSBM-25-25,e,22,5,68,2,0.5076,5531.25,2437.5,3093.75,0.166,5531.25,4312.5,1218.75,0.0662,4218.75,3375,843.75,0.056,3093.75,2437.5,656.25,0.0662,3562.5,2625,937.5,0.063,3656.25,2531.25,1125,,,,,,,,,,,,,,,,,,,,,,,,,,,,,,,,,,,,,,,,,,,,,,,,,,,,,,,,,,,,,,,,,,,,,,,,,,,,,,,,,,,,,,,,,,,,,,,,,,,,,,,,,,,,,,,,,,,,,,,,,,,,,,,,,,,,,,,,,,,,
GC-BCVI-GSBM-25-26,c,22,6,68,5,1.411,6187.5,2062.5,4125,0.1347,6000,3843.75,2156.25,0.0427,3562.5,2062.5,1500,0.048,3843.75,2062.5,1781.25,0.3321,6187.5,4781.25,1406.25,0.12,4125,2531.25,1593.75,0.2227,4218.75,2156.25,2062.5,,,,,,,,,,,,,,,,,,,,,,,,,,,,,,,,,,,,,,,,,,,,,,,,,,,,,,,,,,,,,,,,,,,,,,,,,,,,,,,,,,,,,,,,,,,,,,,,,,,,,,,,,,,,,,,,,,,,,,,,,,,,,,,,,,,,,,,,
GC-BCVI-GSBM-25-27,e,22,5,68,2,0.5082,5531.25,2343.75,3187.5,0.1592,5531.25,2906.25,2625,0.0565,4406.25,3562.5,843.75,0.0548,3187.5,2343.75,843.75,0.0645,3656.25,2625,1031.25,0.0769,3843.75,2531.25,1312.5,,,,,,,,,,,,,,,,,,,,,,,,,,,,,,,,,,,,,,,,,,,,,,,,,,,,,,,,,,,,,,,,,,,,,,,,,,,,,,,,,,,,,,,,,,,,,,,,,,,,,,,,,,,,,,,,,,,,,,,,,,,,,,,,,,,,,,,,,,,,
GC-BCVI-GSBM-25-30,c,22,38,68,18,4.5679,8718.75,2062.5,6656.25,0.1203,4218.75,2531.25,1687.5,0.0514,4875,3281.25,1593.75,0.0446,3843.75,2906.25,937.5,0.0703,5625,4031.25,1593.75,0.077,5812.5,4500,1312.5,0.1487,3375,2250,1125,0.0649,3093.75,2625,468.75,0.0689,3000,2625,375,0.1676,8718.75,3656.25,5062.5,0.0324,3375,2531.25,843.75,0.027,3093.75,2625,468.75,0.0311,3468.75,2625,843.75,0.0324,3562.5,2718.75,843.75,0.0297,3750,2625,1125,0.1135,7500,3281.25,4218.75,0.0933,7687.5,4968.75,2718.75,0.0906,4218.75,2343.75,1875,0.1514,5718.75,3843.75,1875,0.0757,3843.75,2343.75,1500,0.0649,3843.75,2062.5,1781.25,0.0608,3843.75,2062.5,1781.25,0.0608,3937.5,2062.5,1875,0.2325,6187.5,3750,2437.5,0.0419,4875,3093.75,1781.25,0.0338,3843.75,3468.75,375,0.0311,3187.5,2718.75,468.75,0.0297,3093.75,2062.5,1031.25,0.0324,3000,2062.5,937.5,0.0811,5812.5,4312.5,1500,0.146,5812.5,3281.25,2531.25,0.0541,3750,2343.75,1406.25,0.0581,3750,2156.25,1593.75,0.0568,3375,2062.5,1312.5,0.0568,3562.5,2156.25,1406.25,0.0568,3281.25,2250,1031.25,0.0649,6750,3375,3375,0.0662,6562.5,4218.75,2343.75,0.0676,6562.5,4125,2437.5,,,,,,,,
GC-BCVI-GSBM-25-34,f,22,17,68,9,2.2182,8437.5,2062.5,6375,0.3724,8437.5,2718.75,5718.75,0.0319,5062.5,2718.75,2343.75,0.0498,5062.5,3656.25,1406.25,0.0458,5062.5,3281.25,1781.25,0.1075,3750,2062.5,1687.5,0.1991,7500,3468.75,4031.25,0.0697,3375,2250,1125,0.0617,3187.5,2343.75,843.75,0.0717,3093.75,2250,843.75,0.0657,3093.75,2437.5,656.25,0.1454,5531.25,3281.25,2250,0.0876,5250,3281.25,1968.75,0.0617,5156.25,3281.25,1875,0.0319,4312.5,3937.5,375,0.0319,4593.75,3375,1218.75,0.0299,4031.25,3843.75,187.5,0.0358,5156.25,3187.5,1968.75,,,,,,,,,,,,,,,,,,,,,,,,,,,,,,,,,,,,,,,,,,,,,,,,,,,,,,,,,,,,,,,,,,,,,,,,,,,,,,,,,,,,,,,,,,,,
GC-BCVI-GSBM-25-35,c,22,38,68,23,6.7752,8718.75,1968.75,6750,0.1379,7781.25,2531.25,5250,0.0427,3468.75,2343.75,1125,0.0505,3468.75,2437.5,1031.25,0.3458,6562.5,4968.75,1593.75,0.1088,4406.25,2812.5,1593.75,0.2486,4406.25,2156.25,2250,0.0622,6468.75,4781.25,1687.5,0.0544,7312.5,4968.75,2343.75,0.1826,6468.75,3750,2718.75,0.0622,5906.25,5062.5,843.75,0.0602,5718.75,4500,1218.75,0.1515,3937.5,2531.25,1406.25,0.0796,3562.5,2812.5,750,0.068,3562.5,2718.75,843.75,0.169,8718.75,3375,5343.75,0.0447,4125,2437.5,1687.5,0.035,4031.25,2437.5,1593.75,0.0447,3468.75,2812.5,656.25,0.035,4312.5,3000,1312.5,0.1166,8718.75,3656.25,5062.5,0.1166,8718.75,3656.25,5062.5,0.0894,4500,2625,1875,0.169,5625,2812.5,2812.5,0.068,3937.5,2062.5,1875,0.068,3656.25,2062.5,1593.75,0.0699,3843.75,2062.5,1781.25,0.0758,3750,1968.75,1781.25,0.2312,5625,3000,2625,0.1243,4312.5,2437.5,1875,0.0855,3000,2062.5,937.5,0.1049,5531.25,4406.25,1125,0.1943,4875,3187.5,1687.5,0.103,7687.5,4875,2812.5,0.068,4875,3281.25,1593.75,0.3788,4968.75,2437.5,2531.25,0.0466,6000,3187.5,2812.5,0.0524,7406.25,5343.75,2062.5,0.0369,6000,5250,750,,,,,,,,
GC-BCVI-GSBM-25-36,g,22,7,68,5,0.9555,6375,2906.25,3468.75,0.16,6000,3187.5,2812.5,0.0435,4593.75,3187.5,1406.25,0.0185,4875,4875,0,0.0194,5718.75,5062.5,656.25,0.0203,5062.5,4781.25,281.25,0.1628,6375,3093.75,3281.25,0.0499,4125,2906.25,1218.75,,,,,,,,,,,,,,,,,,,,,,,,,,,,,,,,,,,,,,,,,,,,,,,,,,,,,,,,,,,,,,,,,,,,,,,,,,,,,,,,,,,,,,,,,,,,,,,,,,,,,,,,,,,,,,,,,,,,,,,,,,,,,,,,,,,,
GC-BCVI-GSBM-25-37,c,22,16,68,8,1.9187,8812.5,2250,6562.5,0.1821,6468.75,3562.5,2906.25,0.055,5812.5,4968.75,843.75,0.055,5812.5,4781.25,1031.25,0.1701,3843.75,2718.75,1125,0.0618,3562.5,2812.5,750,0.091,3562.5,2718.75,843.75,0.1271,8812.5,3562.5,5250,0.0292,4406.25,2718.75,1687.5,0.0292,3375,2718.75,656.25,0.0361,3281.25,2718.75,562.5,0.0344,3468.75,2531.25,937.5,0.0361,4031.25,2812.5,1218.75,0.0326,3562.5,3281.25,281.25,0.1168,8437.5,3468.75,4968.75,0.0979,7312.5,4781.25,2531.25,0.091,4593.75,2250,2343.75,,,,,,,,,,,,,,,,,,,,,,,,,,,,,,,,,,,,,,,,,,,,,,,,,,,,,,,,,,,,,,,,,,,,,,,,,,,,,,,,,,,,,,,,,,,,,,,,
GC-BCVI-GSBM-25-38,c,22,12,68,7,1.912,7406.25,2156.25,5250,0.1349,6000,3843.75,2156.25,0.0462,3843.75,2343.75,1500,0.052,3468.75,2156.25,1312.5,0.3372,6093.75,4781.25,1312.5,0.1272,4125,2531.25,1593.75,0.2485,4875,2156.25,2718.75,0.0578,6562.5,4687.5,1875,0.0597,7406.25,3562.5,3843.75,0.0347,3843.75,2812.5,1031.25,0.0405,3843.75,3375,468.75,0.0366,4875,3750,1125,0.0366,4875,3937.5,937.5,,,,,,,,,,,,,,,,,,,,,,,,,,,,,,,,,,,,,,,,,,,,,,,,,,,,,,,,,,,,,,,,,,,,,,,,,,,,,,,,,,,,,,,,,,,,,,,,,,,,,,,,,,,,,,,,
GC-BCVI-GSBM-25-39,h,22,9,68,7,1.7343,9937.5,2250,7687.5,0.1832,7312.5,2718.75,4593.75,0.1533,4406.25,2531.25,1875,0.0617,4968.75,2625,2343.75,0.0717,5531.25,3187.5,2343.75,0.0697,5437.5,2718.75,2718.75,0.1294,6187.5,2250,3937.5,0.0458,4500,2531.25,1968.75,0.0697,7031.25,2906.25,4125,0.3346,9937.5,2718.75,7218.75,,,,,,,,,,,,,,,,,,,,,,,,,,,,,,,,,,,,,,,,,,,,,,,,,,,,,,,,,,,,,,,,,,,,,,,,,,,,,,,,,,,,,,,,,,,,,,,,,,,,,,,,,,,,,,,,,,,,,,,,,,,,
GC-BCVI-GSBM-25-40,i,22,5,68,4,0.996,9375,2062.5,7312.5,0.0485,7593.75,4687.5,2906.25,0.0585,5718.75,4406.25,1312.5,0.0899,4687.5,2062.5,2625,0.0942,9375,3656.25,5718.75,0.3582,4593.75,2156.25,2437.5,,,,,,,,,,,,,,,,,,,,,,,,,,,,,,,,,,,,,,,,,,,,,,,,,,,,,,,,,,,,,,,,,,,,,,,,,,,,,,,,,,,,,,,,,,,,,,,,,,,,,,,,,,,,,,,,,,,,,,,,,,,,,,,,,,,,,,,,,,,,
GC-BCVI-GSBM-25-42,j,22,26,68,14,3.8265,9468.75,1968.75,7500,0.0877,6562.5,2718.75,3843.75,0.1409,3375,2156.25,1218.75,0.0689,7031.25,4781.25,2250,0.0626,6843.75,5250,1593.75,0.0595,7218.75,5531.25,1687.5,0.1096,7500,3656.25,3843.75,0.1033,3562.5,2250,1312.5,0.1096,9468.75,2718.75,6750,0.144,3562.5,2062.5,1500,0.0595,5531.25,3375,2156.25,0.0532,5437.5,2906.25,2531.25,0.0595,5437.5,5062.5,375,0.0501,6093.75,2343.75,3750,0.0689,3750,2812.5,937.5,0.1785,7875,3843.75,4031.25,0.0501,4781.25,2437.5,2343.75,0.0438,3843.75,2625,1218.75,0.1033,4875,2906.25,1968.75,0.1221,7031.25,3562.5,3468.75,0.0658,2812.5,1968.75,843.75,0.0564,3375,1968.75,1406.25,0.0564,3562.5,2062.5,1500,0.3225,7500,2531.25,4968.75,0.0501,4406.25,2156.25,2250,0.0532,4312.5,2250,2062.5,0.0407,3937.5,2437.5,1500,,,,,,,,,,,,,,,,,,,,,,,,,,,,,,,,,,,,,,,,,,,,,,,,,,,,,,,,
GC-BCVI-GSBM-25-44,j,22,18,68,11,2.7184,8625,2062.5,6562.5,0.0858,6656.25,2437.5,4218.75,0.1383,3093.75,2062.5,1031.25,0.062,7687.5,4031.25,3656.25,0.0596,7125,4968.75,2156.25,0.0525,7218.75,5250,1968.75,0.1002,8625,3468.75,5156.25,0.0978,3468.75,2250,1218.75,0.1192,8625,3093.75,5531.25,0.1312,3562.5,2156.25,1406.25,0.0477,5343.75,3093.75,2250,0.0548,5437.5,3375,2062.5,0.0572,5812.5,3281.25,2531.25,0.0572,5625,2718.75,2906.25,0.0715,3750,3093.75,656.25,0.186,6375,2906.25,3468.75,0.0501,5250,2250,3000,0.0382,3468.75,2437.5,1031.25,0.0954,3750,2812.5,937.5,,,,,,,,,,,,,,,,,,,,,,,,,,,,,,,,,,,,,,,,,,,,,,,,,,,,,,,,,,,,,,,,,,,,,,,,,,,,,,,,,,,,,,,,
GC-BCVI-GSBM-25-45,k,22,16,68,9,2.0748,9000,2156.25,6843.75,0.0844,9000,4500,4500,0.1358,4031.25,2625,1406.25,0.0569,5906.25,3562.5,2343.75,0.0642,5718.75,4781.25,937.5,0.0532,5625,4968.75,656.25,0.1541,3093.75,2156.25,937.5,0.0807,3562.5,2156.25,1406.25,0.066,3093.75,2156.25,937.5,0.0514,5718.75,3562.5,2156.25,0.0349,3656.25,2437.5,1218.75,0.0349,3562.5,2343.75,1218.75,0.0367,3843.75,2625,1218.75,0.0385,3562.5,2531.25,1031.25,0.1101,8250,3468.75,4781.25,0.0899,7031.25,3281.25,3750,0.077,3937.5,2250,1687.5,,,,,,,,,,,,,,,,,,,,,,,,,,,,,,,,,,,,,,,,,,,,,,,,,,,,,,,,,,,,,,,,,,,,,,,,,,,,,,,,,,,,,,,,,,,,,,,,
GC-BCVI-GSBM-25-46,l,22,2,68,2,0.3422,8062.5,2156.25,5906.25,0.1312,5812.5,2156.25,3656.25,0.1387,8062.5,2718.75,5343.75,,,,,,,,,,,,,,,,,,,,,,,,,,,,,,,,,,,,,,,,,,,,,,,,,,,,,,,,,,,,,,,,,,,,,,,,,,,,,,,,,,,,,,,,,,,,,,,,,,,,,,,,,,,,,,,,,,,,,,,,,,,,,,,,,,,,,,,,,,,,,,,,,,,,,,,,
GC-BCVI-GSBM-25-47,m,22,10,68,5,1.3197,8718.75,2250,6468.75,0.1339,8718.75,3000,5718.75,0.0299,3000,2250,750,0.0359,3843.75,2250,1593.75,0.0347,2625,2250,375,0.1458,5625,2343.75,3281.25,0.0574,3187.5,2718.75,468.75,0.061,4312.5,3187.5,1125,0.0514,5531.25,3187.5,2343.75,0.0598,4875,2906.25,1968.75,0.2056,5625,2250,3375,,,,,,,,,,,,,,,,,,,,,,,,,,,,,,,,,,,,,,,,,,,,,,,,,,,,,,,,,,,,,,,,,,,,,,,,,,,,,,,,,,,,,,,,,,,,,,,,,,,,,,,,,,,,,,,,,,,,,,,,
GC-BCVI-GSBM-25-48,n,22,6,68,4,1.0008,9562.5,2062.5,7500,0.1543,9562.5,2906.25,6656.25,0.0641,3843.75,3000,843.75,0.2174,4687.5,2062.5,2625,0.0591,5437.5,3750,1687.5,0.0611,5156.25,3656.25,1500,0.0641,5625,3375,2250,,,,,,,,,,,,,,,,,,,,,,,,,,,,,,,,,,,,,,,,,,,,,,,,,,,,,,,,,,,,,,,,,,,,,,,,,,,,,,,,,,,,,,,,,,,,,,,,,,,,,,,,,,,,,,,,,,,,,,,,,,,,,,,,,,,,,,,,
GC-BCVI-GSBM-25-49,j,22,7,68,5,0.9762,8062.5,2062.5,6000,0.0834,6656.25,2812.5,3843.75,0.1507,4500,2062.5,2437.5,0.0511,6468.75,4125,2343.75,0.0646,7218.75,4593.75,2625,0.0485,8062.5,5250,2812.5,0.1131,7875,3562.5,4312.5,0.0933,4218.75,2250,1968.75,,,,,,,,,,,,,,,,,,,,,,,,,,,,,,,,,,,,,,,,,,,,,,,,,,,,,,,,,,,,,,,,,,,,,,,,,,,,,,,,,,,,,,,,,,,,,,,,,,,,,,,,,,,,,,,,,,,,,,,,,,,,,,,,,,,,
GC-BCVI-GSBM-25-50,c,22,32,68,16,3.612,9562.5,2062.5,7500,0.1298,9562.5,4125,5437.5,0.1422,4031.25,2812.5,1218.75,0.0649,5625,3656.25,1968.75,0.0618,5906.25,4781.25,1125,0.0618,5906.25,4781.25,1125,0.1638,3562.5,2343.75,1218.75,0.0649,3000,2156.25,843.75,0.0649,3562.5,2250,1312.5,0.0835,7218.75,3656.25,3562.5,0.0386,4312.5,2625,1687.5,0.034,2718.75,2250,468.75,0.0402,3375,2343.75,1031.25,0.0417,3468.75,2343.75,1125,0.0294,3562.5,2625,937.5,0.1206,7500,3562.5,3937.5,0.0974,7687.5,4968.75,2718.75,0.0356,4406.25,3562.5,843.75,0.0526,3562.5,2625,937.5,0.1422,6000,3562.5,2437.5,0.0448,4218.75,2812.5,1406.25,0.0386,3750,3468.75,281.25,0.0417,3656.25,3093.75,562.5,0.0402,3656.25,2156.25,1500,0.0943,4781.25,2625,2156.25,0.153,5437.5,2906.25,2531.25,0.0587,3093.75,2343.75,750,0.0696,3093.75,2250,843.75,0.0556,3562.5,2156.25,1406.25,0.051,3562.5,2062.5,1500,0.0711,6281.25,4781.25,1500,0.0572,7031.25,4875,2156.25,0.0618,7125,4593.75,2531.25,,,,,,,,,,,,,,,,,,,,,,,,,,,,,,,,
GC-BCVI-GSBM-25-51,l,22,8,68,5,1.3327,9000,2062.5,6937.5,0.1384,9000,3656.25,5343.75,0.1287,6843.75,2343.75,4500,0.0522,3656.25,2062.5,1593.75,0.0461,3468.75,2812.5,656.25,0.0498,3000,2625,375,0.0425,3093.75,2718.75,375,0.2828,6843.75,2906.25,3937.5,0.0983,5812.5,2906.25,2906.25,,,,,,,,,,,,,,,,,,,,,,,,,,,,,,,,,,,,,,,,,,,,,,,,,,,,,,,,,,,,,,,,,,,,,,,,,,,,,,,,0,,,,,,,,,,,,,,,,,,,,,,,,,,,,,,,,,,,,,,,,,,,,,,,,
GC-BCVI-GSBM-25-54,o,22,13,68,8,2.0536,7875,2062.5,5812.5,0.0591,4031.25,2718.75,1312.5,0.0632,5156.25,4875,281.25,0.0632,5156.25,3937.5,1218.75,0.0672,5531.25,3656.25,1875,0.0713,5062.5,3562.5,1500,0.0733,5625,3750,1875,0.0774,4968.75,4593.75,375,0.0774,6093.75,4218.75,1875,0.108,7875,3750,4125,0.11,5156.25,3375,1781.25,0.163,7875,3093.75,4781.25,0.1915,5250,2531.25,2718.75,0.2995,4781.25,2062.5,2718.75,,,,,,,,,,,,,,,,,,,,,,,,,,,,,,,,,,,,,,,,,,,,,,,,,,,,,,,,,,,,,,,,,,,,,,,,,,,,,,,,,,,,,,,,,,,,,,,,,,,,,,,,,,,,
GC-BCVI-GSBM-25-56,p,22,1,68,1,0.071,6656.25,2718.75,3937.5,0.071,6656.25,2718.75,3937.5,,,,,,,,,,,,,,,,,,,,,,,,,,,,,,,,,,,,,,,,,,,,,,,,,,,,,,,,,,,,,,,,,,,,,,,,,,,,,,,,,,,,,,,,,,,,,,,,,,,,,,,,,,,,,,,,,,,,,,,,,,,,,,,,,,,,,,,,,,,,,,,,,,,,,,,,,,,,
GC-BCVI-GSBM-25-57,i,22,7,68,6,1.6745,9750,2062.5,7687.5,0.1187,9750,2156.25,7593.75,0.0579,9656.25,2625,7031.25,0.2822,9656.25,3843.75,5812.5,0.0622,3937.5,2437.5,1500,0.055,3937.5,2062.5,1875,0.0941,9656.25,4218.75,5437.5,0.4371,4218.75,2062.5,2156.25,,,,,,,,,,,,,,,,,,,,,,,,,,,,,,,,,,,,,,,,,,,,,,,,,,,,,,,,,,,,,,,,,,,,,,,,,,,,,,,,,,,,,,,,,,,,,,,,,,,,,,,,,,,,,,,,,,,,,,,,,,,,,,,,,,,,
GC-BCVI-GSBM-25-58,q,22,6,68,4,0.9002,9000,2812.5,6187.5,0.044,4781.25,3187.5,1593.75,0.0506,9000,3656.25,5343.75,0.0423,3187.5,2906.25,281.25,0.0456,3937.5,2906.25,1031.25,0.0473,3375,2812.5,562.5,0.346,7500,3562.5,3937.5,,,,,,,,,,,,,,,,,,,,,,,,,,,,,,,,,,,,,,,,,,,,,,,,,,,,,,,,,,,,,,,,,,,,,,,,,,,,,,,,,,,,,,,,,,,,,,,,,,,,,,,,,,,,,,,,,,,,,,,,,,,,,,,,,,,,,,,,
GC-BCVI-GSBM-25-59,r,22,1,68,1,0.138,9843.75,5343.75,4500,0.138,9843.75,5343.75,4500,,,,,,,,,,,,,,,,,,,,,,,,,,,,,,,,,,,,,,,,,,,,,,,,,,,,,,,,,,,,,,,,,,,,,,,,,,,,,,,,,,,,,,,,,,,,,,,,,,,,,,,,,,,,,,,,,,,,,,,,,,,,,,,,,,,,,,,,,,,,,,,,,,,,,,,,,,,,
GC-BCVI-GSBM-25-60,g,22,1,68,1,0.129,9843.75,3843.75,6000,0.129,9843.75,3843.75,6000,,,,,,,,,,,,,,,,,,,,,,,,,,,,,,,,,,,,,,,,,,,,,,,,,,,,,,,,,,,,,,,,,,,,,,,,,,,,,,,,,,,,,,,,,,,,,,,,,,,,,,,,,,,,,,,,,,,,,,,,,,,,,,,,,,,,,,,,,,,,,,,,,,,,,,,,,,,,
GC-BCVI-GSBM-25-61,n,22,6,68,4,1.2228,8625,2437.5,6187.5,0.1551,8625,2437.5,6187.5,0.0677,3937.5,3375,562.5,0.3333,4875,2531.25,2343.75,0.0588,5718.75,3843.75,1875,0.0713,4781.25,3656.25,1125,0.0677,4593.75,3562.5,1031.25,,,,,,,,,,,,,,,,,,,,,,,,,,,,,,,,,,,,,,,,,,,,,,,,,,,,,,,,,,,,,,,,,,,,,,,,,,,,,,,,,,,,,,,,,,,,,,,,,,,,,,,,,,,,,,,,,,,,,,,,,,,,,,,,,,,,,,,,
GC-BCVI-GSBM-25-62,o,22,12,68,6,2.0297,7406.25,2062.5,5343.75,0.0869,6187.5,2718.75,3468.75,0.4403,7406.25,2625,4781.25,0.0416,5062.5,3375,1687.5,0.051,5531.25,4125,1406.25,0.0416,6093.75,4312.5,1781.25,0.0794,5718.75,2812.5,2906.25,0.0718,4968.75,4781.25,187.5,0.0737,4968.75,3750,1218.75,0.0661,5250,4968.75,281.25,0.0983,5625,3468.75,2156.25,0.2721,4312.5,2062.5,2250,,,,,,,,,,,,,,,,,,,,,,,,,,,,,,,,,,,,,,,,,,,,,,,,,,,,,,,,,,,,,,,,,,,,,,,,,,,,,,,,,,,,,,,,,,,,,,,,,,,,,,,,,,,,,,,,,,,,
GC-BCVI-GSBM-25-63,p,22,2,68,2,0.3663,8062.5,2718.75,5343.75,0.1538,8062.5,3656.25,4406.25,0.0481,4593.75,2718.75,1875,,,,,,,,,,,,,,,,,,,,,,,,,,,,,,,,,,,,,,,,,,,,,,,,,,,,,,,,,,,,,,,,,,,,,,,,,,,,,,,,,,,,,,,,,,,,,,,,,,,,,,,,,,,,,,,,,,,,,,,,,,,,,,,,,,,,,,,,,,,,,,,,,,,,,,,,
GC-BCVI-GSBM-25-66,s,22,5,68,3,0.6344,5531.25,3000,2531.25,0.0948,5531.25,4125,1406.25,0.1889,5531.25,3937.5,1593.75,0.0513,4312.5,3281.25,1031.25,0.057,4687.5,3000,1687.5,0.0634,4593.75,3000,1593.75,,,,,,,,,,,,,,,,,,,,,,,,,,,,,,,,,,,,,,,,,,,,,,,,,,,,,,,,,,,,,,,,,,,,,,,,,,,,,,,,,,,,,,,,,,,,,,,,,,,,,,,,,,,,,,,,,,,,,,,,,,,,,,,,,,,,,,,,,,,,
GC-BCVI-GSBM-25-67,t,22,4,68,3,0.5132,9656.25,2343.75,7312.5,0.1885,9656.25,4593.75,5062.5,0.1026,3750,2343.75,1406.25,0.0597,4875,2625,2250,0.067,5437.5,3000,2437.5,,,,,,,,,,,,,,,,,,,,,,,,,,,,,,,,,,,,,,,,,,,,,,,,,,,,,,,,,,,,,,,,,,,,,,,,,,,,,,,,,,,,,,,,,,,,,,,,,,,,,,,,,,,,,,,,,,,,,,,,,,,,,,,,,,,,,,,,,,,,,,,,
GC-BCVI-GSBM-25-68,s,22,5,68,3,0.5701,5343.75,2718.75,2625,0.0905,5343.75,3468.75,1875,0.1775,5062.5,3937.5,1125,0.0541,4125,3187.5,937.5,0.0541,4593.75,3187.5,1406.25,0.0528,4500,2718.75,1781.25,,,,,,,,,,,,,,,,,,,,,,,,,,,,,,,,,,,,,,,,,,,,,,,,,,,,,,,,,,,,,,,,,,,,,,,,,,,,,,,,,,,,,,,,,,,,,,,,,,,,,,,,,,,,,,,,,,,,,,,,,,,,,,,,,,,,,,,,,,,,
GC-BCVI-GSBM-25-69,u,22,11,68,4,1.1982,8812.5,2531.25,6281.25,0.1767,8812.5,4500,4312.5,0.0524,3375,2812.5,562.5,0.0638,3562.5,2625,937.5,0.0559,3843.75,2625,1218.75,0.1186,5906.25,2718.75,3187.5,0.0399,4968.75,4312.5,656.25,0.0433,4781.25,3937.5,843.75,0.0388,4218.75,3187.5,1031.25,0.0376,3843.75,2812.5,1031.25,0.0319,3281.25,2625,656.25,0.0331,3093.75,2531.25,562.5,,,,,,,,,,,,,,,,,,,,,,,,,,,,,,,,,,,,,,,,,,,,,,,,,,,,,,,,,,,,,,,,,,,,,,,,,,,,,,,,,,,,,,,,,,,,,,,,,,,,,,,,,,,,,,,,,,,,
GC-BCVI-GSBM-25-70,v,22,3,68,3,0.2757,8250,2343.75,5906.25,0.0894,8250,4031.25,4218.75,0.0292,3656.25,3281.25,375,0.0513,3093.75,2343.75,750,,,,,,,,,,,,,,,,,,,,,,,,,,,,,,,,,,,,,,,,,,,,,,,,,,,,,,,,,,,,,,,,,,,,,,,,,,,,,,,,,,,,,,,,,,,,,,,,,,,,,,,,,,,,,,,,,,,,,,,,,,,,,,,,,,,,,,,,,,,,,,,,,,,,
GC-BCVI-GWOS-25-1,a,24,5,31,3,0.7102,6750,2531.25,4218.75,0.0607,6750,2718.75,4031.25,0.2256,6562.5,2625,3937.5,0.0587,3468.75,2531.25,937.5,0.0546,3843.75,2718.75,1125,0.0728,3750,2625,1125,,,,,,,,,,,,,,,,,,,,,,,,,,,,,,,,,,,,,,,,,,,,,,,,,,,,,,,,,,,,,,,,,,,,,,,,,,,,,,,,,,,,,,,,,,,,,,,,,,,,,,,,,,,,,,,,,,,,,,,,,,,,,,,,,,,,,,,,,,,,
GC-BCVI-GWOS-25-2,b,24,4,31,1,0.2989,8437.5,6000,2437.5,0.0476,8437.5,6000,2437.5,0.0591,8343.75,6562.5,1781.25,0.0698,8343.75,7031.25,1312.5,0.0645,8156.25,6750,1406.25,,,,,,,,,,,,,,,,,,,,,,,,,,,,,,,,,,,,,,,,,,,,,,,,,,,,,,,,,,,,,,,,,,,,,,,,,,,,,,,,,,,,,,,,,,,,,,,,,,,,,,,,,,,,,,,,,,,,,,,,,,,,,,,,,,,,,,,,,,,,,,,,
GC-BCVI-GWOS-25-3,c,24,2,31,1,0.1872,9187.5,2343.75,6843.75,0.0842,9187.5,2343.75,6843.75,0.0634,7312.5,4593.75,2718.75,,,,,,,,,,,,,,,,,,,,,,,,,,,,,,,,,,,,,,,,,,,,,,,,,,,,,,,,,,,,,,,,,,,,,,,,,,,,,,,,,,,,,,,,,,,,,,,,,,,,,,,,,,,,,,,,,,,,,,,,,,,,,,,,,,,,,,,,,,,,,,,,,,,,,,,,
GC-BCVI-GWOS-25-4,d,24,5,31,1,0.2207,6750,3281.25,3468.75,0.0676,6750,3281.25,3468.75,0.0643,6281.25,3937.5,2343.75,0.0607,5812.5,3468.75,2343.75,0.0625,5812.5,3656.25,2156.25,0.0643,6187.5,3937.5,2250,,,,,,,,,,,,,,,,,,,,,,,,,,,,,,,,,,,,,,,,,,,,,,,,,,,,,,,,,,,,,,,,,,,,,,,,,,,,,,,,,,,,,,,,,,,,,,,,,,,,,,,,,,,,,,,,,,,,,,,,,,,,,,,,,,,,,,,,,,,,
GC-BCVI-GWOS-25-5,e,24,7,31,2,0.6269,6656.25,2062.5,4593.75,0.2097,6656.25,2062.5,4593.75,0.0398,4406.25,3281.25,1125,0.0398,4406.25,3281.25,1125,0.0476,3937.5,2156.25,1781.25,0.0428,4406.25,3375,1031.25,0.0675,4500,2906.25,1593.75,0.0464,4312.5,3375,937.5,,,,,,,,,,,,,,,,,,,,,,,,,,,,,,,,,,,,,,,,,,,,,,,,,,,,,,,,,,,,,,,,,,,,,,,,,,,,,,,,,,,,,,,,,,,,,,,,,,,,,,,,,,,,,,,,,,,,,,,,,,,,,,,,,,,,
GC-BCVI-GWOS-25-6,f,24,4,31,2,0.4659,6656.25,2156.25,4500,0.1538,6656.25,2156.25,4500,0.0802,5812.5,4500,1312.5,0.0947,5625,4593.75,1031.25,0.0568,4500,2906.25,1593.75,,,,,,,,,,,,,,,,,,,,,,,,,,,,,,,,,,,,,,,,,,,,,,,,,,,,,,,,,,,,,,,,,,,,,,,,,,,,,,,,,,,,,,,,,,,,,,,,,,,,,,,,,,,,,,,,,,,,,,,,,,,,,,,,,,,,,,,,,,,,,,,,
GC-BCVI-GWOS-25-7,g,24,4,31,1,0.385,8062.5,2812.5,5250,0.062,7031.25,4593.75,2437.5,0.0741,7500,3093.75,4406.25,0.0574,7500,4125,3375,0.0704,8062.5,2812.5,5250,,,,,,,,,,,,,,,,,,,,,,,,,,,,,,,,,,,,,,,,,,,,,,,,,,,,,,,,,,,,,,,,,,,,,,,,,,,,,,,,,,,,,,,,,,,,,,,,,,,,,,,,,,,,,,,,,,,,,,,,,,,,,,,,,,,,,,,,,,,,,,,,
GC-BCVI-GWOS-25-8,h,24,3,31,2,0.4599,9468.75,2718.75,6750,0.0473,9468.75,4687.5,4781.25,0.0466,7781.25,4593.75,3187.5,0.0933,9468.75,2718.75,6750,,,,,,,,,,,,,,,,,,,,,,,,,,,,,,,,,,,,,,,,,,,,,,,,,,,,,,,,,,,,,,,,,,,,,,,,,,,,,,,,,,,,,,,,,,,,,,,,,,,,,,,,,,,,,,,,,,,,,,,,,,,,,,,,,,,,,,,,,,,,,,,,,,,,
GC-BCVI-GWOS-25-9,i,24,1,31,1,0.046,6843.75,4968.75,1875,0.046,6843.75,4968.75,1875,,,,,,,,,,,,,,,,,,,,,,,,,,,,,,,,,,,,,,,,,,,,,,,,,,,,,,,,,,,,,,,,,,,,,,,,,,,,,,,,,,,,,,,,,,,,,,,,,,,,,,,,,,,,,,,,,,,,,,,,,,,,,,,,,,,,,,,,,,,,,,,,,,,,,,,,,,,,
GC-BCVI-GWOS-25-10,j,24,7,31,2,0.3799,5062.5,3000,2062.5,0.0601,5062.5,4875,187.5,0.0373,4218.75,3000,1218.75,0.0406,4218.75,3281.25,937.5,0.0361,4125,3375,750,0.0361,4500,3375,1125,0.0438,3656.25,3093.75,562.5,0.0337,3937.5,3468.75,468.75,,,,,,,,,,,,,,,,,,,,,,,,,,,,,,,,,,,,,,,,,,,,,,,,,,,,,,,,,,,,,,,,,,,,,,,,,,,,,,,,,,,,,,,,,,,,,,,,,,,,,,,,,,,,,,,,,,,,,,,,,,,,,,,,,,,,
GC-BCVI-GWOS-25-11,k,24,4,31,2,0.4491,8156.25,2625,5531.25,0.1501,8156.25,3562.5,4593.75,0.0672,5156.25,3000,2156.25,0.0606,4687.5,2625,2062.5,0.0528,4500,2906.25,1593.75,,,,,,,,,,,,,,,,,,,,,,,,,,,,,,,,,,,,,,,,,,,,,,,,,,,,,,,,,,,,,,,,,,,,,,,,,,,,,,,,,,,,,,,,,,,,,,,,,,,,,,,,,,,,,,,,,,,,,,,,,,,,,,,,,,,,,,,,,,,,,,,,
GC-BCVI-GWOS-25-12,b,24,3,31,1,0.1923,8531.25,3656.25,4875,0.0436,8531.25,3843.75,4687.5,0.0567,8343.75,3656.25,4687.5,0.0493,7968.75,6281.25,1687.5,,,,,,,,,,,,,,,,,,,,,,,,,,,,,,,,,,,,,,,,,,,,,,,,,,,,,,,,,,,,,,,,,,,,,,,,,,,,,,,,,,,,,,,,,,,,,,,,,,,,,,,,,,,,,,,,,,,,,,,,,,,,,,,,,,,,,,,,,,,,,,,,,,,,
GC-BCVI-GWOS-25-13,l,24,4,31,2,0.4176,6281.25,2156.25,4125,0.0537,4687.5,2156.25,2531.25,0.0568,6281.25,2250,4031.25,0.0622,5625,3000,2625,0.0776,3750,2343.75,1406.25,,,,,,,,,,,,,,,,,,,,,,,,,,,,,,,,,,,,,,,,,,,,,,,,,,,,,,,,,,,,,,,,,,,,,,,,,,,,,,,,,,,,,,,,,,,,,,,,,,,,,,,,,,,,,,,,,,,,,,,,,,,,,,,,,,,,,,,,,,,,,,,,
GC-BCVI-GWOS-25-14,g,24,3,31,1,0.2801,7875,3093.75,4781.25,0.0587,7875,3093.75,4781.25,0.0601,7875,4125,3750,0.0646,7218.75,3468.75,3750,,,,,,,,,,,,,,,,,,,,,,,,,,,,,,,,,,,,,,,,,,,,,,,,,,,,,,,,,,,,,,,,,,,,,,,,,,,,,,,,,,,,,,,,,,,,,,,,,,,,,,,,,,,,,,,,,,,,,,,,,,,,,,,,,,,,,,,,,,,,,,,,,,,,
GC-BCVI-GWOS-25-15,a,24,5,31,3,0.6106,5625,2531.25,3093.75,0.0639,5625,3562.5,2062.5,0.204,5062.5,3562.5,1500,0.0616,3750,2531.25,1218.75,0.0616,3656.25,2625,1031.25,0.0624,3562.5,2625,937.5,,,,,,,,,,,,,,,,,,,,,,,,,,,,,,,,,,,,,,,,,,,,,,,,,,,,,,,,,,,,,,,,,,,,,,,,,,,,,,,,,,,,,,,,,,,,,,,,,,,,,,,,,,,,,,,,,,,,,,,,,,,,,,,,,,,,,,,,,,,,
GC-BCVI-GWOS-25-16,m,24,5,31,3,0.57,7968.75,1968.75,6000,0.0463,7968.75,4406.25,3562.5,0.0521,7781.25,6281.25,1500,0.0564,7687.5,6000,1687.5,0.0969,6562.5,3468.75,3093.75,0.0499,3281.25,1968.75,1312.5,,,,,,,,,,,,,,,,,,,,,,,,,,,,,,,,,,,,,,,,,,,,,,,,,,,,,,,,,,,,,,,,,,,,,,,,,,,,,,,,,,,,,,,,,,,,,,,,,,,,,,,,,,,,,,,,,,,,,,,,,,,,,,,,,,,,,,,,,,,,
GC-BCVI-GWOS-25-17,n,24,8,31,4,0.8282,8625,2062.5,6562.5,0.1563,8625,4781.25,3843.75,0.0418,3093.75,2250,843.75,0.0524,3937.5,2062.5,1875,0.0524,3750,2156.25,1593.75,0.0524,3656.25,2156.25,1500,0.0952,5343.75,4031.25,1312.5,0.068,6375,3750,2625,0.0495,6000,5250,750,,,,,,,,,,,,,,,,,,,,,,,,,,,,,,,,,,,,,,,,,,,,,,,,,,,,,,,,,,,,,,,,,,,,,,,,,,,,,,,,,,,,,,,,,,,,,,,,,,,,,,,,,,,,,,,,,,,,,,,,,,,,,,,,
GC-BCVI-GWOS-25-18,o,24,8,31,3,0.924,6562.5,2062.5,4500,0.0571,3375,2250,1125,0.0625,3468.75,2250,1218.75,0.0614,3562.5,2250,1312.5,0.2606,6562.5,4500,2062.5,0.0409,5062.5,2062.5,3000,0.0517,5437.5,2625,2812.5,0.0549,3656.25,2156.25,1500,0.0538,4500,2625,1875,,,,,,,,,,,,,,,,,,,,,,,,,,,,,,,,,,,,,,,,,,,,,,,,,,,,,,,,,,,,,,,,,,,,,,,,,,,,,,,,,,,,,,,,,,,,,,,,,,,,,,,,,,,,,,,,,,,,,,,,,,,,,,,,
GC-BCVI-GWOS-25-19,j,24,6,31,2,0.4171,5156.25,3187.5,1968.75,0.1056,5156.25,3843.75,1312.5,0.0367,4125,3281.25,843.75,0.0432,4218.75,3281.25,937.5,0.0405,4218.75,3375,843.75,0.0432,4500,3281.25,1218.75,0.0471,5062.5,3187.5,1875,,,,,,,,,,,,,,,,,,,,,,,,,,,,,,,,,,,,,,,,,,,,,,,,,,,,,,,,,,,,,,,,,,,,,,,,,,,,,,,,,,,,,,,,,,,,,,,,,,,,,,,,,,,,,,,,,,,,,,,,,,,,,,,,,,,,,,,,
GC-BCVI-GWOS-25-20,k,24,4,31,2,0.4534,8156.25,2812.5,5343.75,0.1374,8156.25,4125,4031.25,0.0684,4968.75,3468.75,1500,0.0684,4875,3000,1875,0.0561,4500,2812.5,1687.5,,,,,,,,,,,,,,,,,,,,,,,,,,,,,,,,,,,,,,,,,,,,,,,,,,,,,,,,,,,,,,,,,,,,,,,,,,,,,,,,,,,,,,,,,,,,,,,,,,,,,,,,,,,,,,,,,,,,,,,,,,,,,,,,,,,,,,,,,,,,,,,,
GC-BCVI-GWOS-25-21,d,24,4,31,1,0.3139,6656.25,3375,3281.25,0.0687,6656.25,3375,3281.25,0.0737,6093.75,3562.5,2531.25,0.0715,6281.25,3843.75,2437.5,0.0746,5812.5,3937.5,1875,,,,,,,,,,,,,,,,,,,,,,,,,,,,,,,,,,,,,,,,,,,,,,,,,,,,,,,,,,,,,,,,,,,,,,,,,,,,,,,,,,,,,,,,,,,,,,,,,,,,,,,,,,,,,,,,,,,,,,,,,,,,,,,,,,,,,,,,,,,,,,,,
GC-BCVI-GWOS-25-22,j,24,7,31,2,0.4844,7218.75,3093.75,4125,0.1105,7218.75,4125,3093.75,0.041,4406.25,3187.5,1218.75,0.0404,4312.5,3093.75,1218.75,0.0354,4125,3468.75,656.25,0.0441,4500,3187.5,1312.5,0.0422,3937.5,3468.75,468.75,0.0428,4875,3281.25,1593.75,,,,,,,,,,,,,,,,,,,,,,,,,,,,,,,,,,,,,,,,,,,,,,,,,,,,,,,,,,,,,,,,,,,,,,,,,,,,,,,,,,,,,,,,,,,,,,,,,,,,,,,,,,,,,,,,,,,,,,,,,,,,,,,,,,,,
GC-BCVI-GWOS-25-23,b,24,3,31,1,0.2014,8156.25,4031.25,4125,0.0432,7968.75,6562.5,1406.25,0.0452,7875,4031.25,3843.75,0.0478,8156.25,6937.5,1218.75,,,,,,,,,,,,,,,,,,,,,,,,,,,,,,,,,,,,,,,,,,,,,,,,,,,,,,,,,,,,,,,,,,,,,,,,,,,,,,,,,,,,,,,,,,,,,,,,,,,,,,,,,,,,,,,,,,,,,,,,,,,,,,,,,,,,,,,,,,,,,,,,,,,,
GC-BCVI-GWOS-25-24,m,24,7,31,3,0.5589,7781.25,2437.5,5343.75,0.0333,7781.25,5718.75,2062.5,0.0389,7031.25,5812.5,1218.75,0.0325,7031.25,6375,656.25,0.0835,4968.75,2625,2343.75,0.0616,3750,2906.25,843.75,0.0467,3468.75,2531.25,937.5,0.0474,3468.75,2437.5,1031.25,,,,,,,,,,,,,,,,,,,,,,,,,,,,,,,,,,,,,,,,,,,,,,,,,,,,,,,,,,,,,,,,,,,,,,,,,,,,,,,,,,,,,,,,,,,,,,,,,,,,,,,,,,,,,,,,,,,,,,,,,,,,,,,,,,,,
GC-BCVI-GWOS-25-25,i,24,3,31,1,0.1519,7218.75,3562.5,3656.25,0.024,4687.5,3562.5,1125,0.0341,6843.75,3937.5,2906.25,0.0413,7218.75,5062.5,2156.25,,,,,,,,,,,,,,,,,,,,,,,,,,,,,,,,,,,,,,,,,,,,,,,,,,,,,,,,,,,,,,,,,,,,,,,,,,,,,,,,,,,,,,,,,,,,,,,,,,,,,,,,,,,,,,,,,,,,,,,,,,,,,,,,,,,,,,,,,,,,,,,,,,,,
GC-BCVI-GWOS-25-26,d,24,3,31,1,0.2288,5250,2625,2625,0.0651,5062.5,2906.25,2156.25,0.0628,5250,2906.25,2343.75,0.0639,4687.5,2625,2062.5,,,,,,,,,,,,,,,,,,,,,,,,,,,,,,,,,,,,,,,,,,,,,,,,,,,,,,,,,,,,,,,,,,,,,,,,,,,,,,,,,,,,,,,,,,,,,,,,,,,,,,,,,,,,,,,,,,,,,,,,,,,,,,,,,,,,,,,,,,,,,,,,,,,,
GC-BCVI-GWOS-25-27,d,24,3,31,1,0.3205,6750,3375,3375,0.0727,6468.75,3375,3093.75,0.0701,6750,4031.25,2718.75,0.0731,6656.25,3750,2906.25,0.0714,5812.5,3656.25,2156.25,,,,,,,,,,,,,,,,,,,,,,,,,,,,,,,,,,,,,,,,,,,,,,,,,,,,,,,,,,,,,,,,,,,,,,,,,,,,,,,,,,,,,,,,,,,,,,,,,,,,,,,,,,,,,,,,,,,,,,,,,,,,,,,,,,,,,,,,,,,,,,,,
GC-BCVI-GWOS-25-28,j,24,6,31,2,0.41,5531.25,2906.25,2625,0.108,5531.25,3656.25,1875,0.0394,3656.25,2906.25,750,0.0443,4125,3187.5,937.5,0.04,4312.5,3468.75,843.75,0.0448,4031.25,3375,656.25,0.0421,4031.25,3468.75,562.5,,,,,,,,,,,,,,,,,,,,,,,,,,,,,,,,,,,,,,,,,,,,,,,,,,,,,,,,,,,,,,,,,,,,,,,,,,,,,,,,,,,,,,,,,,,,,,,,,,,,,,,,,,,,,,,,,,,,,,,,,,,,,,,,,,,,,,,,
GC-BCVI-GWOS-25-30,p,24,5,31,3,0.3692,5906.25,2062.5,3843.75,0.0686,5531.25,4593.75,937.5,0.061,5906.25,3937.5,1968.75,0.0534,2906.25,2062.5,843.75,0.0521,2906.25,2156.25,750,0.0524,3375,2156.25,1218.75,,,,,,,,,,,,,,,,,,,,,,,,,,,,,,,,,,,,,,,,,,,,,,,,,,,,,,,,,,,,,,,,,,,,,,,,,,,,,,,,,,,,,,,,,,,,,,,,,,,,,,,,,,,,,,,,,,,,,,,,,,,,,,,,,,,,,,,,,,,,
GC-BCVI-GWOS-25-31,q,24,5,31,3,0.6649,5625,2062.5,3562.5,0.0799,5156.25,3281.25,1875,0.209,5625,3093.75,2531.25,0.0673,4125,2625,1500,0.0602,3562.5,2250,1312.5,0.0641,3093.75,2062.5,1031.25,,,,,,,,,,,,,,,,,,,,,,,,,,,,,,,,,,,,,,,,,,,,,,,,,,,,,,,,,,,,,,,,,,,,,,,,,,,,,,,,,,,,,,,,,,,,,,,,,,,,,,,,,,,,,,,,,,,,,,,,,,,,,,,,,,,,,,,,,,,,
GC-BCVI-GWOS-25-34,j,24,6,31,2,0.4108,5343.75,3093.75,2250,0.0931,5343.75,3468.75,1875,0.0347,4218.75,3093.75,1125,0.0366,4218.75,3375,843.75,0.0418,4218.75,3281.25,937.5,0.0447,4031.25,3093.75,937.5,0.0292,3656.25,3187.5,468.75,,,,,,,,,,,,,,,,,,,,,,,,,,,,,,,,,,,,,,,,,,,,,,,,,,,,,,,,,,,,,,,,,,,,,,,,,,,,,,,,,,,,,,,,,,,,,,,,,,,,,,,,,,,,,,,,,,,,,,,,,,,,,,,,,,,,,,,,
GC-BCVI-GWOS-25-35,j,24,6,31,2,0.4344,5531.25,2343.75,3187.5,0.1291,5250,2343.75,2906.25,0.0357,4218.75,3093.75,1125,0.0403,4406.25,3375,1031.25,0.0432,4406.25,3375,1031.25,0.0478,5531.25,3281.25,2250,0.0513,5156.25,3187.5,1968.75,,,,,,,,,,,,,,,,,,,,,,,,,,,,,,,,,,,,,,,,,,,,,,,,,,,,,,,,,,,,,,,,,,,,,,,,,,,,,,,,,,,,,,,,,,,,,,,,,,,,,,,,,,,,,,,,,,,,,,,,,,,,,,,,,,,,,,,,
GC-BCVI-GWOS-25-36,k,24,4,31,2,0.4456,8531.25,3281.25,5250,0.1289,8531.25,3656.25,4875,0.0653,5250,3468.75,1781.25,0.0683,4687.5,3281.25,1406.25,0.0731,5156.25,3375,1781.25,,,,,,,,,,,,,,,,,,,,,,,,,,,,,,,,,,,,,,,,,,,,,,,,,,,,,,,,,,,,,,,,,,,,,,,,,,,,,,,,,,,,,,,,,,,,,,,,,,,,,,,,,,,,,,,,,,,,,,,,,,,,,,,,,,,,,,,,,,,,,,,,
GC-BCVI-GWOS-25-37,r,24,6,31,2,0.4807,6937.5,2156.25,4781.25,0.0295,3562.5,2437.5,1125,0.0344,3468.75,2343.75,1125,0.0362,2718.75,2250,468.75,0.037,3375,2156.25,1218.75,0.0737,6937.5,3375,3562.5,0.0798,6937.5,5250,1687.5,,,,,,,,,,,,,,,,,,,,,,,,,,,,,,,,,,,,,,,,,,,,,,,,,,,,,,,,,,,,,,,,,,,,,,,,,,,,,,,,,,,,,,,,,,,,,,,,,,,,,,,,,,,,,,,,,,,,,,,,,,,,,,,,,,,,,,,,
GC-BCVI-GWOS-25-38,d,24,4,31,1,0.3215,8156.25,3656.25,4500,0.0668,8156.25,4218.75,3937.5,0.0647,6562.5,4125,2437.5,0.0638,5718.75,3750,1968.75,0.0685,5906.25,3656.25,2250,,,,,,,,,,,,,,,,,,,,,,,,,,,,,,,,,,,,,,,,,,,,,,,,,,,,,,,,,,,,,,,,,,,,,,,,,,,,,,,,,,,,,,,,,,,,,,,,,,,,,,,,,,,,,,,,,,,,,,,,,,,,,,,,,,,,,,,,,,,,,,,,
GC-BCVI-GWOS-25-39,d,24,4,31,1,0.3075,6750,3656.25,3093.75,0.0525,6750,3750,3000,0.0701,6468.75,4031.25,2437.5,0.0615,6468.75,4031.25,2437.5,0.0715,6562.5,3656.25,2906.25,,,,,,,,,,,,,,,,,,,,,,,,,,,,,,,,,,,,,,,,,,,,,,,,,,,,,,,,,,,,,,,,,,,,,,,,,,,,,,,,,,,,,,,,,,,,,,,,,,,,,,,,,,,,,,,,,,,,,,,,,,,,,,,,,,,,,,,,,,,,,,,,
GC-BCVI-GWOS-25-40,d,24,4,31,1,0.3147,6281.25,3281.25,3000,0.0625,6187.5,3281.25,2906.25,0.0662,6281.25,4406.25,1875,0.0781,5812.5,3750,2062.5,0.0698,5906.25,3656.25,2250,,,,,,,,,,,,,,,,,,,,,,,,,,,,,,,,,,,,,,,,,,,,,,,,,,,,,,,,,,,,,,,,,,,,,,,,,,,,,,,,,,,,,,,,,,,,,,,,,,,,,,,,,,,,,,,,,,,,,,,,,,,,,,,,,,,,,,,,,,,,,,,,
GC-BCVI-GWOS-25-41,p,24,6,31,2,0.4599,5531.25,2062.5,3468.75,0.0784,5531.25,4500,1031.25,0.0647,5531.25,3843.75,1687.5,0.0548,3468.75,2250,1218.75,0.0604,2906.25,2062.5,843.75,0.0622,2812.5,2062.5,750,0.0641,3468.75,2250,1218.75,,,,,,,,,,,,,,,,,,,,,,,,,,,,,,,,,,,,,,,,,,,,,,,,,,,,,,,,,,,,,,,,,,,,,,,,,,,,,,,,,,,,,,,,,,,,,,,,,,,,,,,,,,,,,,,,,,,,,,,,,,,,,,,,,,,,,,,,
GC-BCVI-GWOS-25-42,k,24,4,31,2,0.4457,9562.5,2625,6937.5,0.1316,9562.5,4125,5437.5,0.0603,5343.75,3187.5,2156.25,0.0578,4687.5,2625,2062.5,0.062,4500,3187.5,1312.5,,,,,,,,,,,,,,,,,,,,,,,,,,,,,,,,,,,,,,,,,,,,,,,,,,,,,,,,,,,,,,,,,,,,,,,,,,,,,,,,,,,,,,,,,,,,,,,,,,,,,,,,,,,,,,,,,,,,,,,,,,,,,,,,,,,,,,,,,,,,,,,,
GC-BCVI-GWOS-25-43,s,24,8,31,3,0.6555,7031.25,2531.25,4500,0.0519,4781.25,2531.25,2250,0.07,6093.75,4593.75,1500,0.0574,7031.25,4875,2156.25,0.0762,5812.5,4500,1312.5,0.0464,3562.5,2718.75,843.75,0.0479,3375,2718.75,656.25,0.0464,3187.5,2625,562.5,0.0432,3187.5,2625,562.5,,,,,,,,,,,,,,,,,,,,,,,,,,,,,,,,,,,,,,,,,,,,,,,,,,,,,,,,,,,,,,,,,,,,,,,,,,,,,,,,,,,,,,,,,,,,,,,,,,,,,,,,,,,,,,,,,,,,,,,,,,,,,,,,
GC-BCVI-GWOS-25-44,t,24,6,31,2,0.4824,6843.75,2156.25,4687.5,0.0595,6843.75,4125,2718.75,0.0493,4125,2437.5,1687.5,0.0445,4031.25,2250,1781.25,0.0452,4218.75,2250,1968.75,0.0431,3937.5,2156.25,1781.25,0.0534,4218.75,2250,1968.75,,,,,,,,,,,,,,,,,,,,,,,,,,,,,,,,,,,,,,,,,,,,,,,,,,,,,,,,,,,,,,,,,,,,,,,,,,,,,,,,,,,,,,,,,,,,,,,,,,,,,,,,,,,,,,,,,,,,,,,,,,,,,,,,,,,,,,,,
GC-BCVI-GWOS-25-45,t,24,7,31,2,0.5413,6843.75,2437.5,4406.25,0.0604,6843.75,3750,3093.75,0.0458,3656.25,2437.5,1218.75,0.0531,3843.75,2437.5,1406.25,0.032,4218.75,2718.75,1500,0.0327,3656.25,2718.75,937.5,0.0255,3750,2625,1125,0.0262,3656.25,2625,1031.25,,,,,,,,,,,,,,,,,,,,,,,,,,,,,,,,,,,,,,,,,,,,,,,,,,,,,,,,,,,,,,,,,,,,,,,,,,,,,,,,,,,,,,,,,,,,,,,,,,,,,,,,,,,,,,,,,,,,,,,,,,,,,,,,,,,,
GC-BCVI-GWOS-25-46,s,24,8,31,3,0.6646,6750,2718.75,4031.25,0.0526,4218.75,3093.75,1125,0.0679,6093.75,4500,1593.75,0.0713,6468.75,4781.25,1687.5,0.0611,6750,4312.5,2437.5,0.0467,3562.5,2906.25,656.25,0.0467,3281.25,2718.75,562.5,0.0475,3281.25,2718.75,562.5,0.0441,3281.25,2718.75,562.5,,,,,,,,,,,,,,,,,,,,,,,,,,,,,,,,,,,,,,,,,,,,,,,,,,,,,,,,,,,,,,,,,,,,,,,,,,,,,,,,,,,,,,,,,,,,,,,,,,,,,,,,,,,,,,,,,,,,,,,,,,,,,,,,
GC-BCVI-GWOS-25-47,s,24,8,31,3,0.6697,6656.25,2437.5,4218.75,0.0438,3843.75,3187.5,656.25,0.0571,6281.25,4687.5,1593.75,0.0565,6656.25,4968.75,1687.5,0.0643,6000,4593.75,1406.25,0.0499,3750,3093.75,656.25,0.0462,3375,2625,750,0.0444,3281.25,2906.25,375,0.0408,3468.75,2437.5,1031.25,,,,,,,,,,,,,,,,,,,,,,,,,,,,,,,,,,,,,,,,,,,,,,,,,,,,,,,,,,,,,,,,,,,,,,,,,,,,,,,,,,,,,,,,,,,,,,,,,,,,,,,,,,,,,,,,,,,,,,,,,,,,,,,,
GC-BCVI-GWOS-25-48,u,24,1,31,1,0.0739,6187.5,3562.5,2625,0.0739,6187.5,3562.5,2625,,,,,,,,,,,,,,,,,,,,,,,,,,,,,,,,,,,,,,,,,,,,,,,,,,,,,,,,,,,,,,,,,,,,,,,,,,,,,,,,,,,,,,,,,,,,,,,,,,,,,,,,,,,,,,,,,,,,,,,,,,,,,,,,,,,,,,,,,,,,,,,,,,,,,,,,,,,,
GC-BCVI-GWOS-25-50,u,24,6,31,3,0.6135,5531.25,2062.5,3468.75,0.0747,5531.25,3562.5,1968.75,0.1258,4312.5,2062.5,2250,0.0579,4875,3656.25,1218.75,0.0488,4781.25,3468.75,1312.5,0.0495,4687.5,3468.75,1218.75,0.048,4687.5,3656.25,1031.25,,,,,,,,,,,,,,,,,,,,,,,,,,,,,,,,,,,,,,,,,,,,,,,,,,,,,,,,,,,,,,,,,,,,,,,,,,,,,,,,,,,,,,,,,,,,,,,,,,,,,,,,,,,,,,,,,,,,,,,,,,,,,,,,,,,,,,,,
GC-BCVI-GWOS-25-51,v,24,7,31,3,0.5944,7687.5,2156.25,5531.25,0.0685,7687.5,6750,937.5,0.032,5437.5,3093.75,2343.75,0.0298,5437.5,3375,2062.5,0.0337,5718.75,3187.5,2531.25,0.0724,3843.75,2812.5,1031.25,0.0818,3843.75,2625,1218.75,0.0768,3750,2156.25,1593.75,,,,,,,,,,,,,,,,,,,,,,,,,,,,,,,,,,,,,,,,,,,,,,,,,,,,,,,,,,,,,,,,,,,,,,,,,,,,,,,,,,,,,,,,,,,,,,,,,,,,,,,,,,,,,,,,,,,,,,,,,,,,,,,,,,,,
GC-BCVI-GWOS-25-52,w,24,6,31,3,0.7118,5906.25,2250,3656.25,0.1736,4406.25,3187.5,1218.75,0.0853,5625,3187.5,2437.5,0.0863,5906.25,4312.5,1593.75,0.0719,4406.25,2718.75,1687.5,0.077,3937.5,2250,1687.5,0.0842,3843.75,2250,1593.75,,,,,,,,,,,,,,,,,,,,,,,,,,,,,,,,,,,,,,,,,,,,,,,,,,,,,,,,,,,,,,,,,,,,,,,,,,,,,,,,,,,,,,,,,,,,,,,,,,,,,,,,,,,,,,,,,,,,,,,,,,,,,,,,,,,,,,,,
GC-BCVI-GWOS-25-53,x,24,5,31,2,0.4709,6468.75,3375,3093.75,0.0545,6468.75,4687.5,1781.25,0.0514,6468.75,5250,1218.75,0.0569,6093.75,5250,843.75,0.0636,5812.5,5156.25,656.25,0.092,5062.5,3375,1687.5,,,,,,,,,,,,,,,,,,,,,,,,,,,,,,,,,,,,,,,,,,,,,,,,,,,,,,,,,,,,,,,,,,,,,,,,,,,,,,,,,,,,,,,,,,,,,,,,,,,,,,,,,,,,,,,,,,,,,,,,,,,,,,,,,,,,,,,,,,,,
GC-BCVI-GWOS-25-54,o,24,5,31,2,0.5274,6375,2062.5,4312.5,0.1792,6375,3187.5,3187.5,0.043,4031.25,2062.5,1968.75,0.0492,4406.25,2437.5,1968.75,0.0502,4500,2250,2250,0.0502,4406.25,2156.25,2250,,,,,,,,,,,,,,,,,,,,,,,,,,,,,,,,,,,,,,,,,,,,,,,,,,,,,,,,,,,,,,,,,,,,,,,,,,,,,,,,,,,,,,,,,,,,,,,,,,,,,,,,,,,,,,,,,,,,,,,,,,,,,,,,,,,,,,,,,,,,
GC-BCVI-KSWM-25-1,a,10,5,35,3,0.5719,5437.5,2437.5,3000,0.0515,5437.5,2625,2812.5,0.1821,5343.75,3656.25,1687.5,0.0543,3843.75,2437.5,1406.25,0.0562,3656.25,2906.25,750,0.0562,3656.25,3000,656.25,,,,,,,,,,,,,,,,,,,,,,,,,,,,,,,,,,,,,,,,,,,,,,,,,,,,,,,,,,,,,,,,,,,,,,,,,,,,,,,,,,,,,,,,,,,,,,,,,,,,,,,,,,,,,,,,,,,,,,,,,,,,,,,,,,,,,,,,,,,,
GC-BCVI-KSWM-25-2,b,10,11,35,8,1.7617,9187.5,2437.5,6750,0.2185,5343.75,3750,1593.75,0.0373,9187.5,4218.75,4968.75,0.0466,3656.25,2812.5,843.75,0.0706,5062.5,4031.25,1031.25,0.072,6281.25,3937.5,2343.75,0.1266,5343.75,3750,1593.75,0.0879,5531.25,4218.75,1312.5,0.0666,3281.25,2437.5,843.75,0.06,3375,2437.5,937.5,0.068,3375,2625,750,0.0733,3375,2718.75,656.25,,,,,,,,,,,,,,,,,,,,,,,,,,,,,,,,,,,,,,,,,,,,,,,,,,,,,,,,,,,,,,,,,,,,,,,,,,,,,,,,,,,,,,,,,,,,,,,,,,,,,,,,,,,,,,,,,,,,
GC-BCVI-KSWM-25-3,a,10,5,35,3,0.4983,5250,2250,3000,0.0321,5250,4218.75,1031.25,0.1793,5156.25,3656.25,1500,0.0533,3656.25,2250,1406.25,0.0525,3656.25,2343.75,1312.5,0.0541,3843.75,2625,1218.75,,,,,,,,,,,,,,,,,,,,,,,,,,,,,,,,,,,,,,,,,,,,,,,,,,,,,,,,,,,,,,,,,,,,,,,,,,,,,,,,,,,,,,,,,,,,,,,,,,,,,,,,,,,,,,,,,,,,,,,,,,,,,,,,,,,,,,,,,,,,
GC-BCVI-KSWM-25-4,c,10,4,35,3,0.5668,6187.5,2718.75,3468.75,0.0685,6187.5,3000,3187.5,0.1417,6000,3000,3000,0.042,4781.25,3281.25,1500,0.042,4593.75,2718.75,1875,,,,,,,,,,,,,,,,,,,,,,,,,,,,,,,,,,,,,,,,,,,,,,,,,,,,,,,,,,,,,,,,,,,,,,,,,,,,,,,,,,,,,,,,,,,,,,,,,,,,,,,,,,,,,,,,,,,,,,,,,,,,,,,,,,,,,,,,,,,,,,,,
GC-BCVI-KSWM-25-6,a,10,5,35,3,0.5109,5250,2343.75,2906.25,0.0299,4125,3656.25,468.75,0.1707,5250,3562.5,1687.5,0.051,3468.75,2343.75,1125,0.0535,3468.75,2531.25,937.5,0.0529,3843.75,2718.75,1125,,,,,,,,,,,,,,,,,,,,,,,,,,,,,,,,,,,,,,,,,,,,,,,,,,,,,,,,,,,,,,,,,,,,,,,,,,,,,,,,,,,,,,,,,,,,,,,,,,,,,,,,,,,,,,,,,,,,,,,,,,,,,,,,,,,,,,,,,,,,
GC-BCVI-KSWM-25-7,a,10,5,35,3,0.5179,5812.5,2437.5,3375,0.0405,5812.5,4031.25,1781.25,0.1706,5156.25,3656.25,1500,0.0474,3468.75,2437.5,1031.25,0.056,3656.25,2718.75,937.5,0.0569,3750,2718.75,1031.25,,,,,,,,,,,,,,,,,,,,,,,,,,,,,,,,,,,,,,,,,,,,,,,,,,,,,,,,,,,,,,,,,,,,,,,,,,,,,,,,,,,,,,,,,,,,,,,,,,,,,,,,,,,,,,,,,,,,,,,,,,,,,,,,,,,,,,,,,,,,
GC-BCVI-KSWM-25-8,d,10,9,35,3,0.8561,6375,2531.25,3843.75,0.0794,6375,2531.25,3843.75,0.051,3750,3093.75,656.25,0.051,3843.75,3375,468.75,0.0451,3750,3562.5,187.5,0.0557,4781.25,3843.75,937.5,0.0308,4312.5,4125,187.5,0.0379,4312.5,3656.25,656.25,0.0866,5062.5,4218.75,843.75,0.0783,5343.75,4500,843.75,,,,,,,,,,,,,,,,,,,,,,,,,,,,,,,,,,,,,,,,,,,,,,,,,,,,,,,,,,,,,,,,,,,,,,,,,,,,,,,,,,,,,,,,,,,,,,,,,,,,,,,,,,,,,,,,,,,,,,,,,,,,
GC-BCVI-KSWM-25-9,b,10,6,35,3,0.6583,5156.25,2250,2906.25,0.1153,5156.25,3000,2156.25,0.1192,4968.75,3750,1218.75,0.0534,3468.75,2812.5,656.25,0.0658,3375,2625,750,0.0775,3468.75,2250,1218.75,0.0755,3375,2437.5,937.5,,,,,,,,,,,,,,,,,,,,,,,,,,,,,,,,,,,,,,,,,,,,,,,,,,,,,,,,,,,,,,,,,,,,,,,,,,,,,,,,,,,,,,,,,,,,,,,,,,,,,,,,,,,,,,,,,,,,,,,,,,,,,,,,,,,,,,,,
GC-BCVI-KSWM-25-10,e,10,13,35,6,1.5554,6562.5,2437.5,4125,0.122,4406.25,2437.5,1968.75,0.0775,4500,3656.25,843.75,0.06,4968.75,4406.25,562.5,0.0678,5156.25,4125,1031.25,0.0775,4968.75,4125,843.75,0.1027,6562.5,2718.75,3843.75,0.1375,6468.75,3375,3093.75,0.0697,4125,2718.75,1406.25,0.0717,4125,2718.75,1406.25,0.0523,4125,2718.75,1406.25,0.0678,3937.5,2812.5,1125,0.0736,4125,2625,1500,0.0581,3937.5,2718.75,1218.75,,,,,,,,,,,,,,,,,,,,,,,,,,,,,,,,,,,,,,,,,,,,,,,,,,,,,,,,,,,,,,,,,,,,,,,,,,,,,,,,,,,,,,,,,,,,,,,,,,,,,,,,,,,,
GC-BCVI-KSWM-25-13,f,10,7,35,4,0.777,6187.5,2156.25,4031.25,0.1777,5906.25,2250,3656.25,0.0524,5250,3000,2250,0.0631,6187.5,4406.25,1781.25,0.0642,4031.25,2437.5,1593.75,0.0631,3937.5,2156.25,1781.25,0.0599,4031.25,2156.25,1875,0.0599,3937.5,2250,1687.5,,,,,,,,,,,,,,,,,,,,,,,,,,,,,,,,,,,,,,,,,,,,,,,,,,,,,,,,,,,,,,,,,,,,,,,,,,,,,,,,,,,,,,,,,,,,,,,,,,,,,,,,,,,,,,,,,,,,,,,,,,,,,,,,,,,,
GC-BCVI-KSWM-25-14,b,10,4,35,4,0.4086,7312.5,2343.75,4968.75,0.107,5062.5,2343.75,2718.75,0.0627,7312.5,7031.25,281.25,0.0418,5156.25,3468.75,1687.5,0.0476,4875,4406.25,468.75,,,,,,,,,,,,,,,,,,,,,,,,,,,,,,,,,,,,,,,,,,,,,,,,,,,,,,,,,,,,,,,,,,,,,,,,,,,,,,,,,,,,,,,,,,,,,,,,,,,,,,,,,,,,,,,,,,,,,,,,,,,,,,,,,,,,,,,,,,,,,,,,
GC-BCVI-KSWM-25-15,e,10,7,35,2,0.5912,5718.75,2625,3093.75,0.12,5718.75,3656.25,2062.5,0.068,4218.75,2625,1593.75,0.0576,4125,2625,1500,0.0512,4125,2906.25,1218.75,0.0656,4031.25,2625,1406.25,0.0528,4031.25,2625,1406.25,0.0504,3937.5,2625,1312.5,,,,,,,,,,,,,,,,,,,,,,,,,,,,,,,,,,,,,,,,,,,,,,,,,,,,,,,,,,,,,,,,,,,,,,,,,,,,,,,,,,,,,,,,,,,,,,,,,,,,,,,,,,,,,,,,,,,,,,,,,,,,,,,,,,,,
GC-BCVI-KSWM-25-16,b,10,6,35,3,0.6322,5156.25,2437.5,2718.75,0.0985,5062.5,3468.75,1593.75,0.1161,5156.25,3656.25,1500,0.061,3281.25,2437.5,843.75,0.0568,3375,2625,750,0.0626,3281.25,2625,656.25,0.0626,3187.5,2531.25,656.25,,,,,,,,,,,,,,,,,,,,,,,,,,,,,,,,,,,,,,,,,,,,,,,,,,,,,,,,,,,,,,,,,,,,,,,,,,,,,,,,,,,,,,,,,,,,,,,,,,,,,,,,,,,,,,,,,,,,,,,,,,,,,,,,,,,,,,,,
GC-BCVI-KSWM-25-18,e,10,6,35,2,0.5283,6468.75,2437.5,4031.25,0.1301,6468.75,2437.5,4031.25,0.0565,4031.25,2812.5,1218.75,0.0642,4031.25,2625,1406.25,0.0599,4031.25,2718.75,1312.5,0.0539,4031.25,2625,1406.25,0.0557,3937.5,2531.25,1406.25,,,,,,,,,,,,,,,,,,,,,,,,,,,,,,,,,,,,,,,,,,,,,,,,,,,,,,,,,,,,,,,,,,,,,,,,,,,,,,,,,,,,,,,,,,,,,,,,,,,,,,,,,,,,,,,,,,,,,,,,,,,,,,,,,,,,,,,,
GC-BCVI-KSWM-25-19,b,10,1,35,1,0.0725,5531.25,3468.75,2062.5,0.0725,5531.25,3468.75,2062.5,,,,,,,,,,,,,,,,,,,,,,,,,,,,,,,,,,,,,,,,,,,,,,,,,,,,,,,,,,,,,,,,,,,,,,,,,,,,,,,,,,,,,,,,,,,,,,,,,,,,,,,,,,,,,,,,,,,,,,,,,,,,,,,,,,,,,,,,,,,,,,,,,,,,,,,,,,,,
GC-BCVI-KSWM-25-21,b,10,7,35,3,0.7018,6562.5,2531.25,4031.25,0.0962,6562.5,3187.5,3375,0.0739,5906.25,3656.25,2250,0.0583,3281.25,2718.75,562.5,0.0593,3281.25,2531.25,750,0.0564,3375,2625,750,0.0661,3281.25,2531.25,750,0.0603,3281.25,2625,656.25,,,,,,,,,,,,,,,,,,,,,,,,,,,,,,,,,,,,,,,,,,,,,,,,,,,,,,,,,,,,,,,,,,,,,,,,,,,,,,,,,,,,,,,,,,,,,,,,,,,,,,,,,,,,,,,,,,,,,,,,,,,,,,,,,,,,
GC-BCVI-KSWM-25-22,e,10,6,35,2,0.5284,6750,2625,4125,0.13,6750,3187.5,3562.5,0.0622,4406.25,2718.75,1687.5,0.0546,4125,2625,1500,0.0546,4031.25,2625,1406.25,0.0593,4125,2625,1500,0.0537,4031.25,2718.75,1312.5,,,,,,,,,,,,,,,,,,,,,,,,,,,,,,,,,,,,,,,,,,,,,,,,,,,,,,,,,,,,,,,,,,,,,,,,,,,,,,,,,,,,,,,,,,,,,,,,,,,,,,,,,,,,,,,,,,,,,,,,,,,,,,,,,,,,,,,,
GC-BCVI-KSWM-25-23,b,10,7,35,3,0.7227,5250,2625,2625,0.1111,5062.5,3000,2062.5,0.0744,5250,3468.75,1781.25,0.0561,3562.5,2812.5,750,0.0618,3656.25,2718.75,937.5,0.0607,3468.75,2625,843.75,0.0733,3281.25,2718.75,562.5,0.063,3375,2625,750,,,,,,,,,,,,,,,,,,,,,,,,,,,,,,,,,,,,,,,,,,,,,,,,,,,,,,,,,,,,,,,,,,,,,,,,,,,,,,,,,,,,,,,,,,,,,,,,,,,,,,,,,,,,,,,,,,,,,,,,,,,,,,,,,,,,
GC-BCVI-KSWM-25-25,b,10,7,35,3,0.7191,5343.75,2531.25,2812.5,0.1077,5062.5,3281.25,1781.25,0.0913,5343.75,3375,1968.75,0.0638,3375,2625,750,0.0611,3562.5,2625,937.5,0.0638,3375,2625,750,0.072,3375,2625,750,0.0597,3281.25,2531.25,750,,,,,,,,,,,,,,,,,,,,,,,,,,,,,,,,,,,,,,,,,,,,,,,,,,,,,,,,,,,,,,,,,,,,,,,,,,,,,,,,,,,,,,,,,,,,,,,,,,,,,,,,,,,,,,,,,,,,,,,,,,,,,,,,,,,,
GC-BCVI-KSWM-25-26,g,10,7,35,4,0.5942,6843.75,2250,4593.75,0.084,6843.75,2250,4593.75,0.042,6375,4406.25,1968.75,0.0395,6187.5,4687.5,1500,0.0403,6000,5250,750,0.0462,6000,5062.5,937.5,0.0269,5156.25,4406.25,750,0.0395,4125,3468.75,656.25,,,,,,,,,,,,,,,,,,,,,,,,,,,,,,,,,,,,,,,,,,,,,,,,,,,,,,,,,,,,,,,,,,,,,,,,,,,,,,,,,,,,,,,,,,,,,,,,,,,,,,,,,,,,,,,,,,,,,,,,,,,,,,,,,,,,
GC-BCVI-KSWM-25-27,f,10,7,35,4,0.7295,6843.75,2062.5,4781.25,0.179,5437.5,4218.75,1218.75,0.0518,5531.25,2906.25,2625,0.0563,6843.75,4218.75,2625,0.0627,3750,2437.5,1312.5,0.0607,4125,2062.5,2062.5,0.0575,3562.5,2156.25,1406.25,0.046,3843.75,2062.5,1781.25,,,,,,,,,,,,,,,,,,,,,,,,,,,,,,,,,,,,,,,,,,,,,,,,,,,,,,,,,,,,,,,,,,,,,,,,,,,,,,,,,,,,,,,,,,,,,,,,,,,,,,,,,,,,,,,,,,,,,,,,,,,,,,,,,,,,
GC-BCVI-KSWM-25-28,e,10,6,35,2,0.546,6843.75,2531.25,4312.5,0.1496,6843.75,3000,3843.75,0.0548,4125,2718.75,1406.25,0.0555,4031.25,2718.75,1312.5,0.0586,4218.75,2531.25,1687.5,0.0517,4031.25,2531.25,1500,0.0571,3843.75,2625,1218.75,,,,,,,,,,,,,,,,,,,,,,,,,,,,,,,,,,,,,,,,,,,,,,,,,,,,,,,,,,,,,,,,,,,,,,,,,,,,,,,,,,,,,,,,,,,,,,,,,,,,,,,,,,,,,,,,,,,,,,,,,,,,,,,,,,,,,,,,
GC-BCVI-KSWM-25-30,b,10,6,35,3,0.7878,5812.5,2343.75,3468.75,0.1031,5250,3281.25,1968.75,0.0879,5812.5,3281.25,2531.25,0.0651,4500,2625,1875,0.0629,3750,2625,1125,0.0629,3375,2812.5,562.5,0.0619,3375,2343.75,1031.25,,,,,,,,,,,,,,,,,,,,,,,,,,,,,,,,,,,,,,,,,,,,,,,,,,,,,,,,,,,,,,,,,,,,,,,,,,,,,,,,,,,,,,,,,,,,,,,,,,,,,,,,,,,,,,,,,,,,,,,,,,,,,,,,,,,,,,,,
GC-BCVI-KSWM-25-31,e,10,7,35,2,0.611,6375,2625,3750,0.0522,3937.5,2625,1312.5,0.0522,4031.25,2625,1406.25,0.0532,3937.5,2718.75,1218.75,0.056,4031.25,2812.5,1218.75,0.0588,3843.75,2625,1218.75,0.0672,4406.25,2718.75,1687.5,0.1399,6375,3750,2625,,,,,,,,,,,,,,,,,,,,,,,,,,,,,,,,,,,,,,,,,,,,,,,,,,,,,,,,,,,,,,,,,,,,,,,,,,,,,,,,,,,,,,,,,,,,,,,,,,,,,,,,,,,,,,,,,,,,,,,,,,,,,,,,,,,,
GC-BCVI-KSWM-25-32,b,10,6,35,3,0.6513,5156.25,2437.5,2718.75,0.1182,5156.25,3375,1781.25,0.0851,4687.5,3656.25,1031.25,0.0627,3281.25,2437.5,843.75,0.0672,3375,2531.25,843.75,0.0699,3375,2625,750,0.069,3375,2718.75,656.25,,,,,,,,,,,,,,,,,,,,,,,,,,,,,,,,,,,,,,,,,,,,,,,,,,,,,,,,,,,,,,,,,,,,,,,,,,,,,,,,,,,,,,,,,,,,,,,,,,,,,,,,,,,,,,,,,,,,,,,,,,,,,,,,,,,,,,,,
GC-BCVI-KSWM-25-35,b,10,7,35,3,0.7386,6375,2531.25,3843.75,0.1054,6375,3375,3000,0.0847,6281.25,3656.25,2625,0.0546,3281.25,2531.25,750,0.0602,3375,2531.25,843.75,0.064,3375,2531.25,843.75,0.0621,3375,2625,750,0.0593,3375,2625,750,,,,,,,,,,,,,,,,,,,,,,,,,,,,,,,,,,,,,,,,,,,,,,,,,,,,,,,,,,,,,,,,,,,,,,,,,,,,,,,,,,,,,,,,,,,,,,,,,,,,,,,,,,,,,,,,,,,,,,,,,,,,,,,,,,,,
GC-BCVI-KSWM-25-36,g,10,6,35,4,0.5751,6656.25,2718.75,3937.5,0.091,6562.5,2718.75,3843.75,0.0504,6656.25,5812.5,843.75,0.0442,6562.5,5437.5,1125,0.0451,5906.25,5343.75,562.5,0.0495,6000,4968.75,1031.25,0.0239,5062.5,4406.25,656.25,0.0459,4875,3468.75,1406.25,,,,,,,,,,,,,,,,,,,,,,,,,,,,,,,,,,,,,,,,,,,,,,,,,,,,,,,,,,,,,,,,,,,,,,,,,,,,,,,,,,,,,,,,,,,,,,,,,,,,,,,,,,,,,,,,,,,,,,,,,,,,,,,,,,,,
GC-BCVI-KSWM-25-37,g,10,5,35,2,0.3834,5812.5,3000,2812.5,0.0893,5250,3000,2250,0.0444,4500,3093.75,1406.25,0.0465,5812.5,3187.5,2625,0.0524,5812.5,4312.5,1500,0.0503,5812.5,4125,1687.5,,,,,,,,,,,,,,,,,,,,,,,,,,,,,,,,,,,,,,,,,,,,,,,,,,,,,,,,,,,,,,,,,,,,,,,,,,,,,,,,,,,,,,,,,,,,,,,,,,,,,,,,,,,,,,,,,,,,,,,,,,,,,,,,,,,,,,,,,,,,
GC-BCVI-KSWM-25-38,e,10,7,35,2,0.6079,7312.5,2531.25,4781.25,0.1276,7312.5,3187.5,4125,0.062,4406.25,2906.25,1500,0.0541,4031.25,2812.5,1218.75,0.0638,4031.25,2625,1406.25,0.0549,4031.25,2718.75,1312.5,0.0611,4031.25,2625,1406.25,0.0505,3843.75,2531.25,1312.5,,,,,,,,,,,,,,,,,,,,,,,,,,,,,,,,,,,,,,,,,,,,,,,,,,,,,,,,,,,,,,,,,,,,,,,,,,,,,,,,,,,,,,,,,,,,,,,,,,,,,,,,,,,,,,,,,,,,,,,,,,,,,,,,,,,,
GC-BCVI-KSWM-25-39,e,10,8,35,2,0.6717,5718.75,2625,3093.75,0.1339,5718.75,3281.25,2437.5,0.0669,4218.75,2718.75,1500,0.0639,4031.25,2625,1406.25,0.0549,4031.25,2718.75,1312.5,0.0549,4031.25,2812.5,1218.75,0.0647,3937.5,2625,1312.5,0.0602,3937.5,2625,1312.5,0.0557,3937.5,2625,1312.5,,,,,,,,,,,,,,,,,,,,,,,,,,,,,,,,,,,,,,,,,,,,,,,,,,,,,,,,,,,,,,,,,,,,,,,,,,,,,,,,,,,,,,,,,,,,,,,,,,,,,,,,,,,,,,,,,,,,,,,,,,,,,,,,
GC-BCVI-KSWM-25-40,e,10,8,35,2,0.6856,6375,2625,3750,0.1295,6375,3375,3000,0.0544,4312.5,2718.75,1593.75,0.0577,4125,2812.5,1312.5,0.0599,4031.25,2812.5,1218.75,0.0653,4031.25,2625,1406.25,0.0609,3937.5,2718.75,1218.75,0.0609,3937.5,2625,1312.5,0.0609,3937.5,2625,1312.5,,,,,,,,,,,,,,,,,,,,,,,,,,,,,,,,,,,,,,,,,,,,,,,,,,,,,,,,,,,,,,,,,,,,,,,,,,,,,,,,,,,,,,,,,,,,,,,,,,,,,,,,,,,,,,,,,,,,,,,,,,,,,,,,
GC-BCVI-KSWM-25-41,b,10,7,35,3,0.717,5156.25,2625,2531.25,0.118,3937.5,3187.5,750,0.0922,5156.25,3187.5,1968.75,0.0615,3468.75,2625,843.75,0.0664,3375,2625,750,0.0585,3375,2625,750,0.0595,3281.25,2625,656.25,0.0655,3281.25,2718.75,562.5,,,,,,,,,,,,,,,,,,,,,,,,,,,,,,,,,,,,,,,,,,,,,,,,,,,,,,,,,,,,,,,,,,,,,,,,,,,,,,,,,,,,,,,,,,,,,,,,,,,,,,,,,,,,,,,,,,,,,,,,,,,,,,,,,,,,
GC-BCVI-KSWM-25-42,e,10,7,35,2,0.611,7031.25,2531.25,4500,0.14,7031.25,3750,3281.25,0.0596,4218.75,2625,1593.75,0.0549,4218.75,2531.25,1687.5,0.0586,4125,2718.75,1406.25,0.052,3937.5,2718.75,1218.75,0.0568,4031.25,2718.75,1312.5,0.0586,4031.25,2625,1406.25,,,,,,,,,,,,,,,,,,,,,,,,,,,,,,,,,,,,,,,,,,,,,,,,,,,,,,,,,,,,,,,,,,,,,,,,,,,,,,,,,,,,,,,,,,,,,,,,,,,,,,,,,,,,,,,,,,,,,,,,,,,,,,,,,,,,
GC-BCVI-KSWM-25-43,e,10,7,35,2,0.6107,5625,2625,3000,0.1325,5625,3281.25,2343.75,0.0645,4312.5,2906.25,1406.25,0.0573,4031.25,2625,1406.25,0.0591,4031.25,2625,1406.25,0.0555,4031.25,2718.75,1312.5,0.0573,4031.25,2625,1406.25,0.0555,3937.5,2625,1312.5,,,,,,,,,,,,,,,,,,,,,,,,,,,,,,,,,,,,,,,,,,,,,,,,,,,,,,,,,,,,,,,,,,,,,,,,,,,,,,,,,,,,,,,,,,,,,,,,,,,,,,,,,,,,,,,,,,,,,,,,,,,,,,,,,,,,
GC-BCVI-KSWM-25-44,b,10,6,35,3,0.611,5156.25,2625,2531.25,0.1163,4875,3093.75,1781.25,0.0932,5156.25,3187.5,1968.75,0.0618,3281.25,2718.75,562.5,0.0554,3375,2625,750,0.0655,3375,2718.75,656.25,0.0591,3375,2718.75,656.25,,,,,,,,,,,,,,,,,,,,,,,,,,,,,,,,,,,,,,,,,,,,,,,,,,,,,,,,,,,,,,,,,,,,,,,,,,,,,,,,,,,,,,,,,,,,,,,,,,,,,,,,,,,,,,,,,,,,,,,,,,,,,,,,,,,,,,,,
GC-BCVI-KSWM-25-46,e,10,7,35,2,0.6015,7125,2625,4500,0.1281,7125,2718.75,4406.25,0.061,4312.5,2718.75,1593.75,0.0566,4125,2718.75,1406.25,0.0541,4125,2625,1500,0.0616,3937.5,2625,1312.5,0.051,4125,2625,1500,0.0566,4031.25,2718.75,1312.5,,,,,,,,,,,,,,,,,,,,,,,,,,,,,,,,,,,,,,,,,,,,,,,,,,,,,,,,,,,,,,,,,,,,,,,,,,,,,,,,,,,,,,,,,,,,,,,,,,,,,,,,,,,,,,,,,,,,,,,,,,,,,,,,,,,,
GC-BCVI-KSWM-25-47,b,10,5,35,2,0.447,5250,2062.5,3187.5,0.0897,5250,3750,1500,0.0718,3281.25,2437.5,843.75,0.0655,3375,2437.5,937.5,0.0757,3375,2062.5,1312.5,0.078,3375,2718.75,656.25,,,,,,,,,,,,,,,,,,,,,,,,,,,,,,,,,,,,,,,,,,,,,,,,,,,,,,,,,,,,,,,,,,,,,,,,,,,,,,,,,,,,,,,,,,,,,,,,,,,,,,,,,,,,,,,,,,,,,,,,,,,,,,,,,,,,,,,,,,,,
GC-BCVI-KSWM-25-48,g,10,7,35,4,0.6004,6281.25,3093.75,3187.5,0.0781,5718.75,3093.75,2625,0.0477,5812.5,4406.25,1406.25,0.0416,6187.5,4125,2062.5,0.0425,6281.25,4125,2156.25,0.0512,5812.5,4781.25,1031.25,0.0312,5062.5,4312.5,750,0.0425,4218.75,3562.5,656.25,,,,,,,,,,,,,,,,,,,,,,,,,,,,,,,,,,,,,,,,,,,,,,,,,,,,,,,,,,,,,,,,,,,,,,,,,,,,,,,,,,,,,,,,,,,,,,,,,,,,,,,,,,,,,,,,,,,,,,,,,,,,,,,,,,,,
GC-BCVI-KSWM-25-49,e,10,6,35,2,0.5443,6281.25,2625,3656.25,0.1469,6281.25,3375,2906.25,0.0647,4125,2718.75,1406.25,0.0536,4031.25,2718.75,1312.5,0.0554,4031.25,2718.75,1312.5,0.0536,4125,2625,1500,0.049,3937.5,2718.75,1218.75,,,,,,,,,,,,,,,,,,,,,,,,,,,,,,,,,,,,,,,,,,,,,,,,,,,,,,,,,,,,,,,,,,,,,,,,,,,,,,,,,,,,,,,,,,,,,,,,,,,,,,,,,,,,,,,,,,,,,,,,,,,,,,,,,,,,,,,,
GC-BCVI-KSWM-25-53,e,10,7,35,2,0.6451,5531.25,2625,2906.25,0.0562,3843.75,2625,1218.75,0.0562,4125,2718.75,1406.25,0.0573,4031.25,2812.5,1218.75,0.0583,4125,2718.75,1406.25,0.0594,4031.25,2625,1406.25,0.0594,3937.5,2812.5,1125,0.1453,5531.25,3843.75,1687.5,,,,,,,,,,,,,,,,,,,,,,,,,,,,,,,,,,,,,,,,,,,,,,,,,,,,,,,,,,,,,,,,,,,,,,,,,,,,,,,,,,,,,,,,,,,,,,,,,,,,,,,,,,,,,,,,,,,,,,,,,,,,,,,,,,,,
GC-BCVI-KSWM-25-55,b,10,5,35,2,0.4301,5531.25,3093.75,2437.5,0.1143,4312.5,3093.75,1218.75,0.0578,4875,3656.25,1218.75,0.0505,5531.25,4593.75,937.5,0.0572,5437.5,4312.5,1125,0.0558,5437.5,4312.5,1125,,,,,,,,,,,,,,,,,,,,,,,,,,,,,,,,,,,,,,,,,,,,,,,,,,,,,,,,,,,,,,,,,,,,,,,,,,,,,,,,,,,,,,,,,,,,,,,,,,,,,,,,,,,,,,,,,,,,,,,,,,,,,,,,,,,,,,,,,,,,
GC-BCVI-KSWM-25-56,h,10,1,35,1,0.0824,6281.25,2250,4031.25,0.0824,6281.25,2250,4031.25,,,,,,,,,,,,,,,,,,,,,,,,,,,,,,,,,,,,,,,,,,,,,,,,,,,,,,,,,,,,,,,,,,,,,,,,,,,,,,,,,,,,,,,,,,,,,,,,,,,,,,,,,,,,,,,,,,,,,,,,,,,,,,,,,,,,,,,,,,,,,,,,,,,,,,,,,,,,
GC-BCVI-KSWM-25-57,e,10,7,35,2,0.7284,6468.75,2625,3843.75,0.2105,6468.75,2718.75,3750,0.0563,4125,2718.75,1406.25,0.0573,4031.25,2625,1406.25,0.0584,4031.25,2718.75,1312.5,0.0594,4125,2718.75,1406.25,0.0615,3937.5,2718.75,1218.75,0.0594,4031.25,2625,1406.25,,,,,,,,,,,,,,,,,,,,,,,,,,,,,,,,,,,,,,,,,,,,,,,,,,,,,,,,,,,,,,,,,,,,,,,,,,,,,,,,,,,,,,,,,,,,,,,,,,,,,,,,,,,,,,,,,,,,,,,,,,,,,,,,,,,,
GC-BCVI-KSWM-25-58,b,10,7,35,3,0.744,5437.5,2531.25,2906.25,0.1005,4593.75,3187.5,1406.25,0.0806,5437.5,3656.25,1781.25,0.0578,3656.25,2812.5,843.75,0.0607,3750,2531.25,1218.75,0.0559,3375,2718.75,656.25,0.0682,3375,2625,750,0.073,3281.25,2625,656.25,,,,,,,,,,,,,,,,,,,,,,,,,,,,,,,,,,,,,,,,,,,,,,,,,,,,,,,,,,,,,,,,,,,,,,,,,,,,,,,,,,,,,,,,,,,,,,,,,,,,,,,,,,,,,,,,,,,,,,,,,,,,,,,,,,,,
GC-BCVI-KSWM-25-60,g,10,7,35,4,0.5559,6093.75,2343.75,3750,0.0938,4875,2343.75,2531.25,0.0503,5250,2718.75,2531.25,0.0546,6093.75,4125,1968.75,0.0486,5343.75,4125,1218.75,0.0503,5531.25,4125,1406.25,0.0281,4687.5,3937.5,750,0.0401,4125,3281.25,843.75,,,,,,,,,,,,,,,,,,,,,,,,,,,,,,,,,,,,,,,,,,,,,,,,,,,,,,,,,,,,,,,,,,,,,,,,,,,,,,,,,,,,,,,,,,,,,,,,,,,,,,,,,,,,,,,,,,,,,,,,,,,,,,,,,,,,
GC-BCVI-KSWM-25-61,i,10,6,35,3,0.8396,6750,2343.75,4406.25,0.1519,5718.75,3187.5,2531.25,0.0417,3843.75,2531.25,1312.5,0.0396,3093.75,2343.75,750,0.046,3093.75,2437.5,656.25,0.0439,3281.25,2343.75,937.5,0.2578,6750,2718.75,4031.25,,,,,,,,,,,,,,,,,,,,,,,,,,,,,,,,,,,,,,,,,,,,,,,,,,,,,,,,,,,,,,,,,,,,,,,,,,,,,,,,,,,,,,,,,,,,,,,,,,,,,,,,,,,,,,,,,,,,,,,,,,,,,,,,,,,,,,,,
GC-BCVI-KSWM-25-62,i,10,13,35,5,1.4623,7500,2343.75,5156.25,0.1915,7500,3187.5,4312.5,0.0461,3656.25,2812.5,843.75,0.0425,3281.25,2625,656.25,0.0388,3000,2437.5,562.5,0.0406,3187.5,2343.75,843.75,0.0614,4500,3281.25,1218.75,0.1012,5625,2906.25,2718.75,0.0623,7125,3000,4125,0.0524,6000,4500,1500,0.0596,5531.25,3000,2531.25,0.0605,5250,3843.75,1406.25,0.0569,5343.75,3843.75,1500,0.047,5531.25,4406.25,1125,,,,,,,,,,,,,,,,,,,,,,,,,,,,,,,,,,,,,,,,,,,,,,,,,,,,,,,,,,,,,,,,,,,,,,,,,,,,,,,,,,,,,,,,,,,,,,,,,,,,,,,,,,,,
GC-BCVI-KSWM-25-64,e,10,9,35,2,0.7864,6187.5,2625,3562.5,0.1274,6187.5,4500,1687.5,0.0589,4125,2718.75,1406.25,0.0565,4125,2906.25,1218.75,0.0533,4125,2812.5,1312.5,0.0613,3937.5,2718.75,1218.75,0.0541,4031.25,2718.75,1312.5,0.0565,3843.75,2718.75,1125,0.0533,4031.25,2625,1406.25,0.0581,3937.5,2812.5,1125,,,,,,,,,,,,,,,,,,,,,,,,,,,,,,,,,,,,,,,,,,,,,,,,,,,,,,,,,,,,,,,,,,,,,,,,,,,,,,,,,,,,,,,,,,,,,,,,,,,,,,,,,,,,,,,,,,,,,,,,,,,,
GC-BCVI-KSWM-25-66,j,10,11,35,5,1.3193,6375,2812.5,3562.5,0.093,5531.25,3562.5,1968.75,0.0417,4500,2812.5,1687.5,0.0444,4781.25,2812.5,1968.75,0.1278,6375,4031.25,2343.75,0.0306,4125,3562.5,562.5,0.0319,4781.25,3375,1406.25,0.0444,4968.75,3375,1593.75,0.0403,4125,3468.75,656.25,0.0403,4218.75,4031.25,187.5,0.0764,5625,4125,1500,0.0833,5343.75,4218.75,1125,,,,,,,,,,,,,,,,,,,,,,,,,,,,,,,,,,,,,,,,,,,,,,,,,,,,,,,,,,,,,,,,,,,,,,,,,,,,,,,,,,,,,,,,,,,,,,,,,,,,,,,,,,,,,,,,,,,,
GC-BCVI-KSWM-25-67,f,10,7,35,4,0.7802,6187.5,2062.5,4125,0.1916,5531.25,4218.75,1312.5,0.0587,5531.25,2812.5,2718.75,0.0572,6187.5,4218.75,1968.75,0.0664,3843.75,2437.5,1406.25,0.0587,3468.75,2062.5,1406.25,0.0572,3656.25,2156.25,1500,0.068,3281.25,2062.5,1218.75,,,,,,,,,,,,,,,,,,,,,,,,,,,,,,,,,,,,,,,,,,,,,,,,,,,,,,,,,,,,,,,,,,,,,,,,,,,,,,,,,,,,,,,,,,,,,,,,,,,,,,,,,,,,,,,,,,,,,,,,,,,,,,,,,,,,
GC-BCVI-KSWR-25-1,a,15,8,33,4,0.8102,6750,3093.75,3656.25,0.146,6750,3375,3375,0.0401,3937.5,3562.5,375,0.0411,4781.25,3187.5,1593.75,0.0411,4781.25,4218.75,562.5,0.0392,5531.25,4500,1031.25,0.0803,6000,3937.5,2062.5,0.0739,5250,3656.25,1593.75,0.0639,4875,3093.75,1781.25,,,,,,,,,,,,,,,,,,,,,,,,,,,,,,,,,,,,,,,,,,,,,,,,,,,,,,,,,,,,,,,,,,,,,,,,,,,,,,,,,,,,,,,,,,,,,,,,,,,,,,,,,,,,,,,,,,,,,,,,,,,,,,,,
GC-BCVI-KSWR-25-2,a,15,10,33,5,1.079,6843.75,1968.75,4875,0.071,3562.5,2250,1312.5,0.1266,4687.5,1968.75,2718.75,0.1411,6843.75,3750,3093.75,0.0381,4218.75,3093.75,1125,0.0463,4968.75,3656.25,1312.5,0.0412,4968.75,3750,1218.75,0.0432,5062.5,4312.5,750,0.0741,6000,3750,2250,0.0793,5250,3656.25,1593.75,0.106,4125,2156.25,1968.75,,,,,,,,,,,,,,,,,,,,,,,,,,,,,,,,,,,,,,,,,,,,,,,,,,,,,,,,,,,,,,,,,,,,,,,,,,,,,,,,,,,,,,,,,,,,,,,,,,,,,,,,,,,,,,,,,,,,,,,,
GC-BCVI-KSWR-25-3,b,15,5,33,3,0.5105,7218.75,2718.75,4500,0.0799,7218.75,3937.5,3281.25,0.1574,4687.5,2718.75,1968.75,0.0412,6375,4593.75,1781.25,0.0366,6656.25,4687.5,1968.75,0.0349,6843.75,4781.25,2062.5,,,,,,,,,,,,,,,,,,,,,,,,,,,,,,,,,,,,,,,,,,,,,,,,,,,,,,,,,,,,,,,,,,,,,,,,,,,,,,,,,,,,,,,,,,,,,,,,,,,,,,,,,,,,,,,,,,,,,,,,,,,,,,,,,,,,,,,,,,,,
GC-BCVI-KSWR-25-4,c,15,6,33,3,0.7089,6843.75,2156.25,4687.5,0.1476,6843.75,4312.5,2531.25,0.1591,4031.25,2156.25,1875,0.0507,5625,3468.75,2156.25,0.0561,5531.25,4593.75,937.5,0.0516,5250,3937.5,1312.5,0.057,5062.5,4125,937.5,,,,,,,,,,,,,,,,,,,,,,,,,,,,,,,,,,,,,,,,,,,,,,,,,,,,,,,,,,,,,,,,,,,,,,,,,,,,,,,,,,,,,,,,,,,,,,,,,,,,,,,,,,,,,,,,,,,,,,,,,,,,,,,,,,,,,,,,
GC-BCVI-KSWR-25-6,d,15,6,33,3,0.6627,7500,2062.5,5437.5,0.1225,7500,3093.75,4406.25,0.1657,6187.5,3000,3187.5,0.0623,4406.25,2906.25,1500,0.0531,4125,3093.75,1031.25,0.0566,3468.75,2250,1218.75,0.0545,3281.25,2062.5,1218.75,,,,,,,,,,,,,,,,,,,,,,,,,,,,,,,,,,,,,,,,,,,,,,,,,,,,,,,,,,,,,,,,,,,,,,,,,,,,,,,,,,,,,,,,,,,,,,,,,,,,,,,,,,,,,,,,,,,,,,,,,,,,,,,,,,,,,,,,
GC-BCVI-KSWR-25-7,b,15,5,33,3,0.5656,7031.25,2812.5,4218.75,0.0826,7031.25,3750,3281.25,0.1704,4593.75,2812.5,1781.25,0.0509,6375,4781.25,1593.75,0.0476,6468.75,5531.25,937.5,0.0416,6281.25,5437.5,843.75,,,,,,,,,,,,,,,,,,,,,,,,,,,,,,,,,,,,,,,,,,,,,,,,,,,,,,,,,,,,,,,,,,,,,,,,,,,,,,,,,,,,,,,,,,,,,,,,,,,,,,,,,,,,,,,,,,,,,,,,,,,,,,,,,,,,,,,,,,,,
GC-BCVI-KSWR-25-8,e,15,9,33,4,0.9454,6281.25,2531.25,3750,0.0372,5531.25,5156.25,375,0.0439,5250,4875,375,0.0383,5062.5,4781.25,281.25,0.0372,4875,4125,750,0.1251,5625,2718.75,2906.25,0.0586,3843.75,3093.75,750,0.0541,3937.5,3187.5,750,0.0552,3937.5,3468.75,468.75,0.1961,6281.25,2531.25,3750,,,,,,,,,,,,,,,,,,,,,,,,,,,,,,,,,,,,,,,,,,,,,,,,,,,,,,,,,,,,,,,,,,,,,,,,,,,,,,,,,,,,,,,,,,,,,,,,,,,,,,,,,,,,,,,,,,,,,,,,,,,,
GC-BCVI-KSWR-25-9,f,15,7,33,2,0.3712,6562.5,2437.5,4125,0.0413,6281.25,5531.25,750,0.0299,6562.5,5531.25,1031.25,0.031,3187.5,2437.5,750,0.0337,3187.5,2906.25,281.25,0.038,3750,3562.5,187.5,0.0321,4125,3937.5,187.5,0.0359,4312.5,4031.25,281.25,,,,,,,,,,,,,,,,,,,,,,,,,,,,,,,,,,,,,,,,,,,,,,,,,,,,,,,,,,,,,,,,,,,,,,,,,,,,,,,,,,,,,,,,,,,,,,,,,,,,,,,,,,,,,,,,,,,,,,,,,,,,,,,,,,,,
GC-BCVI-KSWR-25-12,d,15,6,33,3,0.6867,6000,2625,3375,0.0847,6000,3187.5,2812.5,0.1712,5812.5,4500,1312.5,0.0512,4218.75,3187.5,1031.25,0.0565,4125,3281.25,843.75,0.0565,3375,2625,750,0.0565,3187.5,2625,562.5,,,,,,,,,,,,,,,,,,,,,,,,,,,,,,,,,,,,,,,,,,,,,,,,,,,,,,,,,,,,,,,,,,,,,,,,,,,,,,,,,,,,,,,,,,,,,,,,,,,,,,,,,,,,,,,,,,,,,,,,,,,,,,,,,,,,,,,,
GC-BCVI-KSWR-25-13,e,15,9,33,4,0.9072,5906.25,2531.25,3375,0.034,5531.25,4875,656.25,0.0308,5062.5,4687.5,375,0.0384,4875,4312.5,562.5,0.0384,4968.75,4312.5,656.25,0.1208,5625,2625,3000,0.0582,3656.25,3000,656.25,0.0516,4218.75,3375,843.75,0.0549,4218.75,3281.25,937.5,0.1867,5906.25,2531.25,3375,,,,,,,,,,,,,,,,,,,,,,,,,,,,,,,,,,,,,,,,,,,,,,,,,,,,,,,,,,,,,,,,,,,,,,,,,,,,,,,,,,,,,,,,,,,,,,,,,,,,,,,,,,,,,,,,,,,,,,,,,,,,
GC-BCVI-KSWR-25-15,d,15,6,33,3,0.7333,6000,2343.75,3656.25,0.0909,6000,2906.25,3093.75,0.1746,6000,3000,3000,0.0585,4312.5,2718.75,1593.75,0.0594,4218.75,2625,1593.75,0.0567,3375,2343.75,1031.25,0.0594,3281.25,2343.75,937.5,,,,,,,,,,,,,,,,,,,,,,,,,,,,,,,,,,,,,,,,,,,,,,,,,,,,,,,,,,,,,,,,,,,,,,,,,,,,,,,,,,,,,,,,,,,,,,,,,,,,,,,,,,,,,,,,,,,,,,,,,,,,,,,,,,,,,,,,
GC-BCVI-KSWR-25-16,f,15,15,33,4,0.918,6937.5,2343.75,4593.75,0.019,6656.25,3375,3281.25,0.0179,6937.5,5906.25,1031.25,0.0179,6656.25,6093.75,562.5,0.0212,6656.25,6187.5,468.75,0.0179,6750,6656.25,93.75,0.0168,6843.75,4875,1968.75,0.0682,4125,2625,1500,0.066,3468.75,2718.75,750,0.0458,6843.75,5718.75,1125,0.0358,6562.5,5343.75,1218.75,0.0403,4125,2343.75,1781.25,0.0447,3375,2906.25,468.75,0.0492,3750,3375,375,0.047,4031.25,3750,281.25,0.0414,4125,3843.75,281.25,,,,,,,,,,,,,,,,,,,,,,,,,,,,,,,,,,,,,,,,,,,,,,,,,,,,,,,,,,,,,,,,,,,,,,,,,,,,,,,,,,,,,,,,,,,,,,,,,,,,
GC-BCVI-KSWR-25-18,o,15,3,33,2,0.4342,7500,3187.5,4312.5,0.1586,7500,3468.75,4031.25,0.0563,4875,3187.5,1687.5,0.0593,4500,3187.5,1312.5,,,,,,,,,,,,,,,,,,,,,,,,,,,,,,,,,,,,,,,,,,,,,,,,,,,,,,,,,,,,,,,,,,,,,,,,,,,,,,,,,,,,,,,,,,,,,,,,,,,,,,,,,,,,,,,,,,,,,,,,,,,,,,,,,,,,,,,,,,,,,,,,,,,,
GC-BCVI-KSWR-25-19,e,15,9,33,4,0.9539,5906.25,2437.5,3468.75,0.0386,5437.5,4875,562.5,0.0364,5156.25,4875,281.25,0.0397,4875,4500,375,0.0418,4968.75,4031.25,937.5,0.1458,5343.75,2531.25,2812.5,0.06,3562.5,3375,187.5,0.0611,3843.75,3375,468.75,0.0622,4312.5,3562.5,750,0.1994,5906.25,2437.5,3468.75,,,,,,,,,,,,,,,,,,,,,,,,,,,,,,,,,,,,,,,,,,,,,,,,,,,,,,,,,,,,,,,,,,,,,,,,,,,,,,,,,,,,,,,,,,,,,,,,,,,,,,,,,,,,,,,,,,,,,,,,,,,,
GC-BCVI-KSWR-25-20,d,15,6,33,3,0.703,6468.75,2250,4218.75,0.0925,6468.75,3093.75,3375,0.182,6000,3000,3000,0.0654,4406.25,3093.75,1312.5,0.0624,4312.5,2812.5,1500,0.0543,3562.5,2343.75,1218.75,0.0533,3093.75,2250,843.75,,,,,,,,,,,,,,,,,,,,,,,,,,,,,,,,,,,,,,,,,,,,,,,,,,,,,,,,,,,,,,,,,,,,,,,,,,,,,,,,,,,,,,,,,,,,,,,,,,,,,,,,,,,,,,,,,,,,,,,,,,,,,,,,,,,,,,,,
GC-BCVI-KSWR-25-21,c,15,6,33,3,0.7298,6281.25,2062.5,4218.75,0.1393,6281.25,2625,3656.25,0.1287,3562.5,2062.5,1500,0.053,5718.75,3468.75,2250,0.0507,5812.5,4500,1312.5,0.0492,5531.25,4218.75,1312.5,0.0515,5343.75,4593.75,750,,,,,,,,,,,,,,,,,,,,,,,,,,,,,,,,,,,,,,,,,,,,,,,,,,,,,,,,,,,,,,,,,,,,,,,,,,,,,,,,,,,,,,,,,,,,,,,,,,,,,,,,,,,,,,,,,,,,,,,,,,,,,,,,,,,,,,,,
GC-BCVI-KSWR-25-23,h,15,4,33,2,0.448,5343.75,2812.5,2531.25,0.0924,4218.75,2812.5,1406.25,0.0924,5156.25,2812.5,2343.75,0.0715,5250,3375,1875,0.0567,5343.75,4031.25,1312.5,,,,,,,,,,,,,,,,,,,,,,,,,,,,,,,,,,,,,,,,,,,,,,,,,,,,,,,,,,,,,,,,,,,,,,,,,,,,,,,,,,,,,,,,,,,,,,,,,,,,,,,,,,,,,,,,,,,,,,,,,,,,,,,,,,,,,,,,,,,,,,,,
GC-BCVI-KSWR-25-24,i,15,6,33,2,0.5285,6000,2437.5,3562.5,0.075,6000,3843.75,2156.25,0.075,6000,2437.5,3562.5,0.0595,5156.25,2437.5,2718.75,0.061,4406.25,3000,1406.25,0.05,3937.5,2625,1312.5,0.0514,3937.5,3000,937.5,,,,,,,,,,,,,,,,,,,,,,,,,,,,,,,,,,,,,,,,,,,,,,,,,,,,,,,,,,,,,,,,,,,,,,,,,,,,,,,,,,,,,,,,,,,,,,,,,,,,,,,,,,,,,,,,,,,,,,,,,,,,,,,,,,,,,,,,
GC-BCVI-KSWR-25-25,i,15,6,33,2,0.5835,6000,2531.25,3468.75,0.0817,5906.25,2718.75,3187.5,0.0759,6000,2812.5,3187.5,0.071,4875,2718.75,2156.25,0.0619,4968.75,3375,1593.75,0.0644,4406.25,3281.25,1125,0.0636,3562.5,2531.25,1031.25,,,,,,,,,,,,,,,,,,,,,,,,,,,,,,,,,,,,,,,,,,,,,,,,,,,,,,,,,,,,,,,,,,,,,,,,,,,,,,,,,,,,,,,,,,,,,,,,,,,,,,,,,,,,,,,,,,,,,,,,,,,,,,,,,,,,,,,,
GC-BCVI-KSWR-25-26,j,15,6,33,2,0.673,6187.5,2437.5,3750,0.1039,5343.75,4312.5,1031.25,0.057,5906.25,3375,2531.25,0.057,5812.5,4312.5,1500,0.058,5906.25,4593.75,1312.5,0.0692,6187.5,4687.5,1500,0.1059,4406.25,2437.5,1968.75,,,,,,,,,,,,,,,,,,,,,,,,,,,,,,,,,,,,,,,,,,,,,,,,,,,,,,,,,,,,,,,,,,,,,,,,,,,,,,,,,,,,,,,,,,,,,,,,,,,,,,,,,,,,,,,,,,,,,,,,,,,,,,,,,,,,,,,,
GC-BCVI-KSWR-25-27,k,15,6,33,4,0.964,6093.75,2531.25,3562.5,0.097,6093.75,4125,1968.75,0.195,6093.75,3562.5,2531.25,0.0591,6093.75,4781.25,1312.5,0.0658,5812.5,4687.5,1125,0.0724,5906.25,5156.25,750,0.146,4500,2531.25,1968.75,,,,,,,,,,,,,,,,,,,,,,,,,,,,,,,,,,,,,,,,,,,,,,,,,,,,,,,,,,,,,,,,,,,,,,,,,,,,,,,,,,,,,,,,,,,,,,,,,,,,,,,,,,,,,,,,,,,,,,,,,,,,,,,,,,,,,,,,
GC-BCVI-KSWR-25-30,l,15,10,33,4,0.7723,6750,2531.25,4218.75,0.0608,5250,2718.75,2531.25,0.0488,5156.25,2625,2531.25,0.0582,6375,4687.5,1687.5,0.0556,6468.75,4968.75,1500,0.0548,6750,5062.5,1687.5,0.1284,6562.5,3843.75,2718.75,0.0497,4218.75,3281.25,937.5,0.0437,3562.5,2718.75,843.75,0.0488,3187.5,2531.25,656.25,0.0531,2812.5,2531.25,281.25,,,,,,,,,,,,,,,,,,,,,,,,,,,,,,,,,,,,,,,,,,,,,,,,,,,,,,,,,,,,,,,,,,,,,,,,,,,,,,,,,,,,,,,,,,,,,,,,,,,,,,,,,,,,,,,,,,,,,,,,
GC-BCVI-KSWR-25-31,m,15,7,33,4,0.8341,5906.25,1968.75,3937.5,0.1522,5906.25,5250,656.25,0.1113,5906.25,2343.75,3562.5,0.1058,5906.25,4968.75,937.5,0.0742,5343.75,2343.75,3000,0.0547,3562.5,2250,1312.5,0.0501,3281.25,2156.25,1125,0.0371,2718.75,1968.75,750,,,,,,,,,,,,,,,,,,,,,,,,,,,,,,,,,,,,,,,,,,,,,,,,,,,,,,,,,,,,,,,,,,,,,,,,,,,,,,,,,,,,,,,,,,,,,,,,,,,,,,,,,,,,,,,,,,,,,,,,,,,,,,,,,,,,
GC-BCVI-KSWR-25-32,m,15,7,33,4,0.8574,6093.75,2250,3843.75,0.1526,6093.75,3187.5,2906.25,0.1205,6000,2625,3375,0.1101,5812.5,3093.75,2718.75,0.0737,5437.5,2718.75,2718.75,0.0529,3468.75,2250,1218.75,0.0537,3562.5,2250,1312.5,0.0234,3093.75,2437.5,656.25,,,,,,,,,,,,,,,,,,,,,,,,,,,,,,,,,,,,,,,,,,,,,,,,,,,,,,,,,,,,,,,,,,,,,,,,,,,,,,,,,,,,,,,,,,,,,,,,,,,,,,,,,,,,,,,,,,,,,,,,,,,,,,,,,,,,
GC-BCVI-KSWR-25-33,l,15,10,33,4,0.7807,6468.75,2531.25,3937.5,0.059,5250,4593.75,656.25,0.082,5531.25,4593.75,937.5,0.0679,6281.25,4875,1406.25,0.0652,6281.25,5250,1031.25,0.0696,6375,5156.25,1218.75,0.126,6468.75,4125,2343.75,0.0432,4218.75,3843.75,375,0.0326,3468.75,2531.25,937.5,0.0476,3093.75,2531.25,562.5,0.0485,2812.5,2531.25,281.25,,,,,,,,,,,,,,,,,,,,,,,,,,,,,,,,,,,,,,,,,,,,,,,,,,,,,,,,,,,,,,,,,,,,,,,,,,,,,,,,,,,,,,,,,,,,,,,,,,,,,,,,,,,,,,,,,,,,,,,,
GC-BCVI-KSWR-25-34,l,15,10,33,4,0.7893,7406.25,2062.5,5343.75,0.0535,5250,2062.5,3187.5,0.0616,5625,4687.5,937.5,0.0653,7406.25,4593.75,2812.5,0.0598,6656.25,5343.75,1312.5,0.0761,6562.5,5250,1312.5,0.1305,6562.5,3468.75,3093.75,0.0544,4125,3937.5,187.5,0.0417,3468.75,3281.25,187.5,0.0571,3281.25,2437.5,843.75,0.0517,2906.25,2531.25,375,,,,,,,,,,,,,,,,,,,,,,,,,,,,,,,,,,,,,,,,,,,,,,,,,,,,,,,,,,,,,,,,,,,,,,,,,,,,,,,,,,,,,,,,,,,,,,,,,,,,,,,,,,,,,,,,,,,,,,,,
GC-BCVI-KSWR-25-35,m,15,7,33,4,0.8705,6093.75,2156.25,3937.5,0.1548,6093.75,2250,3843.75,0.1484,5906.25,2156.25,3750,0.1188,5718.75,2437.5,3281.25,0.071,5906.25,2250,3656.25,0.0551,3562.5,2250,1312.5,0.0573,3656.25,2156.25,1500,0.0297,3750,2437.5,1312.5,,,,,,,,,,,,,,,,,,,,,,,,,,,,,,,,,,,,,,,,,,,,,,,,,,,,,,,,,,,,,,,,,,,,,,,,,,,,,,,,,,,,,,,,,,,,,,,,,,,,,,,,,,,,,,,,,,,,,,,,,,,,,,,,,,,,
GC-BCVI-KSWR-25-36,n,15,4,33,3,0.6391,7406.25,3375,4031.25,0.0901,7406.25,6468.75,937.5,0.2149,4781.25,3375,1406.25,0.0915,5906.25,4500,1406.25,0.1012,5718.75,4500,1218.75,,,,,,,,,,,,,,,,,,,,,,,,,,,,,,,,,,,,,,,,,,,,,,,,,,,,,,,,,,,,,,,,,,,,,,,,,,,,,,,,,,,,,,,,,,,,,,,,,,,,,,,,,,,,,,,,,,,,,,,,,,,,,,,,,,,,,,,,,,,,,,,,
GC-BCVI-KSWR-25-37,m,15,7,33,4,0.8383,6093.75,2250,3843.75,0.1489,6000,4218.75,1781.25,0.1117,6093.75,2437.5,3656.25,0.101,5812.5,4875,937.5,0.0761,5437.5,2343.75,3093.75,0.0521,3656.25,2250,1406.25,0.0505,3281.25,2250,1031.25,0.0232,2531.25,2343.75,187.5,,,,,,,,,,,,,,,,,,,,,,,,,,,,,,,,,,,,,,,,,,,,,,,,,,,,,,,,,,,,,,,,,,,,,,,,,,,,,,,,,,,,,,,,,,,,,,,,,,,,,,,,,,,,,,,,,,,,,,,,,,,,,,,,,,,,
GC-BCVI-KSWR-25-38,l,15,10,33,4,0.7706,6750,2250,4500,0.0494,5062.5,2812.5,2250,0.052,5343.75,2812.5,2531.25,0.0537,6375,4968.75,1406.25,0.0529,6562.5,4875,1687.5,0.0529,6750,5062.5,1687.5,0.13,6468.75,3375,3093.75,0.0485,4312.5,3937.5,375,0.0468,3656.25,2718.75,937.5,0.0529,3093.75,2531.25,562.5,0.0433,2812.5,2250,562.5,,,,,,,,,,,,,,,,,,,,,,,,,,,,,,,,,,,,,,,,,,,,,,,,,,,,,,,,,,,,,,,,,,,,,,,,,,,,,,,,,,,,,,,,,,,,,,,,,,,,,,,,,,,,,,,,,,,,,,,,
GC-BCVI-KSWR-25-39,n,15,4,33,3,0.622,7500,3375,4125,0.08,7500,6281.25,1218.75,0.2193,4406.25,3375,1031.25,0.0855,5906.25,4406.25,1500,0.0814,6093.75,4218.75,1875,,,,,,,,,,,,,,,,,,,,,,,,,,,,,,,,,,,,,,,,,,,,,,,,,,,,,,,,,,,,,,,,,,,,,,,,,,,,,,,,,,,,,,,,,,,,,,,,,,,,,,,,,,,,,,,,,,,,,,,,,,,,,,,,,,,,,,,,,,,,,,,,
GC-BCVI-KSWR-25-41,l,15,10,33,4,0.7802,7031.25,2250,4781.25,0.0511,5531.25,3656.25,1875,0.0478,5437.5,4406.25,1031.25,0.0544,6281.25,4968.75,1312.5,0.0536,7031.25,5062.5,1968.75,0.0494,6281.25,4968.75,1312.5,0.1285,6562.5,4031.25,2531.25,0.0511,4312.5,4031.25,281.25,0.0445,3468.75,3093.75,375,0.0494,2906.25,2250,656.25,0.0461,2906.25,2343.75,562.5,,,,,,,,,,,,,,,,,,,,,,,,,,,,,,,,,,,,,,,,,,,,,,,,,,,,,,,,,,,,,,,,,,,,,,,,,,,,,,,,,,,,,,,,,,,,,,,,,,,,,,,,,,,,,,,,,,,,,,,,
GC-BCVI-KSWR-25-42,j,15,6,33,2,0.7006,5906.25,2437.5,3468.75,0.0941,5906.25,2531.25,3375,0.0493,5906.25,4125,1781.25,0.0598,5812.5,4500,1312.5,0.0568,5906.25,4781.25,1125,0.0538,5906.25,4218.75,1687.5,0.1105,4218.75,2437.5,1781.25,,,,,,,,,,,,,,,,,,,,,,,,,,,,,,,,,,,,,,,,,,,,,,,,,,,,,,,,,,,,,,,,,,,,,,,,,,,,,,,,,,,,,,,,,,,,,,,,,,,,,,,,,,,,,,,,,,,,,,,,,,,,,,,,,,,,,,,,
GC-BCVI-KSWR-25-44,j,15,6,33,2,0.6033,6562.5,2250,4312.5,0.0487,6093.75,4218.75,1875,0.05,6093.75,4781.25,1312.5,0.0519,6562.5,4312.5,2250,0.0564,6000,4500,1500,0.0782,4218.75,2250,1968.75,0.0802,6093.75,4593.75,1500,,,,,,,,,,,,,,,,,,,,,,,,,,,,,,,,,,,,,,,,,,,,,,,,,,,,,,,,,,,,,,,,,,,,,,,,,,,,,,,,,,,,,,,,,,,,,,,,,,,,,,,,,,,,,,,,,,,,,,,,,,,,,,,,,,,,,,,,
GC-BCVI-KSWR-25-45,m,15,7,33,4,0.8427,6281.25,2156.25,4125,0.1489,6281.25,4312.5,1968.75,0.1193,6093.75,2437.5,3656.25,0.114,5625,3750,1875,0.0766,5062.5,2250,2812.5,0.0566,3750,2250,1500,0.0531,3656.25,2156.25,1500,0.0226,3000,2250,750,,,,,,,,,,,,,,,,,,,,,,,,,,,,,,,,,,,,,,,,,,,,,,,,,,,,,,,,,,,,,,,,,,,,,,,,,,,,,,,,,,,,,,,,,,,,,,,,,,,,,,,,,,,,,,,,,,,,,,,,,,,,,,,,,,,,
GC-BCVI-KSWR-25-47,n,15,4,33,3,0.6215,7312.5,3281.25,4031.25,0.0796,7312.5,4968.75,2343.75,0.1835,5250,3281.25,1968.75,0.101,6187.5,4500,1687.5,0.0882,5625,4031.25,1593.75,,,,,,,,,,,,,,,,,,,,,,,,,,,,,,,,,,,,,,,,,,,,,,,,,,,,,,,,,,,,,,,,,,,,,,,,,,,,,,,,,,,,,,,,,,,,,,,,,,,,,,,,,,,,,,,,,,,,,,,,,,,,,,,,,,,,,,,,,,,,,,,,
GC-BCVI-KSWR-25-48,m,15,7,33,4,0.8521,6843.75,2156.25,4687.5,0.1023,6843.75,3562.5,3281.25,0.0772,5156.25,2250,2906.25,0.0529,3750,2250,1500,0.0563,3562.5,2156.25,1406.25,0.0217,2343.75,2156.25,187.5,,,,,,,,,,,,,,,,,,,,,,,,,,,,,,,,,,,,,,,,,,,,,,,,,,,,,,,,,,,,,,,,,,,,,,,,,,,,,,,,,,,,,,,,,,,,,,,,,,,,,,,,,,,,,,,,,,,,,,,,,,,,,,,,,,,,,,,,,,,,
GC-BCVI-KSWR-25-49,j,15,6,33,2,0.6916,7218.75,2062.5,5156.25,0.0786,6000,3468.75,2531.25,0.0534,5625,3281.25,2343.75,0.052,5718.75,4406.25,1312.5,0.0463,6000,4312.5,1687.5,0.0506,7218.75,4031.25,3187.5,0.0955,4125,2062.5,2062.5,,,,,,,,,,,,,,,,,,,,,,,,,,,,,,,,,,,,,,,,,,,,,,,,,,,,,,,,,,,,,,,,,,,,,,,,,,,,,,,,,,,,,,,,,,,,,,,,,,,,,,,,,,,,,,,,,,,,,,,,,,,,,,,,,,,,,,,,
GC-BCVI-KSWR-25-50,l,15,10,33,4,0.7679,6562.5,2437.5,4125,0.0428,5062.5,2437.5,2625,0.0578,5437.5,2812.5,2625,0.0538,6468.75,4593.75,1875,0.0554,6562.5,5343.75,1218.75,0.0554,6468.75,5343.75,1125,0.1259,6468.75,3937.5,2531.25,0.0459,4218.75,3937.5,281.25,0.0483,3281.25,3000,281.25,0.053,3000,2718.75,281.25,0.0515,2812.5,2718.75,93.75,,,,,,,,,,,,,,,,,,,,,,,,,,,,,,,,,,,,,,,,,,,,,,,,,,,,,,,,,,,,,,,,,,,,,,,,,,,,,,,,,,,,,,,,,,,,,,,,,,,,,,,,,,,,,,,,,,,,,,,,
GC-BCVI-KSWR-25-51,j,15,6,33,2,0.6771,6562.5,2156.25,4406.25,0.0859,6375,3562.5,2812.5,0.0487,6562.5,5062.5,1500,0.0526,5812.5,4500,1312.5,0.0551,5718.75,4781.25,937.5,0.0545,6281.25,4500,1781.25,0.0975,4125,2156.25,1968.75,,,,,,,,,,,,,,,,,,,,,,,,,,,,,,,,,,,,,,,,,,,,,,,,,,,,,,,,,,,,,,,,,,,,,,,,,,,,,,,,,,,,,,,,,,,,,,,,,,,,,,,,,,,,,,,,,,,,,,,,,,,,,,,,,,,,,,,,
GC-BCVI-KSWR-25-53,j,15,6,33,2,0.6408,6000,2156.25,3843.75,0.0762,5718.75,3843.75,1875,0.0477,6000,4500,1500,0.0483,5718.75,4406.25,1312.5,0.0477,5437.5,4593.75,843.75,0.0527,6000,4593.75,1406.25,0.0911,3281.25,2156.25,1125,,,,,,,,,,,,,,,,,,,,,,,,,,,,,,,,,,,,,,,,,,,,,,,,,,,,,,,,,,,,,,,,,,,,,,,,,,,,,,,,,,,,,,,,,,,,,,,,,,,,,,,,,,,,,,,,,,,,,,,,,,,,,,,,,,,,,,,,
GC-BCVI-KSWR-25-54,n,15,4,33,4,0.6758,7875,3281.25,4593.75,0.0806,7875,5718.75,2156.25,0.236,5343.75,3281.25,2062.5,0.0825,5906.25,4406.25,1500,0.0832,6000,4593.75,1406.25,,,,,,,,,,,,,,,,,,,,,,,,,,,,,,,,,,,,,,,,,,,,,,,,,,,,,,,,,,,,,,,,,,,,,,,,,,,,,,,,,,,,,,,,,,,,,,,,,,,,,,,,,,,,,,,,,,,,,,,,,,,,,,,,,,,,,,,,,,,,,,,,
GC-BCVI-KSWR-25-55,j,15,6,33,2,0.7363,6093.75,2156.25,3937.5,0.0759,5812.5,4125,1687.5,0.0525,5906.25,4125,1781.25,0.0461,5812.5,4968.75,843.75,0.0511,5812.5,4687.5,1125,0.0532,6093.75,4500,1593.75,0.0908,3562.5,2156.25,1406.25,,,,,,,,,,,,,,,,,,,,,,,,,,,,,,,,,,,,,,,,,,,,,,,,,,,,,,,,,,,,,,,,,,,,,,,,,,,,,,,,,,,,,,,,,,,,,,,,,,,,,,,,,,,,,,,,,,,,,,,,,,,,,,,,,,,,,,,,
GC-BCVI-KSWR-25-57,j,15,6,33,2,0.695,6468.75,2250,4218.75,0.0789,5906.25,3843.75,2062.5,0.0489,6093.75,4312.5,1781.25,0.0524,5718.75,4500,1218.75,0.0608,5718.75,4593.75,1125,0.0531,6468.75,5062.5,1406.25,0.0985,4218.75,2250,1968.75,,,,,,,,,,,,,,,,,,,,,,,,,,,,,,,,,,,,,,,,,,,,,,,,,,,,,,,,,,,,,,,,,,,,,,,,,,,,,,,,,,,,,,,,,,,,,,,,,,,,,,,,,,,,,,,,,,,,,,,,,,,,,,,,,,,,,,,,
GC-BCVI-KSWR-25-58,j,15,5,33,2,0.4087,6187.5,2062.5,4125,0.0513,5812.5,4406.25,1406.25,0.0513,5812.5,4500,1312.5,0.0543,5812.5,4593.75,1218.75,0.0588,6187.5,4781.25,1406.25,0.089,3562.5,2062.5,1500,,,,,,,,,,,,,,,,,,,,,,,,,,,,,,,,,,,,,,,,,,,,,,,,,,,,,,,,,,,,,,,,,,,,,,,,,,,,,,,,,,,,,,,,,,,,,,,,,,,,,,,,,,,,,,,,,,,,,,,,,,,,,,,,,,,,,,,,,,,,
GC-BCVI-KSWR-25-59,m,15,7,33,4,0.8629,6375,2156.25,4218.75,0.1296,6375,4218.75,2156.25,0.1179,6281.25,2437.5,3843.75,0.1078,6000,4781.25,1218.75,0.0773,5718.75,2437.5,3281.25,0.0586,3750,2156.25,1593.75,0.0601,3750,2250,1500,0.0429,3000,2437.5,562.5,,,,,,,,,,,,,,,,,,,,,,,,,,,,,,,,,,,,,,,,,,,,,,,,,,,,,,,,,,,,,,,,,,,,,,,,,,,,,,,,,,,,,,,,,,,,,,,,,,,,,,,,,,,,,,,,,,,,,,,,,,,,,,,,,,,,
GC-BCVI-KSWR-25-61,m,15,7,33,4,0.9018,6093.75,2250,3843.75,0.1451,6093.75,4406.25,1687.5,0.1128,6000,2343.75,3656.25,0.1003,5812.5,4781.25,1031.25,0.0752,5250,2250,3000,0.0618,3843.75,2250,1593.75,0.0582,3750,2343.75,1406.25,0.0197,3562.5,2250,1312.5,,,,,,,,,,,,,,,,,,,,,,,,,,,,,,,,,,,,,,,,,,,,,,,,,,,,,,,,,,,,,,,,,,,,,,,,,,,,,,,,,,,,,,,,,,,,,,,,,,,,,,,,,,,,,,,,,,,,,,,,,,,,,,,,,,,,
GC-BCVI-KSWR-25-62,j,15,6,33,2,0.6626,6093.75,2062.5,4031.25,0.0721,5718.75,4312.5,1406.25,0.0552,5812.5,4031.25,1781.25,0.0451,5812.5,4781.25,1031.25,0.0539,6093.75,4875,1218.75,0.0525,6093.75,5062.5,1031.25,0.0929,3375,2062.5,1312.5,,,,,,,,,,,,,,,,,,,,,,,,,,,,,,,,,,,,,,,,,,,,,,,,,,,,,,,,,,,,,,,,,,,,,,,,,,,,,,,,,,,,,,,,,,,,,,,,,,,,,,,,,,,,,,,,,,,,,,,,,,,,,,,,,,,,,,,,
GC-BCVI-KSWR-25-64,k,15,4,33,2,0.443,6093.75,2343.75,3750,0.0567,5906.25,5156.25,750,0.06,6093.75,5156.25,937.5,0.0591,6093.75,5062.5,1031.25,0.1439,3468.75,2343.75,1125,,,,,,,,,,,,,,,,,,,,,,,,,,,,,,,,,,,,,,,,,,,,,,,,,,,,,,,,,,,,,,,,,,,,,,,,,,,,,,,,,,,,,,,,,,,,,,,,,,,,,,,,,,,,,,,,,,,,,,,,,,,,,,,,,,,,,,,,,,,,,,,,
GC-BCVI-KSWR-25-66,l,15,10,33,4,0.8018,7500,2250,5250,0.0538,5062.5,4406.25,656.25,0.0571,5437.5,2718.75,2718.75,0.0596,7500,4687.5,2812.5,0.0513,6375,5343.75,1031.25,0.0571,6656.25,4875,1781.25,0.1291,6562.5,3937.5,2625,0.0455,4312.5,3562.5,750,0.0472,3656.25,3187.5,468.75,0.0472,3093.75,2531.25,562.5,0.0521,2812.5,2250,562.5,,,,,,,,,,,,,,,,,,,,,,,,,,,,,,,,,,,,,,,,,,,,,,,,,,,,,,,,,,,,,,,,,,,,,,,,,,,,,,,,,,,,,,,,,,,,,,,,,,,,,,,,,,,,,,,,,,,,,,,,
GC-BCVI-MOMS-25-1,a,7,2,17,2,0.3363,4968.75,2250,2718.75,0.1734,4125,2250,1875,0.0964,4968.75,3468.75,1500,,,,,,,,,,,,,,,,,,,,,,,,,,,,,,,,,,,,,,,,,,,,,,,,,,,,,,,,,,,,,,,,,,,,,,,,,,,,,,,,,,,,,,,,,,,,,,,,,,,,,,,,,,,,,,,,,,,,,,,,,,,,,,,,,,,,,,,,,,,,,,,,,,,,,,,,
GC-BCVI-MOMS-25-2,b,7,2,17,2,0.4417,9937.5,3843.75,6093.75,0.2187,6562.5,3843.75,2718.75,0.0948,9937.5,4500,5437.5,,,,,,,,,,,,,,,,,,,,,,,,,,,,,,,,,,,,,,,,,,,,,,,,,,,,,,,,,,,,,,,,,,,,,,,,,,,,,,,,,,,,,,,,,,,,,,,,,,,,,,,,,,,,,,,,,,,,,,,,,,,,,,,,,,,,,,,,,,,,,,,,,,,,,,,,
GC-BCVI-MOMS-25-3,c,7,1,17,1,0.1206,8718.75,2625,6093.75,0.1206,8718.75,2625,6093.75,,,,,,,,,,,,,,,,,,,,,,,,,,,,,,,,,,,,,,,,,,,,,,,,,,,,,,,,,,,,,,,,,,,,,,,,,,,,,,,,,,,,,,,,,,,,,,,,,,,,,,,,,,,,,,,,,,,,,,,,,,,,,,,,,,,,,,,,,,,,,,,,,,,,,,,,,,,,
GC-BCVI-MOMS-25-5,b,7,1,17,1,0.1488,7312.5,2625,4687.5,0.1488,7312.5,2625,4687.5,,,,,,,,,,,,,,,,,,,,,,,,,,,,,,,,,,,,,,,,,,,,,,,,,,,,,,,,,,,,,,,,,,,,,,,,,,,,,,,,,,,,,,,,,,,,,,,,,,,,,,,,,,,,,,,,,,,,,,,,,,,,,,,,,,,,,,,,,,,,,,,,,,,,,,,,,,,,
GC-BCVI-MOMS-25-6,d,7,9,17,4,1.0372,7687.5,2156.25,5531.25,0.0445,7031.25,2625,4406.25,0.0405,6937.5,5156.25,1781.25,0.0395,5906.25,5156.25,750,0.1335,3843.75,2156.25,1687.5,0.1968,7687.5,3843.75,3843.75,0.0732,3375,2437.5,937.5,0.0633,3375,2437.5,937.5,0.0662,3562.5,2531.25,1031.25,0.0732,3656.25,2343.75,1312.5,,,,,,,,,,,,,,,,,,,,,,,,,,,,,,,,,,,,,,,,,,,,,,,,,,,,,,,,,,,,,,,,,,,,,,,,,,,,,,,,,,,,,,,,,,,,,,,,,,,,,,,,,,,,,,,,,,,,,,,,,,,,
GC-BCVI-MOMS-25-7,a,7,2,17,2,0.3484,4875,2156.25,2718.75,0.1974,4312.5,2156.25,2156.25,0.1002,4875,3281.25,1593.75,,,,,,,,,,,,,,,,,,,,,,,,,,,,,,,,,,,,,,,,,,,,,,,,,,,,,,,,,,,,,,,,,,,,,,,,,,,,,,,,,,,,,,,,,,,,,,,,,,,,,,,,,,,,,,,,,,,,,,,,,,,,,,,,,,,,,,,,,,,,,,,,,,,,,,,,
GC-BCVI-MOMS-25-8,a,7,3,17,3,0.7091,9281.25,2343.75,6937.5,0.1436,9281.25,3468.75,5812.5,0.1827,4593.75,2343.75,2250,0.0972,4687.5,3375,1312.5,,,,,,,,,,,,,,,,,,,,,,,,,,,,,,,,,,,,,,,,,,,,,,,,,,,,,,,,,,,,,,,,,,,,,,,,,,,,,,,,,,,,,,,,,,,,,,,,,,,,,,,,,,,,,,,,,,,,,,,,,,,,,,,,,,,,,,,,,,,,,,,,,,,,
GC-BCVI-MOMS-25-9,b,7,1,17,1,0.234,5437.5,3656.25,1781.25,0.234,5437.5,3656.25,1781.25,,,,,,,,,,,,,,,,,,,,,,,,,,,,,,,,,,,,,,,,,,,,,,,,,,,,,,,,,,,,,,,,,,,,,,,,,,,,,,,,,,,,,,,,,,,,,,,,,,,,,,,,,,,,,,,,,,,,,,,,,,,,,,,,,,,,,,,,,,,,,,,,,,,,,,,,,,,,
GC-BCVI-MOMS-25-10,a,7,2,17,2,0.3459,4593.75,2343.75,2250,0.1748,4312.5,2343.75,1968.75,0.0983,4593.75,3468.75,1125,,,,,,,,,,,,,,,,,,,,,,,,,,,,,,,,,,,,,,,,,,,,,,,,,,,,,,,,,,,,,,,,,,,,,,,,,,,,,,,,,,,,,,,,,,,,,,,,,,,,,,,,,,,,,,,,,,,,,,,,,,,,,,,,,,,,,,,,,,,,,,,,,,,,,,,,
GC-BCVI-MOMS-25-11,d,7,10,17,4,1.0982,7968.75,2250,5718.75,0.0437,6750,4125,2625,0.0376,6937.5,5343.75,1593.75,0.0447,7406.25,4875,2531.25,0.0468,6750,3562.5,3187.5,0.1393,3937.5,2250,1687.5,0.1779,7968.75,4031.25,3937.5,0.0854,3750,2531.25,1218.75,0.0691,3281.25,2531.25,750,0.0651,3375,2812.5,562.5,0.0824,3562.5,2906.25,656.25,,,,,,,,,,,,,,,,,,,,,,,,,,,,,,,,,,,,,,,,,,,,,,,,,,,,,,,,,,,,,,,,,,,,,,,,,,,,,,,,,,,,,,,,,,,,,,,,,,,,,,,,,,,,,,,,,,,,,,,,
GC-BCVI-MOMS-25-12,b,7,1,17,1,0.2372,8062.5,3562.5,4500,0.2372,8062.5,3562.5,4500,,,,,,,,,,,,,,,,,,,,,,,,,,,,,,,,,,,,,,,,,,,,,,,,,,,,,,,,,,,,,,,,,,,,,,,,,,,,,,,,,,,,,,,,,,,,,,,,,,,,,,,,,,,,,,,,,,,,,,,,,,,,,,,,,,,,,,,,,,,,,,,,,,,,,,,,,,,,
GC-BCVI-MOMS-25-13,a,7,1,17,1,0.1837,3843.75,2250,1593.75,0.1837,3843.75,2250,1593.75,,,,,,,,,,,,,,,,,,,,,,,,,,,,,,,,,,,,,,,,,,,,,,,,,,,,,,,,,,,,,,,,,,,,,,,,,,,,,,,,,,,,,,,,,,,,,,,,,,,,,,,,,,,,,,,,,,,,,,,,,,,,,,,,,,,,,,,,,,,,,,,,,,,,,,,,,,,,
GC-BCVI-MOMS-25-14,d,7,10,17,4,1.1451,7218.75,1968.75,5250,0.0404,6000,4968.75,1031.25,0.0415,6937.5,4968.75,1968.75,0.0492,7218.75,5250,1968.75,0.141,3937.5,1968.75,1968.75,0.1683,6093.75,3750,2343.75,0.0776,3468.75,2437.5,1031.25,0.0732,3375,2437.5,937.5,0.0688,3375,2437.5,937.5,0.0732,3375,2531.25,843.75,0.0634,3468.75,2437.5,1031.25,,,,,,,,,,,,,,,,,,,,,,,,,,,,,,,,,,,,,,,,,,,,,,,,,,,,,,,,,,,,,,,,,,,,,,,,,,,,,,,,,,,,,,,,,,,,,,,,,,,,,,,,,,,,,,,,,,,,,,,,
GC-BCVI-MOMS-25-15,a,7,2,17,2,0.3843,4593.75,2250,2343.75,0.1823,4218.75,2250,1968.75,0.0883,4593.75,3187.5,1406.25,,,,,,,,,,,,,,,,,,,,,,,,,,,,,,,,,,,,,,,,,,,,,,,,,,,,,,,,,,,,,,,,,,,,,,,,,,,,,,,,,,,,,,,,,,,,,,,,,,,,,,,,,,,,,,,,,,,,,,,,,,,,,,,,,,,,,,,,,,,,,,,,,,,,,,,,
GC-BCVI-MOMS-25-16,a,7,1,17,1,0.1834,4781.25,2250,2531.25,0.1834,4781.25,2250,2531.25,,,,,,,,,,,,,,,,,,,,,,,,,,,,,,,,,,,,,,,,,,,,,,,,,,,,,,,,,,,,,,,,,,,,,,,,,,,,,,,,,,,,,,,,,,,,,,,,,,,,,,,,,,,,,,,,,,,,,,,,,,,,,,,,,,,,,,,,,,,,,,,,,,,,,,,,,,,,
GC-BCVI-MOMS-25-17,d,7,9,17,4,1.0293,8062.5,1968.75,6093.75,0.0389,6843.75,4125,2718.75,0.0477,7125,4875,2250,0.0513,7406.25,5343.75,2062.5,0.1379,3937.5,1968.75,1968.75,0.1733,8062.5,3656.25,4406.25,0.076,3656.25,2531.25,1125,0.0743,3375,2437.5,937.5,0.0654,3375,2625,750,0.069,3375,2531.25,843.75,,,,,,,,,,,,,,,,,,,,,,,,,,,,,,,,,,,,,,,,,,,,,,,,,,,,,,,,,,,,,,,,,,,,,,,,,,,,,,,,,,,,,,,,,,,,,,,,,,,,,,,,,,,,,,,,,,,,,,,,,,,,
GC-BCVI-MOMS-25-18,a,7,2,17,2,0.3429,4781.25,2156.25,2625,0.1801,3656.25,2156.25,1500,0.0859,4781.25,3562.5,1218.75,,,,,,,,,,,,,,,,,,,,,,,,,,,,,,,,,,,,,,,,,,,,,,,,,,,,,,,,,,,,,,,,,,,,,,,,,,,,,,,,,,,,,,,,,,,,,,,,,,,,,,,,,,,,,,,,,,,,,,,,,,,,,,,,,,,,,,,,,,,,,,,,,,,,,,,,
GC-BCVI-MOMS-25-19,a,7,3,17,3,0.6748,9000,2343.75,6656.25,0.1459,9000,2718.75,6281.25,0.1875,3937.5,2343.75,1593.75,0.087,4500,3562.5,937.5,,,,,,,,,,,,,,,,,,,,,,,,,,,,,,,,,,,,,,,,,,,,,,,,,,,,,,,,,,,,,,,,,,,,,,,,,,,,,,,,,,,,,,,,,,,,,,,,,,,,,,,,,,,,,,,,,,,,,,,,,,,,,,,,,,,,,,,,,,,,,,,,,,,,
GC-BCVI-MOMS-25-20,d,7,9,17,4,1.0753,7875,1968.75,5906.25,0.0437,6843.75,3281.25,3562.5,0.0456,7031.25,5437.5,1593.75,0.0399,6093.75,5156.25,937.5,0.152,3843.75,1968.75,1875,0.1862,7875,3937.5,3937.5,0.0798,3375,2531.25,843.75,0.076,3281.25,2625,656.25,0.0665,3187.5,2625,562.5,0.0665,3281.25,2625,656.25,,,,,,,,,,,,,,,,,,,,,,,,,,,,,,,,,,,,,,,,,,,,,,,,,,,,,,,,,,,,,,,,,,,,,,,,,,,,,,,,,,,,,,,,,,,,,,,,,,,,,,,,,,,,,,,,,,,,,,,,,,,,
GC-BCVI-MOMS-25-21,a,7,2,17,2,0.3295,4312.5,2156.25,2156.25,0.1837,3937.5,2156.25,1781.25,0.0848,4312.5,3281.25,1031.25,,,,,,,,,,,,,,,,,,,,,,,,,,,,,,,,,,,,,,,,,,,,,,,,,,,,,,,,,,,,,,,,,,,,,,,,,,,,,,,,,,,,,,,,,,,,,,,,,,,,,,,,,,,,,,,,,,,,,,,,,,,,,,,,,,,,,,,,,,,,,,,,,,,,,,,,
GC-BCVI-MOMS-25-22,c,7,1,17,1,0.0934,8812.5,2718.75,6093.75,0.0934,8812.5,2718.75,6093.75,,,,,,,,,,,,,,,,,,,,,,,,,,,,,,,,,,,,,,,,,,,,,,,,,,,,,,,,,,,,,,,,,,,,,,,,,,,,,,,,,,,,,,,,,,,,,,,,,,,,,,,,,,,,,,,,,,,,,,,,,,,,,,,,,,,,,,,,,,,,,,,,,,,,,,,,,,,,
GC-BCVI-MOMS-25-23,c,7,1,17,1,0.0885,8437.5,2718.75,5718.75,0.0885,8437.5,2718.75,5718.75,,,,,,,,,,,,,,,,,,,,,,,,,,,,,,,,,,,,,,,,,,,,,,,,,,,,,,,,,,,,,,,,,,,,,,,,,,,,,,,,,,,,,,,,,,,,,,,,,,,,,,,,,,,,,,,,,,,,,,,,,,,,,,,,,,,,,,,,,,,,,,,,,,,,,,,,,,,,
GC-BCVI-MOMS-25-24,a,7,1,17,1,0.1683,4125,2343.75,1781.25,0.1683,4125,2343.75,1781.25,,,,,,,,,,,,,,,,,,,,,,,,,,,,,,,,,,,,,,,,,,,,,,,,,,,,,,,,,,,,,,,,,,,,,,,,,,,,,,,,,,,,,,,,,,,,,,,,,,,,,,,,,,,,,,,,,,,,,,,,,,,,,,,,,,,,,,,,,,,,,,,,,,,,,,,,,,,,
GC-BCVI-MOMS-25-25,d,7,10,17,4,1.1701,8156.25,2250,5906.25,0.0427,6937.5,5250,1687.5,0.0464,6843.75,4687.5,2156.25,0.0389,6000,5250,750,0.1521,3750,2250,1500,0.1891,8156.25,3562.5,4593.75,0.0816,3562.5,2812.5,750,0.0797,3375,2531.25,843.75,0.0705,3468.75,2437.5,1031.25,0.076,3468.75,3000,468.75,0.0742,3468.75,2906.25,562.5,,,,,,,,,,,,,,,,,,,,,,,,,,,,,,,,,,,,,,,,,,,,,,,,,,,,,,,,,,,,,,,,,,,,,,,,,,,,,,,,,,,,,,,,,,,,,,,,,,,,,,,,,,,,,,,,,,,,,,,,
GC-BCVI-MOMS-25-27,b,7,1,17,1,0.1546,6375,4406.25,1968.75,0.1546,6375,4406.25,1968.75,,,,,,,,,,,,,,,,,,,,,,,,,,,,,,,,,,,,,,,,,,,,,,,,,,,,,,,,,,,,,,,,,,,,,,,,,,,,,,,,,,,,,,,,,,,,,,,,,,,,,,,,,,,,,,,,,,,,,,,,,,,,,,,,,,,,,,,,,,,,,,,,,,,,,,,,,,,,
GC-BCVI-MOMS-25-28,b,7,3,17,3,0.7823,9562.5,2437.5,7125,0.0882,9562.5,4781.25,4781.25,0.1841,4312.5,2437.5,1875,0.2109,7593.75,3656.25,3937.5,,,,,,,,,,,,,,,,,,,,,,,,,,,,,,,,,,,,,,,,,,,,,,,,,,,,,,,,,,,,,,,,,,,,,,,,,,,,,,,,,,,,,,,,,,,,,,,,,,,,,,,,,,,,,,,,,,,,,,,,,,,,,,,,,,,,,,,,,,,,,,,,,,,,
GC-BCVI-MOMS-25-29,a,7,2,17,2,0.3171,4500,2250,2250,0.0832,4500,3468.75,1031.25,0.1751,4031.25,2250,1781.25,,,,,,,,,,,,,,,,,,,,,,,,,,,,,,,,,,,,,,,,,,,,,,,,,,,,,,,,,,,,,,,,,,,,,,,,,,,,,,,,,,,,,,,,,,,,,,,,,,,,,,,,,,,,,,,,,,,,,,,,,,,,,,,,,,,,,,,,,,,,,,,,,,,,,,,,
GC-BCVI-MOMS-25-30,a,7,3,17,3,0.6909,9468.75,2062.5,7406.25,0.1162,9468.75,3937.5,5531.25,0.1907,4781.25,2062.5,2718.75,0.0897,4500,2906.25,1593.75,,,,,,,,,,,,,,,,,,,,,,,,,,,,,,,,,,,,,,,,,,,,,,,,,,,,,,,,,,,,,,,,,,,,,,,,,,,,,,,,,,,,,,,,,,,,,,,,,,,,,,,,,,,,,,,,,,,,,,,,,,,,,,,,,,,,,,,,,,,,,,,,,,,,
GC-BCVI-MOMS-25-31,e,7,1,17,1,0.173,7593.75,2156.25,5437.5,0.173,7593.75,2156.25,5437.5,,,,,,,,,,,,,,,,,,,,,,,,,,,,,,,,,,,,,,,,,,,,,,,,,,,,,,,,,,,,,,,,,,,,,,,,,,,,,,,,,,,,,,,,,,,,,,,,,,,,,,,,,,,,,,,,,,,,,,,,,,,,,,,,,,,,,,,,,,,,,,,,,,,,,,,,,,,,
GC-BCVI-MOMS-25-32,d,7,9,17,4,1.0601,6656.25,1968.75,4687.5,0.0406,5812.5,4406.25,1406.25,0.0441,6656.25,4968.75,1687.5,0.0441,6187.5,4968.75,1218.75,0.1411,4031.25,1968.75,2062.5,0.1676,6000,3750,2250,0.0811,3375,2531.25,843.75,0.0706,3375,2343.75,1031.25,0.067,3468.75,2437.5,1031.25,0.0706,3468.75,2437.5,1031.25,,,,,,,,,,,,,,,,,,,,,,,,,,,,,,,,,,,,,,,,,,,,,,,,,,,,,,,,,,,,,,,,,,,,,,,,,,,,,,,,,,,,,,,,,,,,,,,,,,,,,,,,,,,,,,,,,,,,,,,,,,,,
GC-BCVI-MOMS-25-33,a,7,2,17,2,0.3276,4875,2437.5,2437.5,0.1775,4593.75,2437.5,2156.25,0.0765,4875,3468.75,1406.25,,,,,,,,,,,,,,,,,,,,,,,,,,,,,,,,,,,,,,,,,,,,,,,,,,,,,,,,,,,,,,,,,,,,,,,,,,,,,,,,,,,,,,,,,,,,,,,,,,,,,,,,,,,,,,,,,,,,,,,,,,,,,,,,,,,,,,,,,,,,,,,,,,,,,,,,
GC-BCVI-MOMS-25-34,b,7,1,17,1,0.2481,5625,3937.5,1687.5,0.2481,5625,3937.5,1687.5,,,,,,,,,,,,,,,,,,,,,,,,,,,,,,,,,,,,,,,,,,,,,,,,,,,,,,,,,,,,,,,,,,,,,,,,,,,,,,,,,,,,,,,,,,,,,,,,,,,,,,,,,,,,,,,,,,,,,,,,,,,,,,,,,,,,,,,,,,,,,,,,,,,,,,,,,,,,
GC-BCVI-MOMS-25-35,b,7,2,17,2,0.4181,5625,3468.75,2156.25,0.0862,5625,4125,1500,0.193,3937.5,3468.75,468.75,,,,,,,,,,,,,,,,,,,,,,,,,,,,,,,,,,,,,,,,,,,,,,,,,,,,,,,,,,,,,,,,,,,,,,,,,,,,,,,,,,,,,,,,,,,,,,,,,,,,,,,,,,,,,,,,,,,,,,,,,,,,,,,,,,,,,,,,,,,,,,,,,,,,,,,,
GC-BCVI-MOMS-25-36,c,7,6,17,2,0.7427,9375,2250,7125,0.1263,9375,3750,5625,0.0619,3375,2437.5,937.5,0.0668,3281.25,2343.75,937.5,0.0631,3281.25,2250,1031.25,0.0656,3187.5,2437.5,750,0.0718,3375,2437.5,937.5,,,,,,,,,,,,,,,,,,,,,,,,,,,,,,,,,,,,,,,,,,,,,,,,,,,,,,,,,,,,,,,,,,,,,,,,,,,,,,,,,,,,,,,,,,,,,,,,,,,,,,,,,,,,,,,,,,,,,,,,,,,,,,,,,,,,,,,,
GC-BCVI-MOMS-25-37,a,7,2,17,2,0.1281,4687.5,2250,2437.5,0.1881,4312.5,2250,2062.5,0.0814,4687.5,3281.25,1406.25,,,,,,,,,,,,,,,,,,,,,,,,,,,,,,,,,,,,,,,,,,,,,,,,,,,,,,,,,,,,,,,,,,,,,,,,,,,,,,,,,,,,,,,,,,,,,,,,,,,,,,,,,,,,,,,,,,,,,,,,,,,,,,,,,,,,,,,,,,,,,,,,,,,,,,,,
GC-BCVI-MOMS-25-38,f,7,4,17,2,0.49,6281.25,4218.75,2062.5,0.1606,5625,4218.75,1406.25,0.0621,6281.25,4500,1781.25,0.059,5906.25,4312.5,1593.75,0.059,5625,4875,750,,,,,,,,,,,,,,,,,,,,,,,,,,,,,,,,,,,,,,,,,,,,,,,,,,,,,,,,,,,,,,,,,,,,,,,,,,,,,,,,,,,,,,,,,,,,,,,,,,,,,,,,,,,,,,,,,,,,,,,,,,,,,,,,,,,,,,,,,,,,,,,,
GC-BCVI-MOMS-25-39,b,7,2,17,2,0.4822,6937.5,4218.75,2718.75,0.2687,6093.75,4218.75,1875,0.0994,6937.5,4406.25,2531.25,,,,,,,,,,,,,,,,,,,,,,,,,,,,,,,,,,,,,,,,,,,,,,,,,,,,,,,,,,,,,,,,,,,,,,,,,,,,,,,,,,,,,,,,,,,,,,,,,,,,,,,,,,,,,,,,,,,,,,,,,,,,,,,,,,,,,,,,,,,,,,,,,,,,,,,,
GC-BCVI-MOMS-25-40,g,7,5,17,2,0.5052,6656.25,1968.75,4687.5,0.1341,6656.25,2343.75,4312.5,0.0402,4218.75,1968.75,2250,0.0412,3656.25,2250,1406.25,0.0431,3281.25,2812.5,468.75,0.0364,3281.25,2437.5,843.75,,,,,,,,,,,,,,,,,,,,,,,,,,,,,,,,,,,,,,,,,,,,,,,,,,,,,,,,,,,,,,,,,,,,,,,,,,,,,,,,,,,,,,,,,,,,,,,,,,,,,,,,,,,,,,,,,,,,,,,,,,,,,,,,,,,,,,,,,,,,
GC-BCVI-MOMS-25-41,a,7,2,17,2,0.3162,4500,2343.75,2156.25,0.1707,3937.5,2343.75,1593.75,0.0927,4500,3093.75,1406.25,,,,,,,,,,,,,,,,,,,,,,,,,,,,,,,,,,,,,,,,,,,,,,,,,,,,,,,,,,,,,,,,,,,,,,,,,,,,,,,,,,,,,,,,,,,,,,,,,,,,,,,,,,,,,,,,,,,,,,,,,,,,,,,,,,,,,,,,,,,,,,,,,,,,,,,,
GC-BCVI-MOMS-25-42,d,7,10,17,4,1.098,7781.25,1968.75,5812.5,0.0362,5812.5,4687.5,1125,0.038,7312.5,5062.5,2250,0.0416,6187.5,5437.5,750,0.1411,3937.5,1968.75,1968.75,0.1809,7781.25,4125,3656.25,0.0742,3468.75,2531.25,937.5,0.0814,3375,2343.75,1031.25,0.0724,3656.25,2531.25,1125,0.0705,3562.5,3093.75,468.75,0.0705,3562.5,2812.5,750,,,,,,,,,,,,,,,,,,,,,,,,,,,,,,,,,,,,,,,,,,,,,,,,,,,,,,,,,,,,,,,,,,,,,,,,,,,,,,,,,,,,,,,,,,,,,,,,,,,,,,,,,,,,,,,,,,,,,,,,
GC-BCVI-MOMS-25-43,b,7,1,17,1,0.2799,6562.5,3656.25,2906.25,0.2799,6562.5,3656.25,2906.25,,,,,,,,,,,,,,,,,,,,,,,,,,,,,,,,,,,,,,,,,,,,,,,,,,,,,,,,,,,,,,,,,,,,,,,,,,,,,,,,,,,,,,,,,,,,,,,,,,,,,,,,,,,,,,,,,,,,,,,,,,,,,,,,,,,,,,,,,,,,,,,,,,,,,,,,,,,,
GC-BCVI-MOMS-25-44,d,7,8,17,5,1.4379,6093.75,1968.75,4125,0.1948,4500,3281.25,1218.75,0.0441,5531.25,3656.25,1875,0.058,6093.75,4312.5,1781.25,0.0441,5906.25,4312.5,1593.75,0.051,5531.25,4312.5,1218.75,0.1507,3937.5,1968.75,1968.75,0.1299,5906.25,3937.5,1968.75,0.1044,4687.5,3093.75,1593.75,,,,,,,,,,,,,,,,,,,,,,,,,,,,,,,,,,,,,,,,,,,,,,,,,,,,,,,,,,,,,,,,,,,,,,,,,,,,,,,,,,,,,,,,,,,,,,,,,,,,,,,,,,,,,,,,,,,,,,,,,,,,,,,,
GC-BCVI-MOMS-25-45,f,7,7,17,5,1.2802,6375,2343.75,4031.25,0.0804,6375,3562.5,2812.5,0.1629,5906.25,4312.5,1593.75,0.066,5906.25,4218.75,1687.5,0.0557,5531.25,4218.75,1312.5,0.0598,5437.5,4218.75,1218.75,0.1917,4781.25,2343.75,2437.5,0.0948,4500,3281.25,1218.75,,,,,,,,,,,,,,,,,,,,,,,,,,,,,,,,,,,,,,,,,,,,,,,,,,,,,,,,,,,,,,,,,,,,,,,,,,,,,,,,,,,,,,,,,,,,,,,,,,,,,,,,,,,,,,,,,,,,,,,,,,,,,,,,,,,,
GC-BCVI-MOMS-25-46,c,7,5,17,2,0.6275,9656.25,2437.5,7218.75,0.1435,9656.25,2625,7031.25,0.0657,3468.75,2531.25,937.5,0.0627,3375,2437.5,937.5,0.0627,3468.75,2437.5,1031.25,0.0586,3281.25,2531.25,750,,,,,,,,,,,,,,,,,,,,,,,,,,,,,,,,,,,,,,,,,,,,,,,,,,,,,,,,,,,,,,,,,,,,,,,,,,,,,,,,,,,,,,,,,,,,,,,,,,,,,,,,,,,,,,,,,,,,,,,,,,,,,,,,,,,,,,,,,,,,
GC-BCVI-MOMS-25-48,a,7,2,17,2,0.3309,4687.5,2343.75,2343.75,0.1832,4312.5,2343.75,1968.75,0.0874,4687.5,3468.75,1218.75,,,,,,,,,,,,,,,,,,,,,,,,,,,,,,,,,,,,,,,,,,,,,,,,,,,,,,,,,,,,,,,,,,,,,,,,,,,,,,,,,,,,,,,,,,,,,,,,,,,,,,,,,,,,,,,,,,,,,,,,,,,,,,,,,,,,,,,,,,,,,,,,,,,,,,,,
GC-BCVI-MOMS-25-49,d,7,9,17,4,1.0661,7968.75,2250,5718.75,0.0433,7312.5,4312.5,3000,0.0433,7218.75,4781.25,2437.5,0.0397,7312.5,4312.5,3000,0.1443,3843.75,2250,1593.75,0.1822,7968.75,4031.25,3937.5,0.0758,3468.75,2531.25,937.5,0.0704,3375,2343.75,1031.25,0.0667,3468.75,2531.25,937.5,0.0776,3562.5,2531.25,1031.25,,,,,,,,,,,,,,,,,,,,,,,,,,,,,,,,,,,,,,,,,,,,,,,,,,,,,,,,,,,,,,,,,,,,,,,,,,,,,,,,,,,,,,,,,,,,,,,,,,,,,,,,,,,,,,,,,,,,,,,,,,,,
GC-BCVI-MOMS-25-50,a,7,2,17,2,0.1577,4875,2531.25,2343.75,0.1716,3843.75,2531.25,1312.5,0.0881,4875,3468.75,1406.25,,,,,,,,,,,,,,,,,,,,,,,,,,,,,,,,,,,,,,,,,,,,,,,,,,,,,,,,,,,,,,,,,,,,,,,,,,,,,,,,,,,,,,,,,,,,,,,,,,,,,,,,,,,,,,,,,,,,,,,,,,,,,,,,,,,,,,,,,,,,,,,,,,,,,,,,
GC-BCVI-MOMS-25-51,b,7,2,17,2,0.4571,9468.75,3843.75,5625,0.2168,6750,3843.75,2906.25,0.0889,9468.75,4218.75,5250,,,,,,,,,,,,,,,,,,,,,,,,,,,,,,,,,,,,,,,,,,,,,,,,,,,,,,,,,,,,,,,,,,,,,,,,,,,,,,,,,,,,,,,,,,,,,,,,,,,,,,,,,,,,,,,,,,,,,,,,,,,,,,,,,,,,,,,,,,,,,,,,,,,,,,,,
GC-BCVI-MOMS-25-52,d,7,10,17,4,1.1621,6750,2156.25,4593.75,0.0465,6281.25,4593.75,1687.5,0.0446,6750,6000,750,0.0483,6468.75,4781.25,1687.5,0.0465,6750,5906.25,843.75,0.1562,3843.75,2156.25,1687.5,0.1748,6375,4125,2250,0.0781,3562.5,2531.25,1031.25,0.0744,3281.25,2531.25,750,0.0762,3562.5,2531.25,1031.25,0.0762,3468.75,2531.25,937.5,,,,,,,,,,,,,,,,,,,,,,,,,,,,,,,,,,,,,,,,,,,,,,,,,,,,,,,,,,,,,,,,,,,,,,,,,,,,,,,,,,,,,,,,,,,,,,,,,,,,,,,,,,,,,,,,,,,,,,,,
GC-BCVI-MOMS-25-54,c,7,2,17,2,0.4427,9468.75,2437.5,7031.25,0.1119,9468.75,3843.75,5625,0.1682,4593.75,2437.5,2156.25,,,,,,,,,,,,,,,,,,,,,,,,,,,,,,,,,,,,,,,,,,,,,,,,,,,,,,,,,,,,,,,,,,,,,,,,,,,,,,,,,,,,,,,,,,,,,,,,,,,,,,,,,,,,,,,,,,,,,,,,,,,,,,,,,,,,,,,,,,,,,,,,,,,,,,,,
GC-BCVI-MSOO-25-9,a,19,8,48,3,0.8628,6093.75,2718.75,3375,0.1713,3843.75,3187.5,656.25,0.0536,6000,4781.25,1218.75,0.051,5906.25,4593.75,1312.5,0.0431,6093.75,4406.25,1687.5,0.0497,5812.5,5437.5,375,0.0497,3562.5,2812.5,750,0.0523,3281.25,2906.25,375,0.0497,3281.25,2718.75,562.5,,,,,,,,,,,,,,,,,,,,,,,,,,,,,,,,,,,,,,,,,,,,,,,,,,,,,,,,,,,,,,,,,,,,,,,,,,,,,,,,,,,,,,,,,,,,,,,,,,,,,,,,,,,,,,,,,,,,,,,,,,,,,,,,
GC-BCVI-MSOO-25-10,b,19,9,48,5,0.9025,6562.5,2062.5,4500,0.0591,5156.25,3562.5,1593.75,0.0803,5718.75,4031.25,1687.5,0.1299,4031.25,2156.25,1875,0.078,6562.5,5062.5,1500,0.0685,6562.5,5250,1312.5,0.0567,6187.5,5250,937.5,0.1512,4781.25,2062.5,2718.75,0.0378,4406.25,3000,1406.25,0.0945,4031.25,2343.75,1687.5,,,,,,,,,,,,,,,,,,,,,,,,,,,,,,,,,,,,,,,,,,,,,,,,,,,,,,,,,,,,,,,,,,,,,,,,,,,,,,,,,,,,,,,,,,,,,,,,,,,,,,,,,,,,,,,,,,,,,,,,,,,,
GC-BCVI-MSOO-25-11,c,19,10,48,4,0.8671,5718.75,2250,3468.75,0.0472,5437.5,4781.25,656.25,0.0405,4687.5,4218.75,468.75,0.0573,4593.75,3468.75,1125,0.0556,3843.75,3375,468.75,0.0472,5250,3375,1875,0.0489,4968.75,3468.75,1500,0.1517,4500,2250,2250,0.0371,5156.25,3468.75,1687.5,0.0337,4968.75,4687.5,281.25,0.0388,5718.75,4687.5,1031.25,,,,,,,,,,,,,,,,,,,,,,,,,,,,,,,,,,,,,,,,,,,,,,,,,,,,,,,,,,,,,,,,,,,,,,,,,,,,,,,,,,,,,,,,,,,,,,,,,,,,,,,,,,,,,,,,,,,,,,,,
GC-BCVI-MSOO-25-14,b,19,9,48,5,0.9205,6468.75,2250,4218.75,0.0632,5718.75,4312.5,1406.25,0.0677,5812.5,4500,1312.5,0.1377,4031.25,2250,1781.25,0.0587,6468.75,5156.25,1312.5,0.0542,6281.25,5156.25,1125,0.0835,6468.75,5156.25,1312.5,0.1512,4781.25,2250,2531.25,0.0497,5062.5,2343.75,2718.75,0.0858,3750,2250,1500,,,,,,,,,,,,,,,,,,,,,,,,,,,,,,,,,,,,,,,,,,,,,,,,,,,,,,,,,,,,,,,,,,,,,,,,,,,,,,,,,,,,,,,,,,,,,,,,,,,,,,,,,,,,,,,,,,,,,,,,,,,,
GC-BCVI-MSOO-25-15,d,19,6,48,2,0.5405,7125,2437.5,4687.5,0.087,7125,3187.5,3937.5,0.0388,3937.5,2437.5,1500,0.045,3937.5,3468.75,468.75,0.0497,3937.5,3375,562.5,0.0435,3843.75,3375,468.75,0.0683,3937.5,2812.5,1125,,,,,,,,,,,,,,,,,,,,,,,,,,,,,,,,,,,,,,,,,,,,,,,,,,,,,,,,,,,,,,,,,,,,,,,,,,,,,,,,,,,,,,,,,,,,,,,,,,,,,,,,,,,,,,,,,,,,,,,,,,,,,,,,,,,,,,,,
GC-BCVI-MSOO-25-20,c,19,7,48,4,0.8463,6843.75,2250,4593.75,0.1843,6843.75,4781.25,2062.5,0.0614,4968.75,2906.25,2062.5,0.0751,4781.25,3000,1781.25,0.157,4781.25,2250,2531.25,0.0591,5250,2812.5,2437.5,0.05,5062.5,4312.5,750,0.0569,5718.75,3468.75,2250,,,,,,,,,,,,,,,,,,,,,,,,,,,,,,,,,,,,,,,,,,,,,,,,,,,,,,,,,,,,,,,,,,,,,,,,,,,,,,,,,,,,,,,,,,,,,,,,,,,,,,,,,,,,,,,,,,,,,,,,,,,,,,,,,,,,
GC-BCVI-MSOO-25-25,b,19,9,48,5,0.9227,6656.25,2156.25,4500,0.0677,5625,3562.5,2062.5,0.0693,5906.25,3750,2156.25,0.1322,4593.75,2437.5,2156.25,0.0661,6562.5,5062.5,1500,0.0613,6656.25,5156.25,1500,0.0742,6656.25,5156.25,1500,0.1419,4875,2343.75,2531.25,0.0452,4968.75,2531.25,2437.5,0.0984,3750,2156.25,1593.75,,,,,,,,,,,,,,,,,,,,,,,,,,,,,,,,,,,,,,,,,,,,,,,,,,,,,,,,,,,,,,,,,,,,,,,,,,,,,,,,,,,,,,,,,,,,,,,,,,,,,,,,,,,,,,,,,,,,,,,,,,,,
GC-BCVI-MSOO-25-32,d,19,5,48,1,0.2567,4218.75,2437.5,1781.25,0.0559,3750,2437.5,1312.5,0.0357,4218.75,3281.25,937.5,0.0428,3656.25,3281.25,375,0.0463,3750,2718.75,1031.25,0.0701,3656.25,2906.25,750,,,,,,,,,,,,,,,,,,,,,,,,,,,,,,,,,,,,,,,,,,,,,,,,,,,,,,,,,,,,,,,,,,,,,,,,,,,,,,,,,,,,,,,,,,,,,,,,,,,,,,,,,,,,,,,,,,,,,,,,,,,,,,,,,,,,,,,,,,,,
GC-BCVI-MSOO-25-33,c,19,10,48,5,1.236,7312.5,2156.25,5156.25,0.2176,7312.5,4687.5,2625,0.05,5250,2812.5,2437.5,0.0618,4687.5,2625,2062.5,0.1647,4500,2718.75,1781.25,0.0471,6000,4406.25,1593.75,0.0487,5250,4406.25,843.75,0.0412,5812.5,4687.5,1125,0.0647,3562.5,2343.75,1218.75,0.0676,3187.5,2156.25,1031.25,0.0603,3281.25,2250,1031.25,,,,,,,,,,,,,,,,,,,,,,,,,,,,,,,,,,,,,,,,,,,,,,,,,,,,,,,,,,,,,,,,,,,,,,,,,,,,,,,,,,,,,,,,,,,,,,,,,,,,,,,,,,,,,,,,,,,,,,,,
GC-BCVI-MSOO-25-37,e,19,4,48,2,0.3756,6093.75,2343.75,3750,0.0628,6093.75,4781.25,1312.5,0.0703,5343.75,4875,468.75,0.0565,5718.75,4875,843.75,0.0754,5625,2343.75,3281.25,,,,,,,,,,,,,,,,,,,,,,,,,,,,,,,,,,,,,,,,,,,,,,,,,,,,,,,,,,,,,,,,,,,,,,,,,,,,,,,,,,,,,,,,,,,,,,,,,,,,,,,,,,,,,,,,,,,,,,,,,,,,,,,,,,,,,,,,,,,,,,,,
GC-BCVI-MSOO-25-39,d,19,6,48,2,0.563,6843.75,3000,3843.75,0.1145,6843.75,3937.5,2906.25,0.0403,4031.25,3187.5,843.75,0.0387,4031.25,3562.5,468.75,0.0468,4031.25,3000,1031.25,0.0516,3843.75,3000,843.75,0.0629,4031.25,3000,1031.25,,,,,,,,,,,,,,,,,,,,,,,,,,,,,,,,,,,,,,,,,,,,,,,,,,,,,,,,,,,,,,,,,,,,,,,,,,,,,,,,,,,,,,,,,,,,,,,,,,,,,,,,,,,,,,,,,,,,,,,,,,,,,,,,,,,,,,,,
GC-BCVI-MSOO-25-41,f,19,5,48,3,0.4236,7218.75,3000,4218.75,0.097,6281.25,4312.5,1968.75,0.0748,4875,3000,1875,0.0374,5718.75,5250,468.75,0.0357,6093.75,5812.5,281.25,0.0391,7218.75,6843.75,375,,,,,,,,,,,,,,,,,,,,,,,,,,,,,,,,,,,,,,,,,,,,,,,,,,,,,,,,,,,,,,,,,,,,,,,,,,,,,,,,,,,,,,,,,,,,,,,,,,,,,,,,,,,,,,,,,,,,,,,,,,,,,,,,,,,,,,,,,,,,
GC-BCVI-MSOO-25-48,e,19,4,48,2,0.3603,5625,2343.75,3281.25,0.0577,5625,4968.75,656.25,0.0697,5250,4875,375,0.0577,5156.25,4968.75,187.5,0.0675,4875,2343.75,2531.25,,,,,,,,,,,,,,,,,,,,,,,,,,,,,,,,,,,,,,,,,,,,,,,,,,,,,,,,,,,,,,,,,,,,,,,,,,,,,,,,,,,,,,,,,,,,,,,,,,,,,,,,,,,,,,,,,,,,,,,,,,,,,,,,,,,,,,,,,,,,,,,,
GC-BCVI-MSOO-25-49,g,19,3,48,1,0.2807,3468.75,2156.25,1312.5,0.077,3468.75,2250,1218.75,0.0795,2625,2156.25,468.75,0.0894,3281.25,2156.25,1125,,,,,,,,,,,,,,,,,,,,,,,,,,,,,,,,,,,,,,,,,,,,,,,,,,,,,,,,,,,,,,,,,,,,,,,,,,,,,,,,,,,,,,,,,,,,,,,,,,,,,,,,,,,,,,,,,,,,,,,,,,,,,,,,,,,,,,,,,,,,,,,,,,,,
GC-BCVI-MSOO-25-51,d,19,5,48,1,0.2337,4593.75,2906.25,1687.5,0.0443,4031.25,3187.5,843.75,0.0469,4593.75,3468.75,1125,0.0425,4031.25,2906.25,1125,0.0451,3843.75,3187.5,656.25,0.0531,3656.25,3281.25,375,,,,,,,,,,,,,,,,,,,,,,,,,,,,,,,,,,,,,,,,,,,,,,,,,,,,,,,,,,,,,,,,,,,,,,,,,,,,,,,,,,,,,,,,,,,,,,,,,,,,,,,,,,,,,,,,,,,,,,,,,,,,,,,,,,,,,,,,,,,,
GC-BCVI-MSOO-25-55,d,19,1,48,1,0.0822,6750,3562.5,3187.5,0.0822,6750,3562.5,3187.5,,,,,,,,,,,,,,,,,,,,,,,,,,,,,,,,,,,,,,,,,,,,,,,,,,,,,,,,,,,,,,,,,,,,,,,,,,,,,,,,,,,,,,,,,,,,,,,,,,,,,,,,,,,,,,,,,,,,,,,,,,,,,,,,,,,,,,,,,,,,,,,,,,,,,,,,,,,,
GC-BCVI-MSOO-25-59,h,19,6,48,2,0.4089,5343.75,2718.75,2625,0.0354,5343.75,4593.75,750,0.0415,4875,3750,1125,0.0439,4593.75,3562.5,1031.25,0.0415,4593.75,3562.5,1031.25,0.0684,3375,2906.25,468.75,0.0818,3750,2718.75,1031.25,,,,,,,,,,,,,,,,,,,,,,,,,,,,,,,,,,,,,,,,,,,,,,,,,,,,,,,,,,,,,,,,,,,,,,,,,,,,,,,,,,,,,,,,,,,,,,,,,,,,,,,,,,,,,,,,,,,,,,,,,,,,,,,,,,,,,,,,
GC-BCVI-MSOO-25-63,i,19,6,48,4,0.7186,6093.75,2343.75,3750,0.0848,6093.75,2343.75,3750,0.1716,5906.25,3093.75,2812.5,0.0747,3937.5,2437.5,1500,0.0606,4031.25,2531.25,1500,0.0444,4968.75,3093.75,1875,0.0888,3000,2718.75,281.25,,,,,,,,,,,,,,,,,,,,,,,,,,,,,,,,,,,,,,,,,,,,,,,,,,,,,,,,,,,,,,,,,,,,,,,,,,,,,,,,,,,,,,,,,,,,,,,,,,,,,,,,,,,,,,,,,,,,,,,,,,,,,,,,,,,,,,,,
GC-BCVI-MSOO-25-66,b,19,9,48,5,0.0907,5812.5,2062.5,3750,0.0674,5718.75,3468.75,2250,0.0752,5718.75,3375,2343.75,0.1348,5062.5,2343.75,2718.75,0.0674,5625,3000,2625,0.0648,5718.75,2718.75,3000,0.0726,5812.5,3093.75,2718.75,0.1426,4875,2062.5,2812.5,0.0441,4968.75,2625,2343.75,0.0908,3843.75,2250,1593.75,,,,,,,,,,,,,,,,,,,,,,,,,,,,,,,,,,,,,,,,,,,,,,,,,,,,,,,,,,,,,,,,,,,,,,,,,,,,,,,,,,,,,,,,,,,,,,,,,,,,,,,,,,,,,,,,,,,,,,,,,,,,
GC-BCVI-MSOO-25-71,j,19,1,48,1,0.0633,6000,3562.5,2437.5,0.0633,6000,3562.5,2437.5,,,,,,,,,,,,,,,,,,,,,,,,,,,,,,,,,,,,,,,,,,,,,,,,,,,,,,,,,,,,,,,,,,,,,,,,,,,,,,,,,,,,,,,,,,,,,,,,,,,,,,,,,,,,,,,,,,,,,,,,,,,,,,,,,,,,,,,,,,,,,,,,,,,,,,,,,,,,
GC-BCVI-MSOO-25-75,b,19,9,48,5,0.8893,6375,2156.25,4218.75,0.0595,5812.5,2156.25,3656.25,0.0842,5531.25,4500,1031.25,0.1338,4312.5,2250,2062.5,0.0619,6375,3187.5,3187.5,0.057,6375,3281.25,3093.75,0.057,6187.5,3281.25,2906.25,0.1387,4781.25,2343.75,2437.5,0.0421,4968.75,2812.5,2156.25,0.0793,3750,2343.75,1406.25,,,,,,,,,,,,,,,,,,,,,,,,,,,,,,,,,,,,,,,,,,,,,,,,,,,,,,,,,,,,,,,,,,,,,,,,,,,,,,,,,,,,,,,,,,,,,,,,,,,,,,,,,,,,,,,,,,,,,,,,,,,,
GC-BCVI-MSOO-25-78,f,19,5,48,3,0.4406,6937.5,2718.75,4218.75,0.1162,6656.25,2718.75,3937.5,0.0805,4687.5,3093.75,1593.75,0.0358,5343.75,5062.5,281.25,0.0332,6187.5,5718.75,468.75,0.0281,6937.5,6750,187.5,,,,,,,,,,,,,,,,,,,,,,,,,,,,,,,,,,,,,,,,,,,,,,,,,,,,,,,,,,,,,,,,,,,,,,,,,,,,,,,,,,,,,,,,,,,,,,,,,,,,,,,,,,,,,,,,,,,,,,,,,,,,,,,,,,,,,,,,,,,,
GC-BCVI-MSOO-25-79,g,19,3,48,1,0.2632,4312.5,2062.5,2250,0.0739,4312.5,2156.25,2156.25,0.0784,2625,2062.5,562.5,0.0766,3468.75,2156.25,1312.5,,,,,,,,,,,,,,,,,,,,,,,,,,,,,,,,,,,,,,,,,,,,,,,,,,,,,,,,,,,,,,,,,,,,,,,,,,,,,,,,,,,,,,,,,,,,,,,,,,,,,,,,,,,,,,,,,,,,,,,,,,,,,,,,,,,,,,,,,,,,,,,,,,,,
GC-BCVI-MSOO-25-82,a,19,8,48,3,0.8267,7125,2625,4500,0.1778,3843.75,3375,468.75,0.0586,6750,4687.5,2062.5,0.0607,7125,5250,1875,0.0564,7125,5250,1875,0.1041,6750,5062.5,1687.5,0.0506,3562.5,2906.25,656.25,0.0491,3281.25,2906.25,375,0.0567,3187.5,2625,562.5,,,,,,,,,,,,,,,,,,,,,,,,,,,,,,,,,,,,,,,,,,,,,,,,,,,,,,,,,,,,,,,,,,,,,,,,,,,,,,,,,,,,,,,,,,,,,,,,,,,,,,,,,,,,,,,,,,,,,,,,,,,,,,,,
GC-BCVI-MSOO-25-85,i,19,5,48,4,0.4266,5812.5,2250,3562.5,0.1752,5812.5,3281.25,2531.25,0.0716,4312.5,2625,1687.5,0.064,3937.5,2625,1312.5,0.0381,4968.75,3187.5,1781.25,0.032,3093.75,2250,843.75,,,,,,,,,,,,,,,,,,,,,,,,,,,,,,,,,,,,,,,,,,,,,,,,,,,,,,,,,,,,,,,,,,,,,,,,,,,,,,,,,,,,,,,,,,,,,,,,,,,,,,,,,,,,,,,,,,,,,,,,,,,,,,,,,,,,,,,,,,,,
GC-BCVI-MSOO-25-86,i,19,6,48,5,0.7661,5718.75,2250,3468.75,0.1133,5718.75,2718.75,3000,0.1862,5625,3093.75,2531.25,0.0614,4125,2343.75,1781.25,0.0595,4031.25,2250,1781.25,0.0365,4968.75,3281.25,1687.5,0.0826,3187.5,2625,562.5,,,,,,,,,,,,,,,,,,,,,,,,,,,,,,,,,,,,,,,,,,,,,,,,,,,,,,,,,,,,,,,,,,,,,,,,,,,,,,,,,,,,,,,,,,,,,,,,,,,,,,,,,,,,,,,,,,,,,,,,,,,,,,,,,,,,,,,,
GC-BCVI-MSOO-25-87,a,19,7,48,2,0.4755,6750,2718.75,4031.25,0.0541,6656.25,4875,1781.25,0.0601,6656.25,4687.5,1968.75,0.0528,6656.25,5343.75,1312.5,0.0588,6750,5156.25,1593.75,0.0488,3468.75,2906.25,562.5,0.0521,3281.25,2812.5,468.75,0.0508,3281.25,2718.75,562.5,,,,,,,,,,,,,,,,,,,,,,,,,,,,,,,,,,,,,,,,,,,,,,,,,,,,,,,,,,,,,,,,,,,,,,,,,,,,,,,,,,,,,,,,,,,,,,,,,,,,,,,,,,,,,,,,,,,,,,,,,,,,,,,,,,,,
GC-BCVI-MSOO-25-91,i,19,6,48,5,0.7564,5906.25,2625,3281.25,0.0947,5906.25,3656.25,2250,0.1759,5531.25,3750,1781.25,0.0677,4031.25,2625,1406.25,0.0722,4031.25,2625,1406.25,0.0376,4593.75,3468.75,1125,0.0624,3093.75,2718.75,375,,,,,,,,,,,,,,,,,,,,,,,,,,,,,,,,,,,,,,,,,,,,,,,,,,,,,,,,,,,,,,,,,,,,,,,,,,,,,,,,,,,,,,,,,,,,,,,,,,,,,,,,,,,,,,,,,,,,,,,,,,,,,,,,,,,,,,,,
GC-BCVI-MSOO-25-92,k,19,6,48,2,0.5839,6843.75,2343.75,4500,0.088,6562.5,2343.75,4218.75,0.0856,5250,3281.25,1968.75,0.0571,6843.75,4687.5,2156.25,0.0516,5437.5,3375,2062.5,0.0552,5343.75,3375,1968.75,0.0613,5625,3375,2250,,,,,,,,,,,,,,,,,,,,,,,,,,,,,,,,,,,,,,,,,,,,,,,,,,,,,,,,,,,,,,,,,,,,,,,,,,,,,,,,,,,,,,,,,,,,,,,,,,,,,,,,,,,,,,,,,,,,,,,,,,,,,,,,,,,,,,,,
GC-BCVI-MSOO-25-94,k,19,6,48,2,0.5643,7406.25,2718.75,4687.5,0.0837,6656.25,3562.5,3093.75,0.079,5718.75,3656.25,2062.5,0.0628,7406.25,4500,2906.25,0.056,6843.75,4031.25,2812.5,0.0601,5718.75,3562.5,2156.25,0.054,5531.25,2718.75,2812.5,,,,,,,,,,,,,,,,,,,,,,,,,,,,,,,,,,,,,,,,,,,,,,,,,,,,,,,,,,,,,,,,,,,,,,,,,,,,,,,,,,,,,,,,,,,,,,,,,,,,,,,,,,,,,,,,,,,,,,,,,,,,,,,,,,,,,,,,
GC-BCVI-MSOO-25-95,a,19,8,48,3,0.8201,7031.25,2625,4406.25,0.1652,3937.5,2812.5,1125,0.0605,7031.25,4781.25,2250,0.0489,6656.25,4687.5,1968.75,0.0559,6843.75,5156.25,1687.5,0.052,6656.25,4968.75,1687.5,0.0543,3562.5,2625,937.5,0.0411,3375,2625,750,0.0473,3281.25,2718.75,562.5,,,,,,,,,,,,,,,,,,,,,,,,,,,,,,,,,,,,,,,,,,,,,,,,,,,,,,,,,,,,,,,,,,,,,,,,,,,,,,,,,,,,,,,,,,,,,,,,,,,,,,,,,,,,,,,,,,,,,,,,,,,,,,,,
GC-BCVI-MSOO-25-96,l,19,5,48,3,0.6743,4968.75,2531.25,2437.5,0.0577,3468.75,2531.25,937.5,0.0632,3656.25,2625,1031.25,0.0654,3656.25,3187.5,468.75,0.0991,4781.25,2718.75,2062.5,0.2081,4968.75,3093.75,1875,,,,,,,,,,,,,,,,,,,,,,,,,,,,,,,,,,,,,,,,,,,,,,,,,,,,,,,,,,,,,,,,,,,,,,,,,,,,,,,,,,,,,,,,,,,,,,,,,,,,,,,,,,,,,,,,,,,,,,,,,,,,,,,,,,,,,,,,,,,,
GC-BCVI-MSOO-25-100,m,19,6,48,2,0.4906,6000,2250,3750,0.0534,5812.5,4593.75,1218.75,0.0558,5906.25,4593.75,1312.5,0.0511,6000,4593.75,1406.25,0.0722,4031.25,2437.5,1593.75,0.0798,3750,2250,1500,0.0739,3281.25,2437.5,843.75,,,,,,,,,,,,,,,,,,,,,,,,,,,,,,,,,,,,,,,,,,,,,,,,,,,,,,,,,,,,,,,,,,,,,,,,,,,,,,,,,,,,,,,,,,,,,,,,,,,,,,,,,,,,,,,,,,,,,,,,,,,,,,,,,,,,,,,,
GC-BCVI-MSOO-25-103,n,19,3,48,2,0.4012,6281.25,3656.25,2625,0.191,6093.75,3656.25,2437.5,0.0724,6281.25,4406.25,1875,0.0618,6093.75,4218.75,1875,,,,,,,,,,,,,,,,,,,,,,,,,,,,,,,,,,,,,,,,,,,,,,,,,,,,,,,,,,,,,,,,,,,,,,,,,,,,,,,,,,,,,,,,,,,,,,,,,,,,,,,,,,,,,,,,,,,,,,,,,,,,,,,,,,,,,,,,,,,,,,,,,,,,
GC-BCVI-MSOO-25-104,l,19,4,48,2,0.4335,4875,2437.5,2437.5,0.2082,4875,3187.5,1687.5,0.0601,4031.25,2437.5,1593.75,0.0606,3656.25,2906.25,750,0.0621,3750,3187.5,562.5,,,,,,,,,,,,,,,,,,,,,,,,,,,,,,,,,,,,,,,,,,,,,,,,,,,,,,,,,,,,,,,,,,,,,,,,,,,,,,,,,,,,,,,,,,,,,,,,,,,,,,,,,,,,,,,,,,,,,,,,,,,,,,,,,,,,,,,,,,,,,,,,
GC-BCVI-MSOO-25-105,m,19,6,48,2,0.3479,5906.25,2343.75,3562.5,0.0499,5625,3750,1875,0.0544,5906.25,4406.25,1500,0.0555,5812.5,3843.75,1968.75,0.0718,3468.75,2625,843.75,0.0741,3281.25,2343.75,937.5,0.0819,3750,2812.5,937.5,,,,,,,,,,,,,,,,,,,,,,,,,,,,,,,,,,,,,,,,,,,,,,,,,,,,,,,,,,,,,,,,,,,,,,,,,,,,,,,,,,,,,,,,,,,,,,,,,,,,,,,,,,,,,,,,,,,,,,,,,,,,,,,,,,,,,,,,
GC-BCVI-MSOO-25-108,l,19,4,48,2,0.4414,4875,2718.75,2156.25,0.2101,4875,3281.25,1593.75,0.0669,4031.25,2718.75,1312.5,0.0646,3656.25,3000,656.25,0.0691,4031.25,3187.5,843.75,,,,,,,,,,,,,,,,,,,,,,,,,,,,,,,,,,,,,,,,,,,,,,,,,,,,,,,,,,,,,,,,,,,,,,,,,,,,,,,,,,,,,,,,,,,,,,,,,,,,,,,,,,,,,,,,,,,,,,,,,,,,,,,,,,,,,,,,,,,,,,,,
GC-BCVI-MSOO-25-109,m,19,6,48,2,0.5182,5812.5,2343.75,3468.75,0.0537,5718.75,3750,1968.75,0.0556,5812.5,3750,2062.5,0.0537,5812.5,3656.25,2156.25,0.0802,3937.5,2718.75,1218.75,0.0796,3468.75,2343.75,1125,0.0699,3375,2531.25,843.75,,,,,,,,,,,,,,,,,,,,,,,,,,,,,,,,,,,,,,,,,,,,,,,,,,,,,,,,,,,,,,,,,,,,,,,,,,,,,,,,,,,,,,,,,,,,,,,,,,,,,,,,,,,,,,,,,,,,,,,,,,,,,,,,,,,,,,,,
GC-BCVI-MSOO-25-115,q,19,8,48,4,0.8453,5625,2812.5,2812.5,0.1945,5625,4312.5,1312.5,0.0562,4968.75,2812.5,2156.25,0.0433,5531.25,4406.25,1125,0.0396,3750,3000,750,0.0452,3187.5,3000,187.5,0.0406,3281.25,3000,281.25,0.0396,3468.75,2906.25,562.5,0.0442,3187.5,2812.5,375,,,,,,,,,,,,,,,,,,,,,,,,,,,,,,,,,,,,,,,,,,,,,,,,,,,,,,,,,,,,,,,,,,,,,,,,,,,,,,,,,,,,,,,,,,,,,,,,,,,,,,,,,,,,,,,,,,,,,,,,,,,,,,,,
GC-BCVI-MSOO-25-116,o,19,2,48,2,0.0691,4687.5,2531.25,2156.25,0.0228,4687.5,2531.25,2156.25,0.0343,4218.75,3562.5,656.25,,,,,,,,,,,,,,,,,,,,,,,,,,,,,,,,,,,,,,,,,,,,,,,,,,,,,,,,,,,,,,,,,,,,,,,,,,,,,,,,,,,,,,,,,,,,,,,,,,,,,,,,,,,,,,,,,,,,,,,,,,,,,,,,,,,,,,,,,,,,,,,,,,,,,,,,
GC-BCVI-MSOO-25-117,p,19,5,48,3,0.6815,5906.25,2343.75,3562.5,0.0388,5812.5,4500,1312.5,0.0434,5437.5,4312.5,1125,0.0441,5718.75,5062.5,656.25,0.1362,4031.25,2343.75,1687.5,0.1868,5906.25,3468.75,2437.5,,,,,,,,,,,,,,,,,,,,,,,,,,,,,,,,,,,,,,,,,,,,,,,,,,,,,,,,,,,,,,,,,,,,,,,,,,,,,,,,,,,,,,,,,,,,,,,,,,,,,,,,,,,,,,,,,,,,,,,,,,,,,,,,,,,,,,,,,,,,
GC-BCVI-MSOO-25-121,o,19,2,48,2,0.0892,4968.75,2437.5,2531.25,0.0334,4968.75,2437.5,2531.25,0.0533,4312.5,3468.75,843.75,,,,,,,,,,,,,,,,,,,,,,,,,,,,,,,,,,,,,,,,,,,,,,,,,,,,,,,,,,,,,,,,,,,,,,,,,,,,,,,,,,,,,,,,,,,,,,,,,,,,,,,,,,,,,,,,,,,,,,,,,,,,,,,,,,,,,,,,,,,,,,,,,,,,,,,,
GC-BCVI-MSOO-25-126,q,19,9,48,5,1.1005,5718.75,2343.75,3375,0.0831,5156.25,3468.75,1687.5,0.186,5531.25,4312.5,1218.75,0.0603,5437.5,2343.75,3093.75,0.0384,5718.75,4125,1593.75,0.0436,3468.75,2906.25,562.5,0.0374,3187.5,2812.5,375,0.0426,3093.75,2812.5,281.25,0.0436,3281.25,2812.5,468.75,0.0457,3656.25,2812.5,843.75,,,,,,,,,,,,,,,,,,,,,,,,,,,,,,,,,,,,,,,,,,,,,,,,,,,,,,,,,,,,,,,,,,,,,,,,,,,,,,,,,,,,,,,,,,,,,,,,,,,,,,,,,,,,,,,,,,,,,,,,,,,,
GC-BCVI-MSOO-25-128,m,19,6,48,2,0.512,5812.5,2343.75,3468.75,0.0553,5531.25,3562.5,1968.75,0.0582,5812.5,4500,1312.5,0.053,5812.5,3656.25,2156.25,0.0753,3656.25,2718.75,937.5,0.069,3375,2718.75,656.25,0.0667,3187.5,2343.75,843.75,,,,,,,,,,,,,,,,,,,,,,,,,,,,,,,,,,,,,,,,,,,,,,,,,,,,,,,,,,,,,,,,,,,,,,,,,,,,,,,,,,,,,,,,,,,,,,,,,,,,,,,,,,,,,,,,,,,,,,,,,,,,,,,,,,,,,,,,
GC-BCVI-MSOO-25-129,q,19,9,48,5,1.0749,5906.25,2437.5,3468.75,0.0774,4968.75,2437.5,2531.25,0.1761,5906.25,4031.25,1875,0.058,5343.75,2437.5,2906.25,0.0407,5906.25,4500,1406.25,0.0387,3656.25,3000,656.25,0.0397,3281.25,2812.5,468.75,0.0366,3562.5,2906.25,656.25,0.0417,3562.5,2812.5,750,0.0478,3187.5,2812.5,375,,,,,,,,,,,,,,,,,,,,,,,,,,,,,,,,,,,,,,,,,,,,,,,,,,,,,,,,,,,,,,,,,,,,,,,,,,,,,,,,,,,,,,,,,,,,,,,,,,,,,,,,,,,,,,,,,,,,,,,,,,,,
GC-BCVI-MSOO-25-135,m,19,6,48,2,0.5073,5718.75,2343.75,3375,0.0716,5625,4406.25,1218.75,0.0645,5625,4312.5,1312.5,0.0581,5718.75,4312.5,1406.25,0.0829,3656.25,2718.75,937.5,0.0673,3468.75,2343.75,1125,0.0687,3187.5,2531.25,656.25,,,,,,,,,,,,,,,,,,,,,,,,,,,,,,,,,,,,,,,,,,,,,,,,,,,,,,,,,,,,,,,,,,,,,,,,,,,,,,,,,,,,,,,,,,,,,,,,,,,,,,,,,,,,,,,,,,,,,,,,,,,,,,,,,,,,,,,,
GC-BCVI-MSOO-25-137,n,19,5,48,3,0.779,7125,1968.75,5156.25,0.1735,7125,1968.75,5156.25,0.0706,6468.75,3843.75,2625,0.0682,6187.5,3843.75,2343.75,0.0694,5531.25,3843.75,1687.5,0.1005,6468.75,3937.5,2531.25,,,,,,,,,,,,,,,,,,,,,,,,,,,,,,,,,,,,,,,,,,,,,,,,,,,,,,,,,,,,,,,,,,,,,,,,,,,,,,,,,,,,,,,,,,,,,,,,,,,,,,,,,,,,,,,,,,,,,,,,,,,,,,,,,,,,,,,,,,,,
GC-BCVI-MSOO-25-139,r,19,3,48,3,0.4223,6843.75,2343.75,4500,0.0517,4500,3000,1500,0.07,6843.75,4312.5,2531.25,0.1001,3656.25,2343.75,1312.5,,,,,,,,,,,,,,,,,,,,,,,,,,,,,,,,,,,,,,,,,,,,,,,,,,,,,,,,,,,,,,,,,,,,,,,,,,,,,,,,,,,,,,,,,,,,,,,,,,,,,,,,,,,,,,,,,,,,,,,,,,,,,,,,,,,,,,,,,,,,,,,,,,,,
GC-BCVI-MSOO-25-140,s,19,2,48,2,0.2603,5250,2625,2625,0.045,5250,3843.75,1406.25,0.0458,3750,2625,1125,,,,,,,,,,,,,,,,,,,,,,,,,,,,,,,,,,,,,,,,,,,,,,,,,,,,,,,,,,,,,,,,,,,,,,,,,,,,,,,,,,,,,,,,,,,,,,,,,,,,,,,,,,,,,,,,,,,,,,,,,,,,,,,,,,,,,,,,,,,,,,,,,,,,,,,,
GC-BCVI-MSOO-25-141,m,19,6,48,2,0.4913,5812.5,2437.5,3375,0.0537,5343.75,3562.5,1781.25,0.0575,5718.75,4406.25,1312.5,0.0598,5812.5,4406.25,1406.25,0.0782,3937.5,2812.5,1125,0.0766,3562.5,2718.75,843.75,0.0697,3187.5,2437.5,750,,,,,,,,,,,,,,,,,,,,,,,,,,,,,,,,,,,,,,,,,,,,,,,,,,,,,,,,,,,,,,,,,,,,,,,,,,,,,,,,,,,,,,,,,,,,,,,,,,,,,,,,,,,,,,,,,,,,,,,,,,,,,,,,,,,,,,,,
GC-BCVI-OBKS-25-1,a,15,8,35,3,0.6444,6093.75,2343.75,3750,0.045,5625,4968.75,656.25,0.082,5156.25,4875,281.25,0.0934,6093.75,3093.75,3000,0.0324,2625,2343.75,281.25,0.0353,3375,2812.5,562.5,0.0484,3843.75,2812.5,1031.25,0.0427,4312.5,3375,937.5,0.0433,4406.25,4218.75,187.5,,,,,,,,,,,,,,,,,,,,,,,,,,,,,,,,,,,,,,,,,,,,,,,,,,,,,,,,,,,,,,,,,,,,,,,,,,,,,,,,,,,,,,,,,,,,,,,,,,,,,,,,,,,,,,,,,,,,,,,,,,,,,,,,
GC-BCVI-OBKS-25-3,a,15,8,35,3,0.6092,6281.25,2437.5,3843.75,0.0367,5437.5,4968.75,468.75,0.0766,5062.5,4875,187.5,0.0845,6281.25,2812.5,3468.75,0.0354,2812.5,2437.5,375,0.04,3468.75,2906.25,562.5,0.0347,3843.75,3093.75,750,0.0426,4218.75,3843.75,375,0.036,4406.25,4031.25,375,,,,,,,,,,,,,,,,,,,,,,,,,,,,,,,,,,,,,,,,,,,,,,,,,,,,,,,,,,,,,,,,,,,,,,,,,,,,,,,,,,,,,,,,,,,,,,,,,,,,,,,,,,,,,,,,,,,,,,,,,,,,,,,,
GC-BCVI-OBKS-25-4,a,15,8,35,3,0.6448,6187.5,2531.25,3656.25,0.0544,5812.5,4781.25,1031.25,0.06,5531.25,4875,656.25,0.0767,6187.5,3375,2812.5,0.0272,2718.75,2531.25,187.5,0.0334,3562.5,2812.5,750,0.0389,3656.25,2812.5,843.75,0.0346,4031.25,3750,281.25,0.0278,4218.75,4031.25,187.5,,,,,,,,,,,,,,,,,,,,,,,,,,,,,,,,,,,,,,,,,,,,,,,,,,,,,,,,,,,,,,,,,,,,,,,,,,,,,,,,,,,,,,,,,,,,,,,,,,,,,,,,,,,,,,,,,,,,,,,,,,,,,,,,
GC-BCVI-OBKS-25-5,b,15,5,35,3,0.5511,5437.5,2250,3187.5,0.108,5437.5,2625,2812.5,0.1445,5437.5,3000,2437.5,0.0715,4125,2625,1500,0.081,3562.5,2250,1312.5,0.0715,3187.5,2250,937.5,,,,,,,,,,,,,,,,,,,,,,,,,,,,,,,,,,,,,,,,,,,,,,,,,,,,,,,,,,,,,,,,,,,,,,,,,,,,,,,,,,,,,,,,,,,,,,,,,,,,,,,,,,,,,,,,,,,,,,,,,,,,,,,,,,,,,,,,,,,,
GC-BCVI-OBKS-25-7,b,15,6,35,3,0.6798,5531.25,2343.75,3187.5,0.0964,5531.25,2812.5,2718.75,0.1631,5062.5,2718.75,2343.75,0.0773,4031.25,2812.5,1218.75,0.0784,3656.25,2437.5,1218.75,0.0752,3093.75,2437.5,656.25,0.0614,3000,2343.75,656.25,,,,,,,,,,,,,,,,,,,,,,,,,,,,,,,,,,,,,,,,,,,,,,,,,,,,,,,,,,,,,,,,,,,,,,,,,,,,,,,,,,,,,,,,,,,,,,,,,,,,,,,,,,,,,,,,,,,,,,,,,,,,,,,,,,,,,,,,
GC-BCVI-OBKS-25-8,b,15,6,35,3,0.5993,5437.5,2062.5,3375,0.0935,5437.5,2718.75,2718.75,0.143,5250,2718.75,2531.25,0.077,3937.5,2062.5,1875,0.0564,3656.25,2437.5,1218.75,0.0715,3187.5,2062.5,1125,0.0385,2625,2250,375,,,,,,,,,,,,,,,,,,,,,,,,,,,,,,,,,,,,,,,,,,,,,,,,,,,,,,,,,,,,,,,,,,,,,,,,,,,,,,,,,,,,,,,,,,,,,,,,,,,,,,,,,,,,,,,,,,,,,,,,,,,,,,,,,,,,,,,,
GC-BCVI-OBKS-25-12,c,15,5,35,2,0.5485,5718.75,2156.25,3562.5,0.1581,5718.75,3375,2343.75,0.0566,4218.75,2437.5,1781.25,0.059,4031.25,2156.25,1875,0.0625,4031.25,2343.75,1687.5,0.0743,4125,2437.5,1687.5,,,,,,,,,,,,,,,,,,,,,,,,,,,,,,,,,,,,,,,,,,,,,,,,,,,,,,,,,,,,,,,,,,,,,,,,,,,,,,,,,,,,,,,,,,,,,,,,,,,,,,,,,,,,,,,,,,,,,,,,,,,,,,,,,,,,,,,,,,,,
GC-BCVI-OBKS-25-14,d,15,13,35,2,0.7492,5531.25,2625,2906.25,0.0693,5531.25,3656.25,1875,0.0693,5437.5,3468.75,1968.75,0.0409,4781.25,4312.5,468.75,0.0378,4406.25,3656.25,750,0.0451,4312.5,3281.25,1031.25,0.042,3843.75,3093.75,750,0.0409,3562.5,3000,562.5,0.0441,3562.5,2625,937.5,0.0388,3468.75,2812.5,656.25,0.042,3468.75,2906.25,562.5,0.0388,3375,2812.5,562.5,0.0378,3468.75,2812.5,656.25,0.043,3281.25,2812.5,468.75,,,,,,,,,,,,,,,,,,,,,,,,,,,,,,,,,,,,,,,,,,,,,,,,,,,,,,,,,,,,,,,,,,,,,,,,,,,,,,,,,,,,,,,,,,,,,,,,,,,,,,,,,,,,
GC-BCVI-OBKS-25-17,e,15,5,35,1,0.4247,4687.5,3000,1687.5,0.0718,4687.5,3281.25,1406.25,0.0737,4593.75,3000,1593.75,0.0718,4500,3187.5,1312.5,0.0773,4406.25,3000,1406.25,0.0718,4406.25,3000,1406.25,,,,,,,,,,,,,,,,,,,,,,,,,,,,,,,,,,,,,,,,,,,,,,,,,,,,,,,,,,,,,,,,,,,,,,,,,,,,,,,,,,,,,,,,,,,,,,,,,,,,,,,,,,,,,,,,,,,,,,,,,,,,,,,,,,,,,,,,,,,,
GC-BCVI-OBKS-25-18,d,15,12,35,5,0.9809,7593.75,2156.25,5437.5,0.0412,4500,2625,1875,0.0577,7593.75,5062.5,2531.25,0.1401,3843.75,2156.25,1687.5,0.0549,5531.25,3468.75,2062.5,0.0604,5437.5,3750,1687.5,0.0398,4781.25,4125,656.25,0.0398,4593.75,3656.25,937.5,0.0398,4125,3281.25,843.75,0.0412,4031.25,3281.25,750,0.0467,3750,2906.25,843.75,0.0343,3468.75,2812.5,656.25,0.0343,3375,2812.5,562.5,,,,,,,,,,,,,,,,,,,,,,,,,,,,,,,,,,,,,,,,,,,,,,,,,,,,,,,,,,,,,,,,,,,,,,,,,,,,,,,,,,,,,,,,,,,,,,,,,,,,,,,,,,,,,,,,
GC-BCVI-OBKS-25-21,f,15,5,35,2,0.5008,7125,2156.25,4968.75,0.0491,4031.25,2625,1406.25,0.0505,3562.5,2156.25,1406.25,0.0561,3750,2531.25,1218.75,0.0828,7031.25,4593.75,2437.5,0.08,7125,3656.25,3468.75,,,,,,,,,,,,,,,,,,,,,,,,,,,,,,,,,,,,,,,,,,,,,,,,,,,,,,,,,,,,,,,,,,,,,,,,,,,,,,,,,,,,,,,,,,,,,,,,,,,,,,,,,,,,,,,,,,,,,,,,,,,,,,,,,,,,,,,,,,,,
GC-BCVI-OBKS-25-25,e,15,6,35,1,0.513,4687.5,2250,2437.5,0.083,4687.5,2250,2437.5,0.0673,4593.75,3093.75,1500,0.071,4406.25,3093.75,1312.5,0.0718,4406.25,3093.75,1312.5,0.068,4312.5,3093.75,1218.75,0.068,4312.5,3093.75,1218.75,,,,,,,,,,,,,,,,,,,,,,,,,,,,,,,,,,,,,,,,,,,,,,,,,,,,,,,,,,,,,,,,,,,,,,,,,,,,,,,,,,,,,,,,,,,,,,,,,,,,,,,,,,,,,,,,,,,,,,,,,,,,,,,,,,,,,,,,
GC-BCVI-OBKS-25-26,e,15,5,35,1,0.4123,4687.5,2906.25,1781.25,0.072,4687.5,3468.75,1218.75,0.0688,4500,3093.75,1406.25,0.0641,4500,3093.75,1406.25,0.0704,4406.25,3093.75,1312.5,0.072,4312.5,2906.25,1406.25,,,,,,,,,,,,,,,,,,,,,,,,,,,,,,,,,,,,,,,,,,,,,,,,,,,,,,,,,,,,,,,,,,,,,,,,,,,,,,,,,,,,,,,,,,,,,,,,,,,,,,,,,,,,,,,,,,,,,,,,,,,,,,,,,,,,,,,,,,,,
GC-BCVI-OBKS-25-33,g,15,1,35,1,0.2035,6656.25,3656.25,3000,0.2035,6656.25,3656.25,3000,,,,,,,,,,,,,,,,,,,,,,,,,,,,,,,,,,,,,,,,,,,,,,,,,,,,,,,,,,,,,,,,,,,,,,,,,,,,,,,,,,,,,,,,,,,,,,,,,,,,,,,,,,,,,,,,,,,,,,,,,,,,,,,,,,,,,,,,,,,,,,,,,,,,,,,,,,,,
GC-BCVI-OBKS-25-34,d,15,12,35,5,0.9279,7406.25,2062.5,5343.75,0.0415,4968.75,3656.25,1312.5,0.0679,7406.25,4593.75,2812.5,0.1208,3562.5,2062.5,1500,0.0467,5250,3656.25,1593.75,0.0529,5156.25,4312.5,843.75,0.0423,4875,4312.5,562.5,0.037,4968.75,3750,1218.75,0.0353,4125,3281.25,843.75,0.0362,3937.5,2718.75,1218.75,0.0318,3562.5,2718.75,843.75,0.0459,3375,2531.25,843.75,0.0291,3375,3187.5,187.5,,,,,,,,,,,,,,,,,,,,,,,,,,,,,,,,,,,,,,,,,,,,,,,,,,,,,,,,,,,,,,,,,,,,,,,,,,,,,,,,,,,,,,,,,,,,,,,,,,,,,,,,,,,,,,,,
GC-BCVI-OBKS-25-38,d,15,13,35,5,0.965,7687.5,2156.25,5531.25,0.0344,4312.5,3562.5,750,0.0737,7687.5,5250,2437.5,0.1199,3750,2156.25,1593.75,0.0501,5437.5,3468.75,1968.75,0.055,5437.5,3562.5,1875,0.0373,4875,4406.25,468.75,0.0324,4593.75,4031.25,562.5,0.0354,4218.75,3093.75,1125,0.0324,4031.25,3468.75,562.5,0.0344,3843.75,3468.75,375,0.0364,3656.25,2531.25,1125,0.0364,3375,2531.25,843.75,0.0256,3093.75,2531.25,562.5,,,,,,,,,,,,,,,,,,,,,,,,,,,,,,,,,,,,,,,,,,,,,,,,,,,,,,,,,,,,,,,,,,,,,,,,,,,,,,,,,,,,,,,,,,,,,,,,,,,,,,,,,,,,
GC-BCVI-OBKS-25-39,h,15,4,35,1,0.2942,3656.25,2437.5,1218.75,0.0651,3281.25,2625,656.25,0.061,3656.25,2625,1031.25,0.061,3562.5,2437.5,1125,0.0624,3093.75,2718.75,375,,,,,,,,,,,,,,,,,,,,,,,,,,,,,,,,,,,,,,,,,,,,,,,,,,,,,,,,,,,,,,,,,,,,,,,,,,,,,,,,,,,,,,,,,,,,,,,,,,,,,,,,,,,,,,,,,,,,,,,,,,,,,,,,,,,,,,,,,,,,,,,,
GC-BCVI-OBKS-25-40,g,15,11,35,7,1.5616,7781.25,2156.25,5625,0.1626,7781.25,3281.25,4500,0.0422,3187.5,2718.75,468.75,0.0437,3187.5,2531.25,656.25,0.0527,3000,2437.5,562.5,0.0512,3093.75,2437.5,656.25,0.1536,6468.75,3843.75,2625,0.0467,5343.75,3843.75,1500,0.1114,7312.5,4406.25,2906.25,0.1416,4031.25,2156.25,1875,0.0693,5906.25,2718.75,3187.5,0.0798,5343.75,4125,1218.75,,,,,,,,,,,,,,,,,,,,,,,,,,,,,,,,,,,,,,,,,,,,,,,,,,,,,,,,,,,,,,,,,,,,,,,,,,,,,,,,,,,,,,,,,,,,,,,,,,,,,,,,,,,,,,,,,,,,
GC-BCVI-OBKS-25-45,c,15,5,35,2,0.6257,6750,2250,4500,0.1796,6750,3468.75,3281.25,0.0604,4125,2250,1875,0.0618,4031.25,2343.75,1687.5,0.0692,4125,2250,1875,0.081,4031.25,2343.75,1687.5,,,,,,,,,,,,,,,,,,,,,,,,,,,,,,,,,,,,,,,,,,,,,,,,,,,,,,,,,,,,,,,,,,,,,,,,,,,,,,,,,,,,,,,,,,,,,,,,,,,,,,,,,,,,,,,,,,,,,,,,,,,,,,,,,,,,,,,,,,,,
GC-BCVI-OBKS-25-52,i,15,6,35,4,1.1233,7593.75,2250,5343.75,0.1049,7593.75,3093.75,4500,0.3477,5156.25,2531.25,2625,0.0317,5718.75,3093.75,2625,0.0345,5437.5,4500,937.5,0.0469,6093.75,5437.5,656.25,0.1532,3750,2250,1500,,,,,,,,,,,,,,,,,,,,,,,,,,,,,,,,,,,,,,,,,,,,,,,,,,,,,,,,,,,,,,,,,,,,,,,,,,,,,,,,,,,,,,,,,,,,,,,,,,,,,,,,,,,,,,,,,,,,,,,,,,,,,,,,,,,,,,,,
GC-BCVI-OBKS-25-53,j,15,4,35,2,0.4889,5062.5,3375,1687.5,0.1338,5062.5,3375,1687.5,0.0738,4593.75,3562.5,1031.25,0.0683,4500,3468.75,1031.25,0.0778,4687.5,3562.5,1125,,,,,,,,,,,,,,,,,,,,,,,,,,,,,,,,,,,,,,,,,,,,,,,,,,,,,,,,,,,,,,,,,,,,,,,,,,,,,,,,,,,,,,,,,,,,,,,,,,,,,,,,,,,,,,,,,,,,,,,,,,,,,,,,,,,,,,,,,,,,,,,,
GC-BCVI-OBKS-25-56,a,15,12,35,4,1.1153,6375,2343.75,4031.25,0.057,6375,3000,3375,0.0674,5906.25,4406.25,1500,0.0583,5812.5,3281.25,2531.25,0.0661,5437.5,4125,1312.5,0.0972,5343.75,4875,468.75,0.0972,5625,2531.25,3093.75,0.0492,3000,2343.75,656.25,0.0492,3187.5,2531.25,656.25,0.0531,3656.25,2812.5,843.75,0.0479,3937.5,3281.25,656.25,0.0453,4218.75,4031.25,187.5,0.044,4312.5,4031.25,281.25,,,,,,,,,,,,,,,,,,,,,,,,,,,,,,,,,,,,,,,,,,,,,,,,,,,,,,,,,,,,,,,,,,,,,,,,,,,,,,,,,,,,,,,,,,,,,,,,,,,,,,,,,,,,,,,,
GC-BCVI-OBKS-25-57,j,15,6,35,3,0.8474,6375,2906.25,3468.75,0.0503,5156.25,3468.75,1687.5,0.0539,4968.75,2906.25,2062.5,0.1496,6375,2906.25,3468.75,0.0778,4687.5,3375,1312.5,0.0778,4593.75,3093.75,1500,0.0802,5156.25,3656.25,1500,,,,,,,,,,,,,,,,,,,,,,,,,,,,,,,,,,,,,,,,,,,,,,,,,,,,,,,,,,,,,,,,,,,,,,,,,,,,,,,,,,,,,,,,,,,,,,,,,,,,,,,,,,,,,,,,,,,,,,,,,,,,,,,,,,,,,,,,
GC-BCVI-OBKS-25-58,i,15,7,35,4,1.126,7406.25,2343.75,5062.5,0.1044,7406.25,3281.25,4125,0.2951,4875,2437.5,2437.5,0.0409,5812.5,5062.5,750,0.0499,6375,5437.5,937.5,0.0515,6093.75,5156.25,937.5,0.0469,6093.75,5343.75,750,0.1771,4125,2343.75,1781.25,,,,,,,,,,,,,,,,,,,,,,,,,,,,,,,,,,,,,,,,,,,,,,,,,,,,,,,,,,,,,,,,,,,,,,,,,,,,,,,,,,,,,,,,,,,,,,,,,,,,,,,,,,,,,,,,,,,,,,,,,,,,,,,,,,,,
GC-BCVI-OBKS-25-59,a,15,8,35,3,0.6355,5718.75,2062.5,3656.25,0.0693,5250,2531.25,2718.75,0.0767,5250,4687.5,562.5,0.0927,5718.75,2625,3093.75,0.0393,2625,2062.5,562.5,0.0459,3187.5,2531.25,656.25,0.0524,3281.25,2437.5,843.75,0.0496,3750,3375,375,0.0487,4031.25,3468.75,562.5,,,,,,,,,,,,,,,,,,,,,,,,,,,,,,,,,,,,,,,,,,,,,,,,,,,,,,,,,,,,,,,,,,,,,,,,,,,,,,,,,,,,,,,,,,,,,,,,,,,,,,,,,,,,,,,,,,,,,,,,,,,,,,,,
GC-BCVI-OBKS-25-60,j,15,7,35,4,1.0067,7125,2250,4875,0.0955,6468.75,2250,4218.75,0.3124,4593.75,2343.75,2250,0.0396,6375,4687.5,1687.5,0.0409,7125,4781.25,2343.75,0.0409,6281.25,4968.75,1312.5,0.0436,5906.25,4875,1031.25,0.15,3750,2250,1500,,,,,,,,,,,,,,,,,,,,,,,,,,,,,,,,,,,,,,,,,,,,,,,,,,,,,,,,,,,,,,,,,,,,,,,,,,,,,,,,,,,,,,,,,,,,,,,,,,,,,,,,,,,,,,,,,,,,,,,,,,,,,,,,,,,,
GC-BCVI-OBKS-25-64,a,15,8,35,3,0.6729,5625,2343.75,3281.25,0.0692,5343.75,4781.25,562.5,0.0984,5156.25,4781.25,375,0.0935,5625,2437.5,3187.5,0.0389,2625,2343.75,281.25,0.0401,3187.5,2531.25,656.25,0.0498,3375,2906.25,468.75,0.0522,3656.25,3375,281.25,0.0632,4125,3562.5,562.5,,,,,,,,,,,,,,,,,,,,,,,,,,,,,,,,,,,,,,,,,,,,,,,,,,,,,,,,,,,,,,,,,,,,,,,,,,,,,,,,,,,,,,,,,,,,,,,,,,,,,,,,,,,,,,,,,,,,,,,,,,,,,,,,
GC-BCVI-OBKS-25-65,a,15,9,35,3,0.6853,5718.75,2250,3468.75,0.0759,5250,2343.75,2906.25,0.0961,5156.25,4687.5,468.75,0.0847,5718.75,2437.5,3281.25,0.0443,2812.5,2250,562.5,0.0443,3656.25,2625,1031.25,0.0556,3468.75,2718.75,750,0.0443,3750,3281.25,468.75,0.0417,3750,2812.5,937.5,0.0367,4031.25,2906.25,1125,,,,,,,,,,,,,,,,,,,,,,,,,,,,,,,,,,,,,,,,,,,,,,,,,,,,,,,,,,,,,,,,,,,,,,,,,,,,,,,,,,,,,,,,,,,,,,,,,,,,,,,,,,,,,,,,,,,,,,,,,,,,
GC-BCVI-OBKS-25-68,j,15,5,35,3,0.7922,7031.25,2156.25,4875,0.0683,7031.25,2156.25,4875,0.0575,5250,2250,3000,0.1522,5437.5,2625,2812.5,0.0777,4406.25,3281.25,1125,0.0808,4500,3656.25,843.75,,,,,,,,,,,,,,,,,,,,,,,,,,,,,,,,,,,,,,,,,,,,,,,,,,,,,,,,,,,,,,,,,,,,,,,,,,,,,,,,,,,,,,,,,,,,,,,,,,,,,,,,,,,,,,,,,,,,,,,,,,,,,,,,,,,,,,,,,,,,
GC-BCVI-OBKS-25-69,j,15,3,35,2,0.4479,5437.5,3093.75,2343.75,0.0686,5437.5,3093.75,2343.75,0.0674,5437.5,4406.25,1031.25,0.1517,5062.5,3187.5,1875,,,,,,,,,,,,,,,,,,,,,,,,,,,,,,,,,,,,,,,,,,,,,,,,,,,,,,,,,,,,,,,,,,,,,,,,,,,,,,,,,,,,,,,,,,,,,,,,,,,,,,,,,,,,,,,,,,,,,,,,,,,,,,,,,,,,,,,,,,,,,,,,,,,,
GC-BCVI-OBKS-25-70,f,15,5,35,2,0.4469,6468.75,2156.25,4312.5,0.0418,3937.5,2156.25,1781.25,0.0376,3750,2437.5,1312.5,0.0418,3656.25,2343.75,1312.5,0.0849,6468.75,4125,2343.75,0.0794,5906.25,3656.25,2250,,,,,,,,,,,,,,,,,,,,,,,,,,,,,,,,,,,,,,,,,,,,,,,,,,,,,,,,,,,,,,,,,,,,,,,,,,,,,,,,,,,,,,,,,,,,,,,,,,,,,,,,,,,,,,,,,,,,,,,,,,,,,,,,,,,,,,,,,,,,
GC-BCVI-OBKS-25-75,a,15,8,35,3,0.6417,5812.5,2343.75,3468.75,0.0606,5156.25,4687.5,468.75,0.0745,5156.25,4781.25,375,0.0954,5812.5,2437.5,3375,0.0368,2437.5,2343.75,93.75,0.0437,3281.25,2531.25,750,0.0387,3750,2718.75,1031.25,0.0377,3937.5,3562.5,375,0.0437,4031.25,3656.25,375,,,,,,,,,,,,,,,,,,,,,,,,,,,,,,,,,,,,,,,,,,,,,,,,,,,,,,,,,,,,,,,,,,,,,,,,,,,,,,,,,,,,,,,,,,,,,,,,,,,,,,,,,,,,,,,,,,,,,,,,,,,,,,,,
GC-BCVI-OBKS-25-76,k,15,6,35,2,0.486,6656.25,2250,4406.25,0.0377,4593.75,3375,1218.75,0.0479,5906.25,3843.75,2062.5,0.0406,6000,3937.5,2062.5,0.0442,6656.25,3937.5,2718.75,0.0464,6281.25,3750,2531.25,0.0899,5343.75,2250,3093.75,,,,,,,,,,,,,,,,,,,,,,,,,,,,,,,,,,,,,,,,,,,,,,,,,,,,,,,,,,,,,,,,,,,,,,,,,,,,,,,,,,,,,,,,,,,,,,,,,,,,,,,,,,,,,,,,,,,,,,,,,,,,,,,,,,,,,,,,
GC-BCVI-OBKS-25-79,l,15,3,35,2,0.4178,4687.5,2343.75,2343.75,0.142,4687.5,3750,937.5,0.0609,3937.5,2531.25,1406.25,0.0631,3656.25,2343.75,1312.5,,,,,,,,,,,,,,,,,,,,,,,,,,,,,,,,,,,,,,,,,,,,,,,,,,,,,,,,,,,,,,,,,,,,,,,,,,,,,,,,,,,,,,,,,,,,,,,,,,,,,,,,,,,,,,,,,,,,,,,,,,,,,,,,,,,,,,,,,,,,,,,,,,,,
GC-BCVI-OBKS-25-80,m,15,1,35,1,0.2508,6750,3468.75,3281.25,0.2508,6750,3468.75,3281.25,,,,,,,,,,,,,,,,,,,,,,,,,,,,,,,,,,,,,,,,,,,,,,,,,,,,,,,,,,,,,,,,,,,,,,,,,,,,,,,,,,,,,,,,,,,,,,,,,,,,,,,,,,,,,,,,,,,,,,,,,,,,,,,,,,,,,,,,,,,,,,,,,,,,,,,,,,,,
GC-BCVI-OBKS-25-81,a,15,8,35,3,0.644,5718.75,2343.75,3375,0.0643,5343.75,4687.5,656.25,0.0682,5343.75,4781.25,562.5,0.074,5718.75,2718.75,3000,0.0351,2531.25,2343.75,187.5,0.0428,3656.25,2718.75,937.5,0.0467,3656.25,3187.5,468.75,0.0458,3843.75,3656.25,187.5,0.0555,4125,3750,375,,,,,,,,,,,,,,,,,,,,,,,,,,,,,,,,,,,,,,,,,,,,,,,,,,,,,,,,,,,,,,,,,,,,,,,,,,,,,,,,,,,,,,,,,,,,,,,,,,,,,,,,,,,,,,,,,,,,,,,,,,,,,,,,
GC-BCVI-OBKS-25-83,m,15,1,35,1,0.2631,6375,3562.5,2812.5,0.2631,6375,3562.5,2812.5,,,,,,,,,,,,,,,,,,,,,,,,,,,,,,,,,,,,,,,,,,,,,,,,,,,,,,,,,,,,,,,,,,,,,,,,,,,,,,,,,,,,,,,,,,,,,,,,,,,,,,,,,,,,,,,,,,,,,,,,,,,,,,,,,,,,,,,,,,,,,,,,,,,,,,,,,,,,
GC-BCVI-OBKS-25-84,a,15,8,35,3,0.6669,5718.75,2250,3468.75,0.07,5625,4781.25,843.75,0.0716,5156.25,4875,281.25,0.0939,5718.75,2718.75,3000,0.0395,2531.25,2250,281.25,0.0445,2812.5,2625,187.5,0.0502,3468.75,2718.75,750,0.0502,3843.75,3468.75,375,0.0527,4125,3656.25,468.75,,,,,,,,,,,,,,,,,,,,,,,,,,,,,,,,,,,,,,,,,,,,,,,,,,,,,,,,,,,,,,,,,,,,,,,,,,,,,,,,,,,,,,,,,,,,,,,,,,,,,,,,,,,,,,,,,,,,,,,,,,,,,,,,
GC-BCVI-OBKS-25-88,a,15,8,35,3,0.6411,5718.75,2343.75,3375,0.0696,5531.25,4687.5,843.75,0.0687,5156.25,4781.25,375,0.0945,5718.75,2812.5,2906.25,0.0391,2625,2343.75,281.25,0.0439,3093.75,2531.25,562.5,0.042,3468.75,2625,843.75,0.0439,3750,3375,375,0.042,4125,3750,375,,,,,,,,,,,,,,,,,,,,,,,,,,,,,,,,,,,,,,,,,,,,,,,,,,,,,,,,,,,,,,,,,,,,,,,,,,,,,,,,,,,,,,,,,,,,,,,,,,,,,,,,,,,,,,,,,,,,,,,,,,,,,,,,
GC-BCVI-OBKS-25-94,a,15,9,35,3,0.7105,5906.25,2343.75,3562.5,0.0683,5531.25,4781.25,750,0.0727,5343.75,4781.25,562.5,0.0868,5906.25,2531.25,3375,0.0423,2437.5,2343.75,93.75,0.0445,3468.75,2812.5,656.25,0.0542,3562.5,2906.25,656.25,0.0521,3937.5,3000,937.5,0.0466,4125,3656.25,468.75,0.0423,4125,3468.75,656.25,,,,,,,,,,,,,,,,,,,,,,,,,,,,,,,,,,,,,,,,,,,,,,,,,,,,,,,,,,,,,,,,,,,,,,,,,,,,,,,,,,,,,,,,,,,,,,,,,,,,,,,,,,,,,,,,,,,,,,,,,,,,
GC-BCVI-OBKS-25-96,n,15,1,35,1,0.1604,5625,3375,2250,0.1604,5625,3375,2250,,,,,,,,,,,,,,,,,,,,,,,,,,,,,,,,,,,,,,,,,,,,,,,,,,,,,,,,,,,,,,,,,,,,,,,,,,,,,,,,,,,,,,,,,,,,,,,,,,,,,,,,,,,,,,,,,,,,,,,,,,,,,,,,,,,,,,,,,,,,,,,,,,,,,,,,,,,,
GC-BCVI-OBKS-25-99,l,15,4,35,3,0.8301,6375,2156.25,4218.75,0.1427,6281.25,3562.5,2718.75,0.0737,3750,2156.25,1593.75,0.0678,3656.25,2531.25,1125,0.2997,6375,2906.25,3468.75,,,,,,,,,,,,,,,,,,,,,,,,,,,,,,,,,,,,,,,,,,,,,,,,,,,,,,,,,,,,,,,,,,,,,,,,,,,,,,,,,,,,,,,,,,,,,,,,,,,,,,,,,,,,,,,,,,,,,,,,,,,,,,,,,,,,,,,,,,,,,,,,
GC-BCVI-OBKS-25-100,o,15,5,35,3,0.8856,6281.25,2156.25,4125,0.2039,5718.75,3187.5,2531.25,0.2281,4312.5,2156.25,2156.25,0.0726,5812.5,3281.25,2531.25,0.0816,6281.25,3562.5,2718.75,0.0701,5812.5,3468.75,2343.75,,,,,,,,,,,,,,,,,,,,,,,,,,,,,,,,,,,,,,,,,,,,,,,,,,,,,,,,,,,,,,,,,,,,,,,,,,,,,,,,,,,,,,,,,,,,,,,,,,,,,,,,,,,,,,,,,,,,,,,,,,,,,,,,,,,,,,,,,,,,
GC-BCVI-OBKS-25-101,a,15,8,35,3,0.6245,5531.25,2250,3281.25,0.0702,5437.5,2343.75,3093.75,0.0828,5343.75,4781.25,562.5,0.0989,5531.25,2812.5,2718.75,0.0368,2531.25,2250,281.25,0.0495,3375,2625,750,0.0552,3468.75,2718.75,750,0.046,3656.25,2906.25,750,0.0483,3937.5,3375,562.5,,,,,,,,,,,,,,,,,,,,,,,,,,,,,,,,,,,,,,,,,,,,,,,,,,,,,,,,,,,,,,,,,,,,,,,,,,,,,,,,,,,,,,,,,,,,,,,,,,,,,,,,,,,,,,,,,,,,,,,,,,,,,,,,
GC-BCVI-OBKS-25-102,n,15,1,35,1,0.1706,5531.25,3281.25,2250,0.1706,5531.25,3281.25,2250,,,,,,,,,,,,,,,,,,,,,,,,,,,,,,,,,,,,,,,,,,,,,,,,,,,,,,,,,,,,,,,,,,,,,,,,,,,,,,,,,,,,,,,,,,,,,,,,,,,,,,,,,,,,,,,,,,,,,,,,,,,,,,,,,,,,,,,,,,,,,,,,,,,,,,,,,,,,
GC-BCVI-OBKS-25-105,j,15,3,35,1,0.2762,4593.75,3375,1218.75,0.0783,4500,3468.75,1031.25,0.0804,4406.25,3562.5,843.75,0.0846,4593.75,3375,1218.75,,,,,,,,,,,,,,,,,,,,,,,,,,,,,,,,,,,,,,,,,,,,,,,,,,,,,,,,,,,,,,,,,,,,,,,,,,,,,,,,,,,,,,,,,,,,,,,,,,,,,,,,,,,,,,,,,,,,,,,,,,,,,,,,,,,,,,,,,,,,,,,,,,,,
GC-BCVI-OBKS-25-106,a,15,9,35,3,0.6428,5718.75,2343.75,3375,0.0684,5343.75,4687.5,656.25,0.0672,5250,4781.25,468.75,0.0697,4406.25,4125,281.25,0.0916,5718.75,2531.25,3187.5,0.0428,2625,2343.75,281.25,0.0452,3187.5,2437.5,750,0.0403,3468.75,3093.75,375,0.0452,3750,3187.5,562.5,0.0477,4125,3562.5,562.5,,,,,,,,,,,,,,,,,,,,,,,,,,,,,,,,,,,,,,,,,,,,,,,,,,,,,,,,,,,,,,,,,,,,,,,,,,,,,,,,,,,,,,,,,,,,,,,,,,,,,,,,,,,,,,,,,,,,,,,,,,,,
GC-BCVI-OBKS-25-109,j,15,3,35,1,0.2709,4875,3375,1500,0.0752,4875,3468.75,1406.25,0.0798,4875,3656.25,1218.75,0.0845,4312.5,3375,937.5,,,,,,,,,,,,,,,,,,,,,,,,,,,,,,,,,,,,,,,,,,,,,,,,,,,,,,,,,,,,,,,,,,,,,,,,,,,,,,,,,,,,,,,,,,,,,,,,,,,,,,,,,,,,,,,,,,,,,,,,,,,,,,,,,,,,,,,,,,,,,,,,,,,,
GC-BCVI-OBKS-25-111,j,15,4,35,2,0.507,5062.5,2718.75,2343.75,0.1588,5062.5,2718.75,2343.75,0.0846,4781.25,3281.25,1500,0.0762,4312.5,3468.75,843.75,0.0776,4500,3281.25,1218.75,,,,,,,,,,,,,,,,,,,,,,,,,,,,,,,,,,,,,,,,,,,,,,,,,,,,,,,,,,,,,,,,,,,,,,,,,,,,,,,,,,,,,,,,,,,,,,,,,,,,,,,,,,,,,,,,,,,,,,,,,,,,,,,,,,,,,,,,,,,,,,,,
GC-BCVI-OBKS-25-114,k,15,6,35,2,0.469,6656.25,2156.25,4500,0.0329,4593.75,4406.25,187.5,0.0486,5625,3750,1875,0.0447,5812.5,3750,2062.5,0.047,5906.25,3750,2156.25,0.0447,6656.25,3656.25,3000,0.1074,4687.5,2156.25,2531.25,,,,,,,,,,,,,,,,,,,,,,,,,,,,,,,,,,,,,,,,,,,,,,,,,,,,,,,,,,,,,,,,,,,,,,,,,,,,,,,,,,,,,,,,,,,,,,,,,,,,,,,,,,,,,,,,,,,,,,,,,,,,,,,,,,,,,,,,
GC-BCVI-OGBS-25-1,a,9,6,27,3,0.6085,6562.5,2437.5,4125,0.1524,6562.5,3000,3562.5,0.0976,6375,3375,3000,0.0478,3750,2437.5,1312.5,0.0398,3750,2531.25,1218.75,0.0488,3750,2531.25,1218.75,0.0478,3843.75,2531.25,1312.5,,,,,,,,,,,,,,,,,,,,,,,,,,,,,,,,,,,,,,,,,,,,,,,,,,,,,,,,,,,,,,,,,,,,,,,,,,,,,,,,,,,,,,,,,,,,,,,,,,,,,,,,,,,,,,,,,,,,,,,,,,,,,,,,,,,,,,,,
GC-BCVI-OGBS-25-4,a,9,4,27,3,0.4952,6093.75,2437.5,3656.25,0.1471,6093.75,3375,2718.75,0.0964,5906.25,3187.5,2718.75,0.0515,3750,2625,1125,0.0433,3750,2437.5,1312.5,,,,,,,,,,,,,,,,,,,,,,,,,,,,,,,,,,,,,,,,,,,,,,,,,,,,,,,,,,,,,,,,,,,,,,,,,,,,,,,,,,,,,,,,,,,,,,,,,,,,,,,,,,,,,,,,,,,,,,,,,,,,,,,,,,,,,,,,,,,,,,,,
GC-BCVI-OGBS-25-6,a,9,6,27,3,0.6529,6187.5,2437.5,3750,0.1536,6187.5,3187.5,3000,0.0951,5906.25,3281.25,2625,0.0432,3843.75,2718.75,1125,0.048,3843.75,2718.75,1125,0.048,3843.75,2531.25,1312.5,0.0518,3750,2437.5,1312.5,,,,,,,,,,,,,,,,,,,,,,,,,,,,,,,,,,,,,,,,,,,,,,,,,,,,,,,,,,,,,,,,,,,,,,,,,,,,,,,,,,,,,,,,,,,,,,,,,,,,,,,,,,,,,,,,,,,,,,,,,,,,,,,,,,,,,,,,
GC-BCVI-OGBS-25-7,b,9,2,27,2,0.3926,5437.5,2906.25,2531.25,0.1768,5437.5,2906.25,2531.25,0.1221,3843.75,3375,468.75,,,,,,,,,,,,,,,,,,,,,,,,,,,,,,,,,,,,,,,,,,,,,,,,,,,,,,,,,,,,,,,,,,,,,,,,,,,,,,,,,,,,,,,,,,,,,,,,,,,,,,,,,,,,,,,,,,,,,,,,,,,,,,,,,,,,,,,,,,,,,,,,,,,,,,,,
GC-BCVI-OGBS-25-9,a,9,6,27,3,0.6516,6281.25,2437.5,3843.75,0.1677,6281.25,3281.25,3000,0.11,6000,3562.5,2437.5,0.0507,3937.5,2531.25,1406.25,0.0472,3843.75,2625,1218.75,0.0576,3937.5,2531.25,1406.25,0.0576,3843.75,2437.5,1406.25,,,,,,,,,,,,,,,,,,,,,,,,,,,,,,,,,,,,,,,,,,,,,,,,,,,,,,,,,,,,,,,,,,,,,,,,,,,,,,,,,,,,,,,,,,,,,,,,,,,,,,,,,,,,,,,,,,,,,,,,,,,,,,,,,,,,,,,,
GC-BCVI-OGBS-25-10,b,9,2,27,2,0.3771,5625,2718.75,2906.25,0.1807,5625,3468.75,2156.25,0.1348,4500,2718.75,1781.25,,,,,,,,,,,,,,,,,,,,,,,,,,,,,,,,,,,,,,,,,,,,,,,,,,,,,,,,,,,,,,,,,,,,,,,,,,,,,,,,,,,,,,,,,,,,,,,,,,,,,,,,,,,,,,,,,,,,,,,,,,,,,,,,,,,,,,,,,,,,,,,,,,,,,,,,
GC-BCVI-OGBS-25-11,c,9,6,27,3,0.5434,7500,1968.75,5531.25,0.0443,4031.25,2812.5,1218.75,0.0536,3093.75,2625,468.75,0.0944,7500,4218.75,3281.25,0.0472,3281.25,1968.75,1312.5,0.0493,3375,1968.75,1406.25,0.0508,3375,1968.75,1406.25,,,,,,,,,,,,,,,,,,,,,,,,,,,,,,,,,,,,,,,,,,,,,,,,,,,,,,,,,,,,,,,,,,,,,,,,,,,,,,,,,,,,,,,,,,,,,,,,,,,,,,,,,,,,,,,,,,,,,,,,,,,,,,,,,,,,,,,,
GC-BCVI-OGBS-25-13,b,9,2,27,2,0.3695,5437.5,2250,3187.5,0.1773,5437.5,2625,2812.5,0.1365,4593.75,2250,2343.75,,,,,,,,,,,,,,,,,,,,,,,,,,,,,,,,,,,,,,,,,,,,,,,,,,,,,,,,,,,,,,,,,,,,,,,,,,,,,,,,,,,,,,,,,,,,,,,,,,,,,,,,,,,,,,,,,,,,,,,,,,,,,,,,,,,,,,,,,,,,,,,,,,,,,,,,
GC-BCVI-OGBS-25-14,a,9,6,27,3,0.6521,6000,2437.5,3562.5,0.1551,5718.75,3187.5,2531.25,0.1169,6000,3093.75,2906.25,0.0536,3843.75,2625,1218.75,0.0463,3843.75,2437.5,1406.25,0.0601,3937.5,2437.5,1500,0.065,3843.75,2437.5,1406.25,,,,,,,,,,,,,,,,,,,,,,,,,,,,,,,,,,,,,,,,,,,,,,,,,,,,,,,,,,,,,,,,,,,,,,,,,,,,,,,,,,,,,,,,,,,,,,,,,,,,,,,,,,,,,,,,,,,,,,,,,,,,,,,,,,,,,,,,
GC-BCVI-OGBS-25-15,d,9,2,27,2,0.2786,5812.5,2156.25,3656.25,0.0568,5812.5,5437.5,375,0.1335,3656.25,2156.25,1500,,,,,,,,,,,,,,,,,,,,,,,,,,,,,,,,,,,,,,,,,,,,,,,,,,,,,,,,,,,,,,,,,,,,,,,,,,,,,,,,,,,,,,,,,,,,,,,,,,,,,,,,,,,,,,,,,,,,,,,,,,,,,,,,,,,,,,,,,,,,,,,,,,,,,,,,
GC-BCVI-OGBS-25-16,e,9,3,27,1,0.2163,5343.75,3468.75,1875,0.0569,5343.75,3468.75,1875,0.0674,5062.5,3562.5,1500,0.0612,5156.25,3937.5,1218.75,,,,,,,,,,,,,,,,,,,,,,,,,,,,,,,,,,,,,,,,,,,,,,,,,,,,,,,,,,,,,,,,,,,,,,,,,,,,,,,,,,,,,,,,,,,,,,,,,,,,,,,,,,,,,,,,,,,,,,,,,,,,,,,,,,,,,,,,,,,,,,,,,,,,
GC-BCVI-OGBS-25-17,b,9,2,27,2,0.3628,5718.75,3093.75,2625,0.1831,5718.75,4500,1218.75,0.1168,4500,3093.75,1406.25,,,,,,,,,,,,,,,,,,,,,,,,,,,,,,,,,,,,,,,,,,,,,,,,,,,,,,,,,,,,,,,,,,,,,,,,,,,,,,,,,,,,,,,,,,,,,,,,,,,,,,,,,,,,,,,,,,,,,,,,,,,,,,,,,,,,,,,,,,,,,,,,,,,,,,,,
GC-BCVI-OGBS-25-23,e,9,10,27,4,1.0855,6281.25,2156.25,4125,0.0644,5625,3468.75,2156.25,0.0596,5343.75,3750,1593.75,0.0632,4968.75,3468.75,1500,0.0754,3937.5,2437.5,1500,0.1605,6281.25,4125,2156.25,0.0377,4125,2156.25,1968.75,0.0316,3375,2343.75,1031.25,0.0377,3468.75,2156.25,1312.5,0.0365,3656.25,2156.25,1500,0.0353,3468.75,2343.75,1125,,,,,,,,,,,,,,,,,,,,,,,,,,,,,,,,,,,,,,,,,,,,,,,,,,,,,,,,,,,,,,,,,,,,,,,,,,,,,,,,,,,,,,,,,,,,,,,,,,,,,,,,,,,,,,,,,,,,,,,,
GC-BCVI-OGBS-25-24,a,9,6,27,3,0.6583,6093.75,2343.75,3750,0.0353,3468.75,2343.75,1125,0.1024,6093.75,3281.25,2812.5,0.0448,3843.75,2531.25,1312.5,0.0558,3843.75,2531.25,1312.5,0.0439,3937.5,2531.25,1406.25,0.0494,3843.75,2437.5,1406.25,,,,,,,,,,,,,,,,,,,,,,,,,,,,,,,,,,,,,,,,,,,,,,,,,,,,,,,,,,,,,,,,,,,,,,,,,,,,,,,,,,,,,,,,,,,,,,,,,,,,,,,,,,,,,,,,,,,,,,,,,,,,,,,,,,,,,,,,
GC-BCVI-OGBS-25-25,d,9,2,27,2,0.2863,5625,2156.25,3468.75,0.0675,5625,3656.25,1968.75,0.1218,3750,2156.25,1593.75,,,,,,,,,,,,,,,,,,,,,,,,,,,,,,,,,,,,,,,,,,,,,,,,,,,,,,,,,,,,,,,,,,,,,,,,,,,,,,,,,,,,,,,,,,,,,,,,,,,,,,,,,,,,,,,,,,,,,,,,,,,,,,,,,,,,,,,,,,,,,,,,,,,,,,,,
GC-BCVI-OGBS-25-27,b,9,2,27,2,0.3801,5625,3093.75,2531.25,0.1919,5625,4406.25,1218.75,0.1446,4687.5,3093.75,1593.75,,,,,,,,,,,,,,,,,,,,,,,,,,,,,,,,,,,,,,,,,,,,,,,,,,,,,,,,,,,,,,,,,,,,,,,,,,,,,,,,,,,,,,,,,,,,,,,,,,,,,,,,,,,,,,,,,,,,,,,,,,,,,,,,,,,,,,,,,,,,,,,,,,,,,,,,
GC-BCVI-OGBS-25-29,c,9,7,27,3,0.6879,7875,2062.5,5812.5,0.0483,4031.25,2625,1406.25,0.0406,3562.5,2625,937.5,0.1088,7875,3937.5,3937.5,0.0457,3562.5,2062.5,1500,0.0466,3562.5,2062.5,1500,0.0509,3375,2062.5,1312.5,0.0483,3375,2250,1125,,,,,,,,,,,,,,,,,,,,,,,,,,,,,,,,,,,,,,,,,,,,,,,,,,,,,,,,,,,,,,,,,,,,,,,,,,,,,,,,,,,,,,,,,,,,,,,,,,,,,,,,,,,,,,,,,,,,,,,,,,,,,,,,,,,,
GC-BCVI-OGBS-25-32,e,9,6,27,2,0.4672,6468.75,2156.25,4312.5,0.1676,6468.75,4500,1968.75,0.0381,3937.5,2250,1687.5,0.0389,4218.75,2250,1968.75,0.0389,4125,2250,1875,0.0413,3843.75,2156.25,1687.5,0.0358,3375,2250,1125,,,,,,,,,,,,,,,,,,,,,,,,,,,,,,,,,,,,,,,,,,,,,,,,,,,,,,,,,,,,,,,,,,,,,,,,,,,,,,,,,,,,,,,,,,,,,,,,,,,,,,,,,,,,,,,,,,,,,,,,,,,,,,,,,,,,,,,,
GC-BCVI-OGBS-25-36,b,9,2,27,2,0.3658,5718.75,2906.25,2812.5,0.1798,5718.75,4312.5,1406.25,0.118,4406.25,2906.25,1500,,,,,,,,,,,,,,,,,,,,,,,,,,,,,,,,,,,,,,,,,,,,,,,,,,,,,,,,,,,,,,,,,,,,,,,,,,,,,,,,,,,,,,,,,,,,,,,,,,,,,,,,,,,,,,,,,,,,,,,,,,,,,,,,,,,,,,,,,,,,,,,,,,,,,,,,
GC-BCVI-OGBS-25-41,e,9,10,27,4,1.0452,6468.75,2250,4218.75,0.0676,5531.25,3468.75,2062.5,0.0639,5437.5,3468.75,1968.75,0.0626,5437.5,3468.75,1968.75,0.1142,3937.5,2343.75,1593.75,0.1695,6468.75,4406.25,2062.5,0.0381,3937.5,2250,1687.5,0.043,4218.75,2250,1968.75,0.0356,4031.25,2343.75,1687.5,0.0381,3656.25,2250,1406.25,0.0344,3468.75,2250,1218.75,,,,,,,,,,,,,,,,,,,,,,,,,,,,,,,,,,,,,,,,,,,,,,,,,,,,,,,,,,,,,,,,,,,,,,,,,,,,,,,,,,,,,,,,,,,,,,,,,,,,,,,,,,,,,,,,,,,,,,,,
GC-BCVI-OGBS-25-42,b,9,2,27,2,0.3785,5437.5,2437.5,3000,0.1868,5437.5,3468.75,1968.75,0.1256,4593.75,2437.5,2156.25,,,,,,,,,,,,,,,,,,,,,,,,,,,,,,,,,,,,,,,,,,,,,,,,,,,,,,,,,,,,,,,,,,,,,,,,,,,,,,,,,,,,,,,,,,,,,,,,,,,,,,,,,,,,,,,,,,,,,,,,,,,,,,,,,,,,,,,,,,,,,,,,,,,,,,,,
GC-BCVI-OGBS-25-43,e,9,4,27,2,0.4091,5437.5,2531.25,2906.25,0.0583,5343.75,3750,1593.75,0.06,5437.5,3843.75,1593.75,0.0683,5437.5,3937.5,1500,0.1,3750,2531.25,1218.75,,,,,,,,,,,,,,,,,,,,,,,,,,,,,,,,,,,,,,,,,,,,,,,,,,,,,,,,,,,,,,,,,,,,,,,,,,,,,,,,,,,,,,,,,,,,,,,,,,,,,,,,,,,,,,,,,,,,,,,,,,,,,,,,,,,,,,,,,,,,,,,,
GC-BCVI-OGBS-25-44,f,9,7,27,3,0.9781,6281.25,2156.25,4125,0.0509,4218.75,2718.75,1500,0.0573,3562.5,2156.25,1406.25,0.3628,6281.25,3843.75,2437.5,0.0583,3562.5,2156.25,1406.25,0.0414,3281.25,2156.25,1125,0.0424,3281.25,2156.25,1125,0.053,3843.75,2437.5,1406.25,,,,,,,,,,,,,,,,,,,,,,,,,,,,,,,,,,,,,,,,,,,,,,,,,,,,,,,,,,,,,,,,,,,,,,,,,,,,,,,,,,,,,,,,,,,,,,,,,,,,,,,,,,,,,,,,,,,,,,,,,,,,,,,,,,,,
GC-BCVI-OGBS-25-47,e,9,4,27,2,0.4319,6187.5,2343.75,3843.75,0.066,6187.5,4312.5,1875,0.0639,4875,3750,1125,0.0724,5343.75,3656.25,1687.5,0.115,4218.75,2343.75,1875,,,,,,,,,,,,,,,,,,,,,,,,,,,,,,,,,,,,,,,,,,,,,,,,,,,,,,,,,,,,,,,,,,,,,,,,,,,,,,,,,,,,,,,,,,,,,,,,,,,,,,,,,,,,,,,,,,,,,,,,,,,,,,,,,,,,,,,,,,,,,,,,
GC-BCVI-OGBS-25-48,b,9,2,27,2,0.3981,5437.5,2906.25,2531.25,0.1845,5437.5,4312.5,1125,0.1439,4218.75,2906.25,1312.5,,,,,,,,,,,,,,,,,,,,,,,,,,,,,,,,,,,,,,,,,,,,,,,,,,,,,,,,,,,,,,,,,,,,,,,,,,,,,,,,,,,,,,,,,,,,,,,,,,,,,,,,,,,,,,,,,,,,,,,,,,,,,,,,,,,,,,,,,,,,,,,,,,,,,,,,
GC-BCVI-OGBS-25-49,d,9,2,27,2,0.2684,5718.75,2062.5,3656.25,0.0611,5718.75,3656.25,2062.5,0.1185,3281.25,2062.5,1218.75,,,,,,,,,,,,,,,,,,,,,,,,,,,,,,,,,,,,,,,,,,,,,,,,,,,,,,,,,,,,,,,,,,,,,,,,,,,,,,,,,,,,,,,,,,,,,,,,,,,,,,,,,,,,,,,,,,,,,,,,,,,,,,,,,,,,,,,,,,,,,,,,,,,,,,,,
GC-BCVI-OGBS-25-53,a,9,6,27,3,0.6795,6468.75,2625,3843.75,0.1583,5906.25,3187.5,2718.75,0.0981,6468.75,3468.75,3000,0.047,3843.75,2718.75,1125,0.0561,3843.75,2625,1218.75,0.0519,3937.5,2625,1312.5,0.0585,3937.5,2625,1312.5,,,,,,,,,,,,,,,,,,,,,,,,,,,,,,,,,,,,,,,,,,,,,,,,,,,,,,,,,,,,,,,,,,,,,,,,,,,,,,,,,,,,,,,,,,,,,,,,,,,,,,,,,,,,,,,,,,,,,,,,,,,,,,,,,,,,,,,,
GC-BCVI-OGBS-25-55,a,9,6,27,3,0.6807,6187.5,2531.25,3656.25,0.1554,6187.5,3281.25,2906.25,0.1117,6093.75,3281.25,2812.5,0.0465,3843.75,2718.75,1125,0.059,3937.5,2625,1312.5,0.0518,3750,2531.25,1218.75,0.059,3750,2531.25,1218.75,,,,,,,,,,,,,,,,,,,,,,,,,,,,,,,,,,,,,,,,,,,,,,,,,,,,,,,,,,,,,,,,,,,,,,,,,,,,,,,,,,,,,,,,,,,,,,,,,,,,,,,,,,,,,,,,,,,,,,,,,,,,,,,,,,,,,,,,
GC-BCVI-OGBS-25-58,f,9,3,27,2,0.6866,5906.25,2062.5,3843.75,0.0513,4218.75,2625,1593.75,0.0575,3750,2062.5,1687.5,0.3388,5906.25,4125,1781.25,,,,,,,,,,,,,,,,,,,,,,,,,,,,,,,,,,,,,,,,,,,,,,,,,,,,,,,,,,,,,,,,,,,,,,,,,,,,,,,,,,,,,,,,,,,,,,,,,,,,,,,,,,,,,,,,,,,,,,,,,,,,,,,,,,,,,,,,,,,,,,,,,,,,
GC-BCVI-OGBS-25-59,f,9,7,27,3,0.9969,6000,2062.5,3937.5,0.0513,3750,2437.5,1312.5,0.0513,4406.25,2250,2156.25,0.3829,6000,3843.75,2156.25,0.0653,3656.25,2062.5,1593.75,0.0432,3562.5,2156.25,1406.25,0.0382,3093.75,2062.5,1031.25,0.0523,3750,2343.75,1406.25,,,,,,,,,,,,,,,,,,,,,,,,,,,,,,,,,,,,,,,,,,,,,,,,,,,,,,,,,,,,,,,,,,,,,,,,,,,,,,,,,,,,,,,,,,,,,,,,,,,,,,,,,,,,,,,,,,,,,,,,,,,,,,,,,,,,
GC-BCVI-OGBS-25-60,b,9,2,27,2,0.4049,5718.75,2718.75,3000,0.185,5718.75,3937.5,1781.25,0.14,4500,2718.75,1781.25,,,,,,,,,,,,,,,,,,,,,,,,,,,,,,,,,,,,,,,,,,,,,,,,,,,,,,,,,,,,,,,,,,,,,,,,,,,,,,,,,,,,,,,,,,,,,,,,,,,,,,,,,,,,,,,,,,,,,,,,,,,,,,,,,,,,,,,,,,,,,,,,,,,,,,,,
GC-BCVI-OGBS-25-62,b,9,2,27,2,0.3703,5531.25,2812.5,2718.75,0.1744,5531.25,2812.5,2718.75,0.1372,4031.25,3000,1031.25,,,,,,,,,,,,,,,,,,,,,,,,,,,,,,,,,,,,,,,,,,,,,,,,,,,,,,,,,,,,,,,,,,,,,,,,,,,,,,,,,,,,,,,,,,,,,,,,,,,,,,,,,,,,,,,,,,,,,,,,,,,,,,,,,,,,,,,,,,,,,,,,,,,,,,,,
GC-BCVI-OGBS-25-63,g,9,5,27,3,0.4768,7312.5,2531.25,4781.25,0.1287,7312.5,2812.5,4500,0.0512,4031.25,2531.25,1500,0.0512,4875,2906.25,1968.75,0.052,4781.25,3187.5,1593.75,0.052,4781.25,3187.5,1593.75,,,,,,,,,,,,,,,,,,,,,,,,,,,,,,,,,,,,,,,,,,,,,,,,,,,,,,,,,,,,,,,,,,,,,,,,,,,,,,,,,,,,,,,,,,,,,,,,,,,,,,,,,,,,,,,,,,,,,,,,,,,,,,,,,,,,,,,,,,,,
GC-BCVI-OGBS-25-66,g,9,5,27,3,0.5148,6750,2531.25,4218.75,0.1435,6750,3093.75,3656.25,0.0505,4031.25,2531.25,1500,0.0561,4687.5,2531.25,2156.25,0.0561,5062.5,3187.5,1875,0.0617,4875,3843.75,1031.25,,,,,,,,,,,,,,,,,,,,,,,,,,,,,,,,,,,,,,,,,,,,,,,,,,,,,,,,,,,,,,,,,,,,,,,,,,,,,,,,,,,,,,,,,,,,,,,,,,,,,,,,,,,,,,,,,,,,,,,,,,,,,,,,,,,,,,,,,,,,
GC-BCVI-OGBS-25-67,h,9,5,27,3,0.5289,6093.75,2156.25,3937.5,0.0679,6093.75,2625,3468.75,0.0361,5531.25,2718.75,2812.5,0.037,5531.25,4406.25,1125,0.0353,5437.5,4593.75,843.75,0.1639,4125,2156.25,1968.75,,,,,,,,,,,,,,,,,,,,,,,,,,,,,,,,,,,,,,,,,,,,,,,,,,,,,,,,,,,,,,,,,,,,,,,,,,,,,,,,,,,,,,,,,,,,,,,,,,,,,,,,,,,,,,,,,,,,,,,,,,,,,,,,,,,,,,,,,,,,
GC-BCVI-OGBS-25-68,g,9,4,27,3,0.4188,6843.75,2156.25,4687.5,0.1325,6843.75,3750,3093.75,0.0504,3750,2156.25,1593.75,0.0596,4593.75,3000,1593.75,0.0517,5062.5,2906.25,2156.25,,,,,,,,,,,,,,,,,,,,,,,,,,,,,,,,,,,,,,,,,,,,,,,,,,,,,,,,,,,,,,,,,,,,,,,,,,,,,,,,,,,,,,,,,,,,,,,,,,,,,,,,,,,,,,,,,,,,,,,,,,,,,,,,,,,,,,,,,,,,,,,,
GC-BCVI-OGBS-25-69,i,9,4,27,4,0.5073,6375,2156.25,4218.75,0.1349,6375,3375,3000,0.0509,4875,3656.25,1218.75,0.073,5718.75,3562.5,2156.25,0.1009,4875,2156.25,2718.75,,,,,,,,,,,,,,,,,,,,,,,,,,,,,,,,,,,,,,,,,,,,,,,,,,,,,,,,,,,,,,,,,,,,,,,,,,,,,,,,,,,,,,,,,,,,,,,,,,,,,,,,,,,,,,,,,,,,,,,,,,,,,,,,,,,,,,,,,,,,,,,,
GC-BCVI-OGBS-25-70,h,9,5,27,3,0.5497,6000,2250,3750,0.0799,6000,2531.25,3468.75,0.045,4593.75,3656.25,937.5,0.0488,4968.75,4218.75,750,0.0442,5062.5,4406.25,656.25,0.169,4031.25,2250,1781.25,,,,,,,,,,,,,,,,,,,,,,,,,,,,,,,,,,,,,,,,,,,,,,,,,,,,,,,,,,,,,,,,,,,,,,,,,,,,,,,,,,,,,,,,,,,,,,,,,,,,,,,,,,,,,,,,,,,,,,,,,,,,,,,,,,,,,,,,,,,,
GC-BCVI-OGBS-25-72,i,9,4,27,4,0.5038,5718.75,2156.25,3562.5,0.1358,5250,2906.25,2343.75,0.0551,5062.5,3093.75,1968.75,0.0765,5718.75,3562.5,2156.25,0.1034,4781.25,2156.25,2625,,,,,,,,,,,,,,,,,,,,,,,,,,,,,,,,,,,,,,,,,,,,,,,,,,,,,,,,,,,,,,,,,,,,,,,,,,,,,,,,,,,,,,,,,,,,,,,,,,,,,,,,,,,,,,,,,,,,,,,,,,,,,,,,,,,,,,,,,,,,,,,,
GC-BCVI-OGBS-25-73,h,9,5,27,3,0.5691,5062.5,2250,2812.5,0.0756,4875,2625,2250,0.0389,4781.25,3468.75,1312.5,0.0442,5062.5,4125,937.5,0.0412,4593.75,3281.25,1312.5,0.1648,4031.25,2250,1781.25,,,,,,,,,,,,,,,,,,,,,,,,,,,,,,,,,,,,,,,,,,,,,,,,,,,,,,,,,,,,,,,,,,,,,,,,,,,,,,,,,,,,,,,,,,,,,,,,,,,,,,,,,,,,,,,,,,,,,,,,,,,,,,,,,,,,,,,,,,,,
GC-BCVI-OGBS-25-77,i,9,4,27,4,0.519,5812.5,2156.25,3656.25,0.148,5062.5,3281.25,1781.25,0.0605,4781.25,3468.75,1312.5,0.0831,5812.5,3468.75,2343.75,0.1079,4875,2156.25,2718.75,,,,,,,,,,,,,,,,,,,,,,,,,,,,,,,,,,,,,,,,,,,,,,,,,,,,,,,,,,,,,,,,,,,,,,,,,,,,,,,,,,,,,,,,,,,,,,,,,,,,,,,,,,,,,,,,,,,,,,,,,,,,,,,,,,,,,,,,,,,,,,,,
GC-BCVI-OGBS-25-78,f,9,8,27,3,0.945,6843.75,2062.5,4781.25,0.065,3656.25,2156.25,1500,0.0627,4125,2156.25,1968.75,0.3511,6843.75,4500,2343.75,0.0638,3281.25,2156.25,1125,0.0388,3000,2062.5,937.5,0.0388,3281.25,2062.5,1218.75,0.0524,3468.75,2250,1218.75,,,,,,,,,,,,,,,,,,,,,,,,,,,,,,,,,,,,,,,,,,,,,,,,,,,,,,,,,,,,,,,,,,,,,,,,,,,,,,,,,,,,,,,,,,,,,,,,,,,,,,,,,,,,,,,,,,,,,,,,,,,,,,,,,,,,
GC-BCVI-OGBS-25-79,g,9,5,27,3,0.4894,8343.75,2812.5,5531.25,0.1408,8343.75,2906.25,5437.5,0.0594,4125,2812.5,1312.5,0.056,4500,3093.75,1406.25,0.0509,4781.25,3281.25,1500,0.0585,5156.25,3562.5,1593.75,,,,,,,,,,,,,,,,,,,,,,,,,,,,,,,,,,,,,,,,,,,,,,,,,,,,,,,,,,,,,,,,,,,,,,,,,,,,,,,,,,,,,,,,,,,,,,,,,,,,,,,,,,,,,,,,,,,,,,,,,,,,,,,,,,,,,,,,,,,,
GC-BCVI-OGBS-25-80,f,9,7,27,3,0.9708,6656.25,2062.5,4593.75,0.0554,4218.75,2718.75,1500,0.0578,4406.25,2531.25,1875,0.3362,6656.25,4406.25,2250,0.0625,3562.5,2062.5,1500,0.0484,4031.25,2156.25,1875,0.0401,3468.75,2156.25,1312.5,0.0625,3750,2156.25,1593.75,,,,,,,,,,,,,,,,,,,,,,,,,,,,,,,,,,,,,,,,,,,,,,,,,,,,,,,,,,,,,,,,,,,,,,,,,,,,,,,,,,,,,,,,,,,,,,,,,,,,,,,,,,,,,,,,,,,,,,,,,,,,,,,,,,,,
GC-BCVI-OGBS-25-81,i,9,4,27,4,0.5,6468.75,2156.25,4312.5,0.1325,6468.75,3468.75,3000,0.0649,4968.75,3562.5,1406.25,0.0897,5718.75,3375,2343.75,0.1131,4875,2156.25,2718.75,,,,,,,,,,,,,,,,,,,,,,,,,,,,,,,,,,,,,,,,,,,,,,,,,,,,,,,,,,,,,,,,,,,,,,,,,,,,,,,,,,,,,,,,,,,,,,,,,,,,,,,,,,,,,,,,,,,,,,,,,,,,,,,,,,,,,,,,,,,,,,,,
GC-BCVI-OGBS-25-82,h,9,5,27,3,0.5481,4968.75,2437.5,2531.25,0.0839,4968.75,2625,2343.75,0.0463,4687.5,2625,2062.5,0.0515,4687.5,3281.25,1406.25,0.0478,4687.5,3375,1312.5,0.1714,4406.25,2437.5,1968.75,,,,,,,,,,,,,,,,,,,,,,,,,,,,,,,,,,,,,,,,,,,,,,,,,,,,,,,,,,,,,,,,,,,,,,,,,,,,,,,,,,,,,,,,,,,,,,,,,,,,,,,,,,,,,,,,,,,,,,,,,,,,,,,,,,,,,,,,,,,,
GC-BCVI-OGBS-25-84,h,9,5,27,3,0.5787,5437.5,2437.5,3000,0.0777,5437.5,2531.25,2906.25,0.0443,5062.5,4125,937.5,0.0459,4781.25,3937.5,843.75,0.0509,4687.5,4031.25,656.25,0.182,4312.5,2437.5,1875,,,,,,,,,,,,,,,,,,,,,,,,,,,,,,,,,,,,,,,,,,,,,,,,,,,,,,,,,,,,,,,,,,,,,,,,,,,,,,,,,,,,,,,,,,,,,,,,,,,,,,,,,,,,,,,,,,,,,,,,,,,,,,,,,,,,,,,,,,,,
GC-BCVI-OGBS-25-86,i,9,4,27,4,0.5055,5906.25,2156.25,3750,0.1505,5250,2906.25,2343.75,0.0577,5156.25,3281.25,1875,0.0831,5906.25,3093.75,2812.5,0.1011,5062.5,2156.25,2906.25,,,,,,,,,,,,,,,,,,,,,,,,,,,,,,,,,,,,,,,,,,,,,,,,,,,,,,,,,,,,,,,,,,,,,,,,,,,,,,,,,,,,,,,,,,,,,,,,,,,,,,,,,,,,,,,,,,,,,,,,,,,,,,,,,,,,,,,,,,,,,,,,
GC-BCVI-OGBS-25-89,i,9,4,27,4,0.5069,5906.25,2250,3656.25,0.1403,5062.5,2812.5,2250,0.0542,4875,3000,1875,0.0772,5906.25,3093.75,2812.5,0.0995,4500,2250,2250,,,,,,,,,,,,,,,,,,,,,,,,,,,,,,,,,,,,,,,,,,,,,,,,,,,,,,,,,,,,,,,,,,,,,,,,,,,,,,,,,,,,,,,,,,,,,,,,,,,,,,,,,,,,,,,,,,,,,,,,,,,,,,,,,,,,,,,,,,,,,,,,
GC-BCVI-OGBS-25-91,h,9,5,27,3,0.5668,4781.25,2343.75,2437.5,0.0805,4781.25,2625,2156.25,0.0429,4687.5,3843.75,843.75,0.0446,4593.75,3562.5,1031.25,0.0455,4500,3281.25,1218.75,0.1802,4500,2343.75,2156.25,,,,,,,,,,,,,,,,,,,,,,,,,,,,,,,,,,,,,,,,,,,,,,,,,,,,,,,,,,,,,,,,,,,,,,,,,,,,,,,,,,,,,,,,,,,,,,,,,,,,,,,,,,,,,,,,,,,,,,,,,,,,,,,,,,,,,,,,,,,,
GC-BCVI-OSKR-24-1,a,8,9,37,5,1.0228,8531.25,2250,6281.25,0.0793,6093.75,3468.75,2625,0.0478,4218.75,2531.25,1687.5,0.0541,3093.75,2250,843.75,0.0629,3093.75,2343.75,750,0.1371,8531.25,2343.75,6187.5,0.0956,6093.75,4781.25,1312.5,0.0843,3375,2437.5,937.5,0.0415,3468.75,3281.25,187.5,0.0667,3562.5,2718.75,843.75,,,,,,,,,,,,,,,,,,,,,,,,,,,,,,,,,,,,,,,,,,,,,,,,,,,,,,,,,,,,,,,,,,,,,,,,,,,,,,,,,,,,,,,,,,,,,,,,,,,,,,,,,,,,,,,,,,,,,,,,,,,,
GC-BCVI-OSKR-24-3,b,8,5,37,3,0.7073,6000,2250,3750,0.2006,3656.25,2343.75,1312.5,0.0638,6000,3937.5,2062.5,0.0612,5718.75,4500,1218.75,0.0625,3375,2250,1125,0.0677,3375,2718.75,656.25,,,,,,,,,,,,,,,,,,,,,,,,,,,,,,,,,,,,,,,,,,,,,,,,,,,,,,,,,,,,,,,,,,,,,,,,,,,,,,,,,,,,,,,,,,,,,,,,,,,,,,,,,,,,,,,,,,,,,,,,,,,,,,,,,,,,,,,,,,,,
GC-BCVI-OSKR-24-4,c,8,6,37,2,0.516,7593.75,2062.5,5531.25,0.1654,7593.75,2062.5,5531.25,0.0414,5250,3562.5,1687.5,0.0423,5718.75,4312.5,1406.25,0.0376,5437.5,4500,937.5,0.0385,5343.75,4593.75,750,0.047,5437.5,4593.75,843.75,,,,,,,,,,,,,,,,,,,,,,,,,,,,,,,,,,,,,,,,,,,,,,,,,,,,,,,,,,,,,,,,,,,,,,,,,,,,,,,,,,,,,,,,,,,,,,,,,,,,,,,,,,,,,,,,,,,,,,,,,,,,,,,,,,,,,,,,
GC-BCVI-OSKR-24-5,c,8,1,37,1,0.1541,7781.25,2250,5531.25,0.1541,7781.25,2250,5531.25,,,,,,,,,,,,,,,,,,,,,,,,,,,,,,,,,,,,,,,,,,,,,,,,,,,,,,,,,,,,,,,,,,,,,,,,,,,,,,,,,,,,,,,,,,,,,,,,,,,,,,,,,,,,,,,,,,,,,,,,,,,,,,,,,,,,,,,,,,,,,,,,,,,,,,,,,,,,
GC-BCVI-OSKR-24-6,b,8,6,37,4,0.9127,6843.75,2250,4593.75,0.1099,6843.75,3375,3468.75,0.1974,4031.25,2718.75,1312.5,0.0795,5906.25,3562.5,2343.75,0.0636,5906.25,3937.5,1968.75,0.0835,3468.75,2250,1218.75,0.0768,3468.75,3093.75,375,,,,,,,,,,,,,,,,,,,,,,,,,,,,,,,,,,,,,,,,,,,,,,,,,,,,,,,,,,,,,,,,,,,,,,,,,,,,,,,,,,,,,,,,,,,,,,,,,,,,,,,,,,,,,,,,,,,,,,,,,,,,,,,,,,,,,,,,
GC-BCVI-OSKR-24-8,b,8,6,37,4,1.0049,6468.75,2156.25,4312.5,0.1072,6468.75,3000,3468.75,0.2114,3562.5,2437.5,1125,0.0689,6000,4500,1500,0.0843,5906.25,4500,1406.25,0.095,3375,2156.25,1218.75,0.1011,3562.5,2812.5,750,,,,,,,,,,,,,,,,,,,,,,,,,,,,,,,,,,,,,,,,,,,,,,,,,,,,,,,,,,,,,,,,,,,,,,,,,,,,,,,,,,,,,,,,,,,,,,,,,,,,,,,,,,,,,,,,,,,,,,,,,,,,,,,,,,,,,,,,
GC-BCVI-OSKR-25-9,d,8,3,37,3,0.2774,4968.75,2343.75,2625,0.1443,4687.5,2437.5,2250,0.0438,4968.75,2718.75,2250,0.0618,3468.75,2343.75,1125,,,,,,,,,,,,,,,,,,,,,,,,,,,,,,,,,,,,,,,,,,,,,,,,,,,,,,,,,,,,,,,,,,,,,,,,,,,,,,,,,,,,,,,,,,,,,,,,,,,,,,,,,,,,,,,,,,,,,,,,,,,,,,,,,,,,,,,,,,,,,,,,,,,,
GC-BCVI-OSKR-25-11,c,8,6,37,2,0.5035,6281.25,3187.5,3093.75,0.1323,6281.25,3187.5,3093.75,0.0451,5437.5,3937.5,1500,0.0428,5156.25,4031.25,1125,0.0504,5812.5,4031.25,1781.25,0.0496,5156.25,4312.5,843.75,0.0684,5343.75,4125,1218.75,,,,,,,,,,,,,,,,,,,,,,,,,,,,,,,,,,,,,,,,,,,,,,,,,,,,,,,,,,,,,,,,,,,,,,,,,,,,,,,,,,,,,,,,,,,,,,,,,,,,,,,,,,,,,,,,,,,,,,,,,,,,,,,,,,,,,,,,
GC-BCVI-OSKR-25-12,b,8,6,37,4,0.9174,7125,2062.5,5062.5,0.0899,7125,3375,3750,0.2019,3656.25,2437.5,1218.75,0.0632,5906.25,3375,2531.25,0.0777,5906.25,3937.5,1968.75,0.1065,3468.75,2062.5,1406.25,0.0788,3375,2625,750,,,,,,,,,,,,,,,,,,,,,,,,,,,,,,,,,,,,,,,,,,,,,,,,,,,,,,,,,,,,,,,,,,,,,,,,,,,,,,,,,,,,,,,,,,,,,,,,,,,,,,,,,,,,,,,,,,,,,,,,,,,,,,,,,,,,,,,,
GC-BCVI-OSKR-25-13,a,8,10,37,5,0.9749,8250,2156.25,6093.75,0.0677,6562.5,3562.5,3000,0.0532,3656.25,2250,1406.25,0.0472,3281.25,2250,1031.25,0.0484,3093.75,2343.75,750,0.1064,7968.75,3468.75,4500,0.0895,8250,2156.25,6093.75,0.075,3562.5,2343.75,1218.75,0.0411,3562.5,2437.5,1125,0.0399,3656.25,3187.5,468.75,0.0605,3656.25,2625,1031.25,,,,,,,,,,,,,,,,,,,,,,,,,,,,,,,,,,,,,,,,,,,,,,,,,,,,,,,,,,,,,,,,,,,,,,,,,,,,,,,,,,,,,,,,,,,,,,,,,,,,,,,,,,,,,,,,,,,,,,,,
GC-BCVI-OSKR-25-14,c,8,18,37,8,2.0618,7968.75,2156.25,5812.5,0.1626,7687.5,2343.75,5343.75,0.0417,5250,3937.5,1312.5,0.0428,5250,3375,1875,0.0449,5437.5,3375,2062.5,0.0482,5812.5,4687.5,1125,0.0524,5812.5,4593.75,1218.75,0.0417,3656.25,2906.25,750,0.0439,3937.5,3187.5,750,0.0407,3843.75,3093.75,750,0.0835,7968.75,4593.75,3375,0.2033,3187.5,2156.25,1031.25,0.0674,5906.25,3843.75,2062.5,0.0685,5531.25,3656.25,1875,0.0653,5531.25,3843.75,1687.5,0.0728,5625,3656.25,1968.75,0.1006,6187.5,3562.5,2625,0.0835,5250,3468.75,1781.25,0.0952,7031.25,3187.5,3843.75,,,,,,,,,,,,,,,,,,,,,,,,,,,,,,,,,,,,,,,,,,,,,,,,,,,,,,,,,,,,,,,,,,,,,,,,,,,,,,,,,,,,,,,,
GC-BCVI-OSKR-25-17,c,8,18,37,8,2.2711,8156.25,2156.25,6000,0.1667,7968.75,3468.75,4500,0.0411,5343.75,4125,1218.75,0.0457,5625,4500,1125,0.0457,5343.75,3093.75,2250,0.0537,5625,4781.25,843.75,0.0605,5812.5,4500,1312.5,0.0582,4125,2812.5,1312.5,0.0639,3937.5,3093.75,843.75,0.0662,3843.75,3000,843.75,0.0856,8156.25,4687.5,3468.75,0.2169,3281.25,2156.25,1125,0.0571,5812.5,4312.5,1500,0.0651,5531.25,3750,1781.25,0.0685,5531.25,3656.25,1875,0.0708,7593.75,3468.75,4125,0.0936,5812.5,2343.75,3468.75,0.0799,5812.5,2625,3187.5,0.105,6093.75,3187.5,2906.25,,,,,,,,,,,,,,,,,,,,,,,,,,,,,,,,,,,,,,,,,,,,,,,,,,,,,,,,,,,,,,,,,,,,,,,,,,,,,,,,,,,,,,,,
GC-BCVI-OSKR-25-18,b,8,6,37,4,0.9837,7312.5,2250,5062.5,0.108,7312.5,3562.5,3750,0.216,3750,2437.5,1312.5,0.0704,5531.25,4125,1406.25,0.0716,5718.75,4406.25,1312.5,0.1068,3281.25,2250,1031.25,0.1092,3468.75,2343.75,1125,,,,,,,,,,,,,,,,,,,,,,,,,,,,,,,,,,,,,,,,,,,,,,,,,,,,,,,,,,,,,,,,,,,,,,,,,,,,,,,,,,,,,,,,,,,,,,,,,,,,,,,,,,,,,,,,,,,,,,,,,,,,,,,,,,,,,,,,
GC-BCVI-OSKR-25-21,a,8,5,37,3,0.5986,6468.75,2156.25,4312.5,0.0681,6468.75,3375,3093.75,0.0516,3000,2250,750,0.0477,3187.5,2250,937.5,0.0691,3187.5,2156.25,1031.25,0.0954,6000,3656.25,2343.75,,,,,,,,,,,,,,,,,,,,,,,,,,,,,,,,,,,,,,,,,,,,,,,,,,,,,,,,,,,,,,,,,,,,,,,,,,,,,,,,,,,,,,,,,,,,,,,,,,,,,,,,,,,,,,,,,,,,,,,,,,,,,,,,,,,,,,,,,,,,
GC-BCVI-OSKR-25-22,b,8,1,37,1,0.1003,7312.5,3468.75,3843.75,0.1003,7312.5,3468.75,3843.75,,,,,,,,,,,,,,,,,,,,,,,,,,,,,,,,,,,,,,,,,,,,,,,,,,,,,,,,,,,,,,,,,,,,,,,,,,,,,,,,,,,,,,,,,,,,,,,,,,,,,,,,,,,,,,,,,,,,,,,,,,,,,,,,,,,,,,,,,,,,,,,,,,,,,,,,,,,,
GC-BCVI-OSKR-25-24,b,8,5,37,4,1.0739,7312.5,2062.5,5250,0.0961,7312.5,3000,4312.5,0.222,3750,2437.5,1312.5,0.0535,5906.25,4406.25,1500,0.0535,5906.25,4593.75,1312.5,0.0835,3375,2062.5,1312.5,0.1433,3468.75,2437.5,1031.25,,,,,,,,,,,,,,,,,,,,,,,,,,,,,,,,,,,,,,,,,,,,,,,,,,,,,,,,,,,,,,,,,,,,,,,,,,,,,,,,,,,,,,,,,,,,,,,,,,,,,,,,,,,,,,,,,,,,,,,,,,,,,,,,,,,,,,,,
GC-BCVI-OSKR-25-28,c,8,6,37,2,0.6241,8343.75,3468.75,4875,0.1552,8343.75,3468.75,4875,0.0384,5156.25,4500,656.25,0.0384,6000,4593.75,1406.25,0.0448,5718.75,4593.75,1125,0.0416,5718.75,4593.75,1125,0.0432,5156.25,4500,656.25,,,,,,,,,,,,,,,,,,,,,,,,,,,,,,,,,,,,,,,,,,,,,,,,,,,,,,,,,,,,,,,,,,,,,,,,,,,,,,,,,,,,,,,,,,,,,,,,,,,,,,,,,,,,,,,,,,,,,,,,,,,,,,,,,,,,,,,,
GC-BCVI-OSKR-25-29,c,8,7,37,2,0.6623,6562.5,2343.75,4218.75,0.1417,6562.5,2343.75,4218.75,0.041,5250,2531.25,2718.75,0.0447,5343.75,4687.5,656.25,0.0398,5625,4500,1125,0.0435,5437.5,4593.75,843.75,0.0398,5343.75,4500,843.75,0.051,5250,4406.25,843.75,,,,,,,,,,,,,,,,,,,,,,,,,,,,,,,,,,,,,,,,,,,,,,,,,,,,,,,,,,,,,,,,,,,,,,,,,,,,,,,,,,,,,,,,,,,,,,,,,,,,,,,,,,,,,,,,,,,,,,,,,,,,,,,,,,,,
GC-BCVI-OSKR-25-30,b,8,6,37,4,1.0021,7031.25,2437.5,4593.75,0.0995,7031.25,3375,3656.25,0.2047,3000,2437.5,562.5,0.0583,6000,4500,1500,0.054,5812.5,4781.25,1031.25,0.0824,3375,2437.5,937.5,0.0967,3375,2531.25,843.75,,,,,,,,,,,,,,,,,,,,,,,,,,,,,,,,,,,,,,,,,,,,,,,,,,,,,,,,,,,,,,,,,,,,,,,,,,,,,,,,,,,,,,,,,,,,,,,,,,,,,,,,,,,,,,,,,,,,,,,,,,,,,,,,,,,,,,,,
GC-BCVI-OSKR-25-31,b,8,6,37,4,0.975,6375,2343.75,4031.25,0.0995,6375,2343.75,4031.25,0.1963,3750,2437.5,1312.5,0.0538,5343.75,3375,1968.75,0.0592,5625,3187.5,2437.5,0.0941,3281.25,2906.25,375,0.0901,3562.5,2812.5,750,,,,,,,,,,,,,,,,,,,,,,,,,,,,,,,,,,,,,,,,,,,,,,,,,,,,,,,,,,,,,,,,,,,,,,,,,,,,,,,,,,,,,,,,,,,,,,,,,,,,,,,,,,,,,,,,,,,,,,,,,,,,,,,,,,,,,,,,
GC-BCVI-OSKR-25-35,b,8,6,37,4,0.9974,7312.5,2531.25,4781.25,0.0986,7312.5,3656.25,3656.25,0.1983,3656.25,2531.25,1125,0.0669,6093.75,3375,2718.75,0.068,6000,3375,2625,0.0941,3468.75,2625,843.75,0.0918,3468.75,3187.5,281.25,,,,,,,,,,,,,,,,,,,,,,,,,,,,,,,,,,,,,,,,,,,,,,,,,,,,,,,,,,,,,,,,,,,,,,,,,,,,,,,,,,,,,,,,,,,,,,,,,,,,,,,,,,,,,,,,,,,,,,,,,,,,,,,,,,,,,,,,
GC-BCVI-OSKR-25-36,c,8,11,37,5,1.3153,7312.5,2250,5062.5,0.1418,7312.5,2531.25,4781.25,0.0468,5812.5,2906.25,2906.25,0.0483,5718.75,4312.5,1406.25,0.0405,5343.75,3750,1593.75,0.0436,5718.75,4500,1218.75,0.039,5718.75,4218.75,1500,0.0499,3937.5,3000,937.5,0.0608,3656.25,2906.25,750,0.0561,3750,3000,750,0.0842,6937.5,4781.25,2156.25,0.2213,3750,2250,1500,,,,,,,,,,,,,,,,,,,,,,,,,,,,,,,,,,,,,,,,,,,,,,,,,,,,,,,,,,,,,,,,,,,,,,,,,,,,,,,,,,,,,,,,,,,,,,,,,,,,,,,,,,,,,,,,,,,,
GC-BCVI-OSKR-25-41,d,8,8,37,6,0.7907,6562.5,2156.25,4406.25,0.059,5437.5,2156.25,3281.25,0.0907,5531.25,3843.75,1687.5,0.0533,6562.5,3375,3187.5,0.0533,6562.5,3375,3187.5,0.0533,6468.75,5062.5,1406.25,0.1483,4687.5,2625,2062.5,0.0418,4781.25,2625,2156.25,0.0735,3562.5,2250,1312.5,,,,,,,,,,,,,,,,,,,,,,,,,,,,,,,,,,,,,,,,,,,,,,,,,,,,,,,,,,,,,,,,,,,,,,,,,,,,,,,,,,,,,,,,,,,,,,,,,,,,,,,,,,,,,,,,,,,,,,,,,,,,,,,,
GC-BCVI-OSKR-25-42,e,8,5,37,2,0.3968,6000,2062.5,3937.5,0.0449,5531.25,4125,1406.25,0.0419,5625,4031.25,1593.75,0.0472,6000,3562.5,2437.5,0.0503,5718.75,3656.25,2062.5,0.1036,4781.25,2062.5,2718.75,,,,,,,,,,,,,,,,,,,,,,,,,,,,,,,,,,,,,,,,,,,,,,,,,,,,,,,,,,,,,,,,,,,,,,,,,,,,,,,,,,,,,,,,,,,,,,,,,,,,,,,,,,,,,,,,,,,,,,,,,,,,,,,,,,,,,,,,,,,,
GC-BCVI-OSKR-25-44,d,8,8,37,6,0.7939,6750,2343.75,4406.25,0.0808,5812.5,4500,1312.5,0.0934,5062.5,3468.75,1593.75,0.0539,6562.5,3281.25,3281.25,0.0557,6750,3375,3375,0.0557,6562.5,5062.5,1500,0.1509,4406.25,2531.25,1875,0.0431,4781.25,2812.5,1968.75,0.0718,3562.5,2343.75,1218.75,,,,,,,,,,,,,,,,,,,,,,,,,,,,,,,,,,,,,,,,,,,,,,,,,,,,,,,,,,,,,,,,,,,,,,,,,,,,,,,,,,,,,,,,,,,,,,,,,,,,,,,,,,,,,,,,,,,,,,,,,,,,,,,,
GC-BCVI-OSKR-25-45,f,8,6,37,2,0.4662,6562.5,2343.75,4218.75,0.1481,6562.5,4125,2437.5,0.042,5062.5,2343.75,2718.75,0.0376,3562.5,2625,937.5,0.0435,3562.5,2906.25,656.25,0.0449,3562.5,3000,562.5,0.0494,3843.75,3187.5,656.25,,,,,,,,,,,,,,,,,,,,,,,,,,,,,,,,,,,,,,,,,,,,,,,,,,,,,,,,,,,,,,,,,,,,,,,,,,,,,,,,,,,,,,,,,,,,,,,,,,,,,,,,,,,,,,,,,,,,,,,,,,,,,,,,,,,,,,,,
GC-BCVI-OSKR-25-47,f,8,6,37,2,0.4312,6562.5,2250,4312.5,0.1352,6562.5,3093.75,3468.75,0.0409,4875,2250,2625,0.0352,4031.25,2718.75,1312.5,0.0352,3750,2812.5,937.5,0.0352,3750,2812.5,937.5,0.0457,3562.5,3093.75,468.75,,,,,,,,,,,,,,,,,,,,,,,,,,,,,,,,,,,,,,,,,,,,,,,,,,,,,,,,,,,,,,,,,,,,,,,,,,,,,,,,,,,,,,,,,,,,,,,,,,,,,,,,,,,,,,,,,,,,,,,,,,,,,,,,,,,,,,,,
GC-BCVI-OSKR-25-50,d,8,8,37,6,0.809,6375,2250,4125,0.0735,5718.75,4687.5,1031.25,0.0993,5437.5,3937.5,1500,0.0569,6281.25,3187.5,3093.75,0.0548,6375,5062.5,1312.5,0.0569,6187.5,5250,937.5,0.15,4593.75,2625,1968.75,0.0455,4593.75,2625,1968.75,0.0704,3468.75,2250,1218.75,,,,,,,,,,,,,,,,,,,,,,,,,,,,,,,,,,,,,,,,,,,,,,,,,,,,,,,,,,,,,,,,,,,,,,,,,,,,,,,,,,,,,,,,,,,,,,,,,,,,,,,,,,,,,,,,,,,,,,,,,,,,,,,,
GC-BCVI-OSKR-25-53,f,8,6,37,2,0.4613,6375,2343.75,4031.25,0.1595,6375,3562.5,2812.5,0.0429,4875,2343.75,2531.25,0.0393,3937.5,2531.25,1406.25,0.0393,4125,2812.5,1312.5,0.0417,3562.5,3093.75,468.75,0.0552,3843.75,3187.5,656.25,,,,,,,,,,,,,,,,,,,,,,,,,,,,,,,,,,,,,,,,,,,,,,,,,,,,,,,,,,,,,,,,,,,,,,,,,,,,,,,,,,,,,,,,,,,,,,,,,,,,,,,,,,,,,,,,,,,,,,,,,,,,,,,,,,,,,,,,
GC-BCVI-OSKR-25-54,e,8,6,37,3,0.5768,7500,2062.5,5437.5,0.0809,5718.75,4218.75,1500,0.0434,5718.75,4125,1593.75,0.0457,5531.25,4031.25,1500,0.0472,6937.5,3937.5,3000,0.0547,7500,3937.5,3562.5,0.0831,4781.25,2062.5,2718.75,,,,,,,,,,,,,,,,,,,,,,,,,,,,,,,,,,,,,,,,,,,,,,,,,,,,,,,,,,,,,,,,,,,,,,,,,,,,,,,,,,,,,,,,,,,,,,,,,,,,,,,,,,,,,,,,,,,,,,,,,,,,,,,,,,,,,,,,
GC-BCVI-OSKR-25-55,g,8,5,37,3,0.736,7312.5,2531.25,4781.25,0.1477,4406.25,3375,1031.25,0.0665,6843.75,4781.25,2062.5,0.0649,7312.5,5250,2062.5,0.0706,7218.75,5531.25,1687.5,0.1826,3562.5,2531.25,1031.25,,,,,,,,,,,,,,,,,,,,,,,,,,,,,,,,,,,,,,,,,,,,,,,,,,,,,,,,,,,,,,,,,,,,,,,,,,,,,,,,,,,,,,,,,,,,,,,,,,,,,,,,,,,,,,,,,,,,,,,,,,,,,,,,,,,,,,,,,,,,
GC-BCVI-OSKR-25-56,h,8,13,37,7,1.6824,7218.75,2062.5,5156.25,0.1205,6562.5,3843.75,2718.75,0.0651,5250,2625,2625,0.0521,3937.5,2906.25,1031.25,0.0423,3093.75,2625,468.75,0.0456,2906.25,2531.25,375,0.0456,2812.5,2156.25,656.25,0.1466,5906.25,3562.5,2343.75,0.0489,5718.75,4031.25,1687.5,0.0472,6093.75,4031.25,2062.5,0.0505,7218.75,3843.75,3375,0.0635,7031.25,3562.5,3468.75,0.1417,5062.5,2062.5,3000,0.1857,5250,4125,1125,,,,,,,,,,,,,,,,,,,,,,,,,,,,,,,,,,,,,,,,,,,,,,,,,,,,,,,,,,,,,,,,,,,,,,,,,,,,,,,,,,,,,,,,,,,,,,,,,,,,,,,,,,,,
GC-BCVI-OSKR-25-58,d,8,8,37,5,0.8218,6562.5,2343.75,4218.75,0.0853,5906.25,4593.75,1312.5,0.0904,5531.25,3656.25,1875,0.0579,6562.5,5343.75,1218.75,0.0609,6562.5,5250,1312.5,0.063,6000,5156.25,843.75,0.1524,4593.75,2718.75,1875,0.0437,4687.5,2531.25,2156.25,0.0731,3375,2343.75,1031.25,,,,,,,,,,,,,,,,,,,,,,,,,,,,,,,,,,,,,,,,,,,,,,,,,,,,,,,,,,,,,,,,,,,,,,,,,,,,,,,,,,,,,,,,,,,,,,,,,,,,,,,,,,,,,,,,,,,,,,,,,,,,,,,,
GC-BCVI-OSKR-25-59,g,8,6,37,4,1.0513,7125,2531.25,4593.75,0.1771,6843.75,3000,,0.1782,4406.25,2718.75,1687.5,0.0542,6843.75,5156.25,1687.5,0.0609,7125,4875,2250,0.0553,6937.5,5250,1687.5,0.1881,3562.5,2531.25,1031.25,,,,,,,,,,,,,,,,,,,,,,,,,,,,,,,,,,,,,,,,,,,,,,,,,,,,,,,,,,,,,,,,,,,,,,,,,,,,,,,,,,,,,,,,,,,,,,,,,,,,,,,,,,,,,,,,,,,,,,,,,,,,,,,,,,,,,,,,
GC-BCVI-OSKR-25-62,f,8,6,37,2,0.473,6468.75,2437.5,4031.25,0.1512,6468.75,4031.25,2437.5,0.0439,6093.75,2437.5,3656.25,0.0439,3468.75,2531.25,937.5,0.0374,3843.75,2625,1218.75,0.0471,4968.75,3093.75,1875,0.0585,3843.75,3093.75,750,,,,,,,,,,,,,,,,,,,,,,,,,,,,,,,,,,,,,,,,,,,,,,,,,,,,,,,,,,,,,,,,,,,,,,,,,,,,,,,,,,,,,,,,,,,,,,,,,,,,,,,,,,,,,,,,,,,,,,,,,,,,,,,,,,,,,,,,
GC-BCVI-OSKR-25-63,d,8,8,37,5,0.8143,6562.5,2156.25,4406.25,0.0871,5906.25,4312.5,1593.75,0.0951,5812.5,2718.75,3093.75,0.0737,6562.5,2531.25,4031.25,0.0589,6468.75,5250,1218.75,0.0616,6375,5250,1125,0.1487,4500,2625,1875,0.0402,4781.25,2343.75,2437.5,0.0844,3468.75,2156.25,1312.5,,,,,,,,,,,,,,,,,,,,,,,,,,,,,,,,,,,,,,,,,,,,,,,,,,,,,,,,,,,,,,,,,,,,,,,,,,,,,,,,,,,,,,,,,,,,,,,,,,,,,,,,,,,,,,,,,,,,,,,,,,,,,,,,
GC-BCVI-OSKR-25-64,e,8,6,37,3,0.5985,7500,2156.25,5343.75,0.0671,5906.25,4218.75,1687.5,0.0441,4500,4031.25,468.75,0.0469,5812.5,3937.5,1875,0.0395,7406.25,3656.25,3750,0.046,7500,5718.75,1781.25,0.1039,5250,2156.25,3093.75,,,,,,,,,,,,,,,,,,,,,,,,,,,,,,,,,,,,,,,,,,,,,,,,,,,,,,,,,,,,,,,,,,,,,,,,,,,,,,,,,,,,,,,,,,,,,,,,,,,,,,,,,,,,,,,,,,,,,,,,,,,,,,,,,,,,,,,,
GC-BCVI-OSKR-25-66,f,8,6,37,2,0.4613,7968.75,2250,5718.75,0.1468,7968.75,3937.5,4031.25,0.0392,5343.75,2250,3093.75,0.0409,3468.75,2531.25,937.5,0.04,3562.5,2812.5,750,0.045,3750,3093.75,656.25,0.0492,3468.75,3187.5,281.25,,,,,,,,,,,,,,,,,,,,,,,,,,,,,,,,,,,,,,,,,,,,,,,,,,,,,,,,,,,,,,,,,,,,,,,,,,,,,,,,,,,,,,,,,,,,,,,,,,,,,,,,,,,,,,,,,,,,,,,,,,,,,,,,,,,,,,,,
GC-BCVI-OSKR-25-67,g,8,2,37,2,0.415,6468.75,2812.5,3656.25,0.1755,6468.75,3468.75,3000,0.1436,4312.5,2812.5,1500,,,,,,,,,,,,,,,,,,,,,,,,,,,,,,,,,,,,,,,,,,,,,,,,,,,,,,,,,,,,,,,,,,,,,,,,,,,,,,,,,,,,,,,,,,,,,,,,,,,,,,,,,,,,,,,,,,,,,,,,,,,,,,,,,,,,,,,,,,,,,,,,,,,,,,,,
GC-BCVI-OSKR-25-71,d,8,8,37,5,0.8029,6656.25,2343.75,4312.5,0.094,6000,4593.75,1406.25,0.095,5718.75,4125,1593.75,0.0613,6656.25,5343.75,1312.5,0.0572,6562.5,5343.75,1218.75,0.0623,6281.25,5250,1031.25,0.1389,4593.75,2812.5,1781.25,0.0388,4781.25,2531.25,2250,0.0756,3468.75,2343.75,1125,,,,,,,,,,,,,,,,,,,,,,,,,,,,,,,,,,,,,,,,,,,,,,,,,,,,,,,,,,,,,,,,,,,,,,,,,,,,,,,,,,,,,,,,,,,,,,,,,,,,,,,,,,,,,,,,,,,,,,,,,,,,,,,,
GC-BCVI-OSKR-25-73,f,8,6,37,2,0.4462,8156.25,2250,5906.25,0.1569,8156.25,3843.75,4312.5,0.038,3843.75,2250,1593.75,0.0387,3656.25,2531.25,1125,0.0387,3562.5,2906.25,656.25,0.0394,3843.75,3093.75,750,0.0443,3843.75,3187.5,656.25,,,,,,,,,,,,,,,,,,,,,,,,,,,,,,,,,,,,,,,,,,,,,,,,,,,,,,,,,,,,,,,,,,,,,,,,,,,,,,,,,,,,,,,,,,,,,,,,,,,,,,,,,,,,,,,,,,,,,,,,,,,,,,,,,,,,,,,,
GC-BCVI-OSKR-25-74,f,8,6,37,2,0.4605,6937.5,2250,4687.5,0.1439,6937.5,4312.5,2625,0.0426,5343.75,2250,3093.75,0.0417,3656.25,2906.25,750,0.04,3937.5,3000,937.5,0.0426,4218.75,3000,1218.75,0.0366,3656.25,3093.75,562.5,,,,,,,,,,,,,,,,,,,,,,,,,,,,,,,,,,,,,,,,,,,,,,,,,,,,,,,,,,,,,,,,,,,,,,,,,,,,,,,,,,,,,,,,,,,,,,,,,,,,,,,,,,,,,,,,,,,,,,,,,,,,,,,,,,,,,,,,
GC-BCVI-OSKR-25-76,f,8,6,37,2,0.4639,6187.5,2343.75,3843.75,0.1346,6187.5,4218.75,1968.75,0.0357,4500,2343.75,2156.25,0.0464,4500,2531.25,1968.75,0.0426,3562.5,2718.75,843.75,0.0441,4500,3093.75,1406.25,0.0449,4593.75,3281.25,1312.5,,,,,,,,,,,,,,,,,,,,,,,,,,,,,,,,,,,,,,,,,,,,,,,,,,,,,,,,,,,,,,,,,,,,,,,,,,,,,,,,,,,,,,,,,,,,,,,,,,,,,,,,,,,,,,,,,,,,,,,,,,,,,,,,,,,,,,,,
GC-BCVI-OSKR-25-78,d,8,8,37,5,0.7883,6281.25,2156.25,4125,0.054,5437.5,4500,937.5,0.094,5531.25,3750,1781.25,0.0605,6000,5156.25,843.75,0.0456,6281.25,5343.75,937.5,0.0577,6281.25,5156.25,1125,0.1517,5062.5,2156.25,2906.25,0.0409,4593.75,3093.75,1500,0.0605,3562.5,2343.75,1218.75,,,,,,,,,,,,,,,,,,,,,,,,,,,,,,,,,,,,,,,,,,,,,,,,,,,,,,,,,,,,,,,,,,,,,,,,,,,,,,,,,,,,,,,,,,,,,,,,,,,,,,,,,,,,,,,,,,,,,,,,,,,,,,,,
GC-BCVI-OSKR-25-81,d,8,8,37,5,0.7963,6468.75,2250,4218.75,0.0547,6281.25,4500,1781.25,0.0909,5156.25,4031.25,1125,0.0599,6468.75,3375,3093.75,0.0578,6468.75,5250,1218.75,0.0661,6187.5,5156.25,1031.25,0.1518,4500,2625,1875,0.0403,4781.25,2250,2531.25,0.0754,3281.25,2343.75,937.5,,,,,,,,,,,,,,,,,,,,,,,,,,,,,,,,,,,,,,,,,,,,,,,,,,,,,,,,,,,,,,,,,,,,,,,,,,,,,,,,,,,,,,,,,,,,,,,,,,,,,,,,,,,,,,,,,,,,,,,,,,,,,,,,
GC-BCVI-OSKR-25-82,f,8,6,37,2,0.461,6468.75,2437.5,4031.25,0.1394,6468.75,3750,2718.75,0.0428,3937.5,2437.5,1500,0.0398,3750,2625,1125,0.042,4218.75,2531.25,1687.5,0.0428,4218.75,2906.25,1312.5,0.0332,3468.75,2812.5,656.25,,,,,,,,,,,,,,,,,,,,,,,,,,,,,,,,,,,,,,,,,,,,,,,,,,,,,,,,,,,,,,,,,,,,,,,,,,,,,,,,,,,,,,,,,,,,,,,,,,,,,,,,,,,,,,,,,,,,,,,,,,,,,,,,,,,,,,,,
GC-BCVI-OSKR-25-83,d,8,8,37,5,0.8095,6562.5,2250,4312.5,0.0795,6187.5,4500,1687.5,0.0893,5343.75,3843.75,1500,0.0577,6093.75,5062.5,1031.25,0.0621,6562.5,5156.25,1406.25,0.061,6375,5156.25,1218.75,0.1438,4500,2625,1875,0.0447,4968.75,2625,2343.75,0.0697,3375,2250,1125,,,,,,,,,,,,,,,,,,,,,,,,,,,,,,,,,,,,,,,,,,,,,,,,,,,,,,,,,,,,,,,,,,,,,,,,,,,,,,,,,,,,,,,,,,,,,,,,,,,,,,,,,,,,,,,,,,,,,,,,,,,,,,,,
GC-BCVI-OSKR-25-87,e,8,8,37,5,1.3102,6281.25,2250,4031.25,0.0767,5156.25,3468.75,1687.5,0.045,5718.75,3843.75,1875,0.0542,6187.5,4031.25,2156.25,0.0476,6281.25,4031.25,2250,0.0569,5906.25,4687.5,1218.75,0.0965,4781.25,2250,2531.25,0.1732,5343.75,4125,1218.75,0.2486,4968.75,3843.75,1125,,,,,,,,,,,,,,,,,,,,,,,,,,,,,,,,,,,,,,,,,,,,,,,,,,,,,,,,,,,,,,,,,,,,,,,,,,,,,,,,,,,,,,,,,,,,,,,,,,,,,,,,,,,,,,,,,,,,,,,,,,,,,,,,
GC-BCVI-OSKR-25-88,f,8,6,37,2,0.453,7406.25,2437.5,4968.75,0.1438,7406.25,3843.75,3562.5,0.0397,4406.25,2437.5,1968.75,0.0379,4031.25,2718.75,1312.5,0.0433,4031.25,2906.25,1125,0.0487,3843.75,3000,843.75,0.0409,3375,3093.75,281.25,,,,,,,,,,,,,,,,,,,,,,,,,,,,,,,,,,,,,,,,,,,,,,,,,,,,,,,,,,,,,,,,,,,,,,,,,,,,,,,,,,,,,,,,,,,,,,,,,,,,,,,,,,,,,,,,,,,,,,,,,,,,,,,,,,,,,,,,
GC-BCVI-OSKR-25-89,f,8,6,37,2,0.4646,6375,2250,4125,0.149,6375,4593.75,1781.25,0.0409,4968.75,2250,2718.75,0.0451,3843.75,2625,1218.75,0.0375,3843.75,2718.75,1125,0.0417,3843.75,3281.25,562.5,0.0383,3562.5,3187.5,375,,,,,,,,,,,,,,,,,,,,,,,,,,,,,,,,,,,,,,,,,,,,,,,,,,,,,,,,,,,,,,,,,,,,,,,,,,,,,,,,,,,,,,,,,,,,,,,,,,,,,,,,,,,,,,,,,,,,,,,,,,,,,,,,,,,,,,,,
GC-BCVI-OSKW-25-1,a,11,13,49,9,1.3899,7968.75,2531.25,5437.5,0.069,5531.25,3187.5,2343.75,0.0819,6937.5,2625,4312.5,0.0805,6187.5,4312.5,1875,0.0704,6281.25,4125,2156.25,0.0747,6093.75,4218.75,1875,0.0647,4687.5,2531.25,2156.25,0.0848,5343.75,2812.5,2531.25,0.148,7406.25,2812.5,4593.75,0.0474,4687.5,3468.75,1218.75,0.1164,7968.75,3000,4968.75,0.092,6093.75,3187.5,2906.25,0.1006,6000,3093.75,2906.25,0.1265,6468.75,3375,3093.75,,,,,,,,,,,,,,,,,,,,,,,,,,,,,,,,,,,,,,,,,,,,,,,,,,,,,,,,,,,,,,,,,,,,,,,,,,,,,,,,,,,,,,,,,,,,,,,,,,,,,,,,,,,,
GC-BCVI-OSKW-25-2,a,11,10,49,6,1.0119,8062.5,2625,5437.5,0.0695,6000,4218.75,1781.25,0.0695,6000,4218.75,1781.25,0.0548,4406.25,2625,1781.25,0.0883,5437.5,2625,2812.5,0.1377,7406.25,2625,4781.25,0.0562,4406.25,3843.75,562.5,0.1163,8062.5,2812.5,5250,,,,,,,,,,,,,,,,,,,,,,,,,,,,,,,,,,,,,,,,,,,,,,,,,,,,,,,,,,,,,,,,,,,,,,,,,,,,,,,,,,,,,,,,,,,,,,,,,,,,,,,,,,,,,,,,,,,,,,,,,,,,,,,,,,,,
GC-BCVI-OSKW-25-3,a,11,13,49,9,1.371,7781.25,2531.25,5250,0.0992,6562.5,3000,3562.5,0.0976,6187.5,3093.75,3093.75,0.0784,5906.25,4218.75,1687.5,0.0672,5812.5,4218.75,1593.75,0.0672,5906.25,4125,1781.25,0.056,4312.5,2531.25,1781.25,0.0864,5437.5,2906.25,2531.25,0.1472,7500,2625,4875,0.0496,4312.5,3281.25,1031.25,0.1216,7781.25,2812.5,4968.75,0.0768,6187.5,3281.25,2906.25,0.1184,5812.5,2906.25,2906.25,0.1152,6000,2906.25,3093.75,,,,,,,,,,,,,,,,,,,,,,,,,,,,,,,,,,,,,,,,,,,,,,,,,,,,,,,,,,,,,,,,,,,,,,,,,,,,,,,,,,,,,,,,,,,,,,,,,,,,,,,,,,,,
GC-BCVI-OSKW-25-4,b,11,8,49,4,0.931,5906.25,2156.25,3750,0.0462,4968.75,2156.25,2812.5,0.0434,5156.25,3750,1406.25,0.0434,5906.25,4500,1406.25,0.1372,4031.25,3000,1031.25,0.1484,4500,2343.75,2156.25,0.0644,3187.5,2437.5,750,0.0658,3187.5,2437.5,750,0.0658,3281.25,2250,1031.25,,,,,,,,,,,,,,,,,,,,,,,,,,,,,,,,,,,,,,,,,,,,,,,,,,,,,,,,,,,,,,,,,,,,,,,,,,,,,,,,,,,,,,,,,,,,,,,,,,,,,,,,,,,,,,,,,,,,,,,,,,,,,,,,
GC-BCVI-OSKW-25-5,c,11,14,49,9,1.6951,7218.75,2062.5,5156.25,0.0708,3937.5,2062.5,1875,0.0676,3750,2156.25,1593.75,0.0755,2437.5,2062.5,375,0.0959,7218.75,2343.75,4875,0.3051,5437.5,2437.5,3000,0.0786,5343.75,3562.5,1781.25,0.0896,6093.75,4500,1593.75,0.1478,4406.25,2250,2156.25,0.0598,6375,3187.5,3187.5,0.0566,6375,3281.25,3093.75,0.0613,6281.25,3281.25,3000,0.1384,5437.5,2531.25,2906.25,0.0566,4875,2718.75,2156.25,0.0912,3375,2156.25,1218.75,,,,,,,,,,,,,,,,,,,,,,,,,,,,,,,,,,,,,,,,,,,,,,,,,,,,,,,,,,,,,,,,,,,,,,,,,,,,,,,,,,,,,,,,,,,,,,,,,,,,,,,,
GC-BCVI-OSKW-25-6,d,11,4,49,2,0.429,6187.5,2062.5,4125,0.1471,6187.5,3468.75,2718.75,0.0511,4593.75,2062.5,2531.25,0.0434,4500,2343.75,2156.25,0.0697,3375,2812.5,562.5,,,,,,,,,,,,,,,,,,,,,,,,,,,,,,,,,,,,,,,,,,,,,,,,,,,,,,,,,,,,,,,,,,,,,,,,,,,,,,,,,,,,,,,,,,,,,,,,,,,,,,,,,,,,,,,,,,,,,,,,,,,,,,,,,,,,,,,,,,,,,,,,
GC-BCVI-OSKW-25-7,e,11,5,49,3,0.5034,7875,2250,5625,0.1345,7875,3843.75,4031.25,0.0645,4781.25,2625,2156.25,0.0578,3468.75,2250,1218.75,0.0833,7125,2531.25,4593.75,0.0833,6562.5,4406.25,2156.25,,,,,,,,,,,,,,,,,,,,,,,,,,,,,,,,,,,,,,,,,,,,,,,,,,,,,,,,,,,,,,,,,,,,,,,,,,,,,,,,,,,,,,,,,,,,,,,,,,,,,,,,,,,,,,,,,,,,,,,,,,,,,,,,,,,,,,,,,,,,
GC-BCVI-OSKW-25-8,f,11,5,49,3,0.5348,5718.75,2156.25,3562.5,0.1708,5531.25,3468.75,2062.5,0.0548,4968.75,3750,1218.75,0.0468,5343.75,3562.5,1781.25,0.0492,5718.75,3468.75,2250,0.1007,3468.75,2156.25,1312.5,,,,,,,,,,,,,,,,,,,,,,,,,,,,,,,,,,,,,,,,,,,,,,,,,,,,,,,,,,,,,,,,,,,,,,,,,,,,,,,,,,,,,,,,,,,,,,,,,,,,,,,,,,,,,,,,,,,,,,,,,,,,,,,,,,,,,,,,,,,,
GC-BCVI-OSKW-25-9,g,11,4,49,3,0.5684,5625,2250,3375,0.1885,5625,4312.5,1312.5,0.064,5250,2906.25,2343.75,0.0661,5156.25,2531.25,2625,0.1379,4875,2250,2625,,,,,,,,,,,,,,,,,,,,,,,,,,,,,,,,,,,,,,,,,,,,,,,,,,,,,,,,,,,,,,,,,,,,,,,,,,,,,,,,,,,,,,,,,,,,,,,,,,,,,,,,,,,,,,,,,,,,,,,,,,,,,,,,,,,,,,,,,,,,,,,,
GC-BCVI-OSKW-25-10,h,11,16,49,7,1.8036,8250,2062.5,6187.5,0.1554,8250,4781.25,3468.75,0.0524,3843.75,2156.25,1687.5,0.049,3843.75,3000,843.75,0.0524,4125,2812.5,1312.5,0.0507,3843.75,2062.5,1781.25,0.1165,5343.75,3562.5,1781.25,0.0811,6656.25,4875,1781.25,0.0794,6656.25,5250,1406.25,0.0794,7218.75,3937.5,3281.25,0.1385,4312.5,2250,2062.5,0.0591,5437.5,3375,2062.5,0.054,6656.25,3937.5,2718.75,0.0557,6750,3843.75,2906.25,0.0608,6750,3843.75,2906.25,0.103,5250,2062.5,3187.5,0.1638,7312.5,3843.75,3468.75,,,,,,,,,,,,,,,,,,,,,,,,,,,,,,,,,,,,,,,,,,,,,,,,,,,,,,,,,,,,,,,,,,,,,,,,,,,,,,,,,,,,,,,,,,,,,,,,
GC-BCVI-OSKW-25-11,c,11,19,49,12,2.3086,7781.25,2062.5,5718.75,0.1194,5625,2812.5,2812.5,0.0864,6093.75,2437.5,3656.25,0.0422,7125,5062.5,2062.5,0.0404,7218.75,6000,1218.75,0.0458,7781.25,7406.25,375,0.0737,4125,2250,1875,0.0728,3562.5,2062.5,1500,0.0665,3562.5,2156.25,1406.25,0.106,6093.75,4031.25,2062.5,0.2741,5625,2625,3000,0.0746,5906.25,4593.75,1312.5,0.0925,6000,4687.5,1312.5,0.1222,5531.25,2625,2906.25,0.0593,6562.5,3281.25,3281.25,0.0575,6093.75,4875,1218.75,0.0656,6093.75,5062.5,1031.25,0.1276,5062.5,2343.75,2718.75,0.0422,4875,3000,1875,0.0791,3187.5,2250,937.5,,,,,,,,,,,,,,,,,,,,,,,,,,,,,,,,,,,,,,,,,,,,,,,,,,,,,,,,,,,,,,,,,,,,,,,,,,,,,,,,,,,,
GC-BCVI-OSKW-25-12,i,11,3,49,3,0.4994,7218.75,2062.5,5156.25,0.1341,6187.5,2062.5,4125,0.115,4875,3187.5,1687.5,0.1491,7218.75,5437.5,1781.25,,,,,,,,,,,,,,,,,,,,,,,,,,,,,,,,,,,,,,,,,,,,,,,,,,,,,,,,,,,,,,,,,,,,,,,,,,,,,,,,,,,,,,,,,,,,,,,,,,,,,,,,,,,,,,,,,,,,,,,,,,,,,,,,,,,,,,,,,,,,,,,,,,,,
GC-BCVI-OSKW-25-13,h,11,19,49,10,2.4323,8156.25,2156.25,6000,0.2371,5718.75,2906.25,2812.5,0.0766,3468.75,2156.25,1312.5,0.0575,3281.25,2250,1031.25,0.1605,8156.25,5437.5,2718.75,0.0479,3843.75,2343.75,1500,0.0551,3937.5,2250,1687.5,0.0443,4312.5,2250,2062.5,0.0515,4125,2250,1875,0.0503,4031.25,2250,1781.25,0.1078,5625,2812.5,2812.5,0.0683,7593.75,3937.5,3656.25,0.0778,7031.25,4312.5,2718.75,0.1545,4312.5,2625,1687.5,0.0551,5250,3750,1500,0.0575,6562.5,3843.75,2718.75,0.0551,6562.5,3843.75,2718.75,0.0575,6937.5,3750,3187.5,0.1293,5718.75,2156.25,3562.5,0.1677,5812.5,3656.25,2156.25,,,,,,,,,,,,,,,,,,,,,,,,,,,,,,,,,,,,,,,,,,,,,,,,,,,,,,,,,,,,,,,,,,,,,,,,,,,,,,,,,,,,
GC-BCVI-OSKW-25-14,f,11,5,49,3,0.5954,5437.5,2343.75,3093.75,0.1771,5062.5,2343.75,2718.75,0.0607,5437.5,3468.75,1968.75,0.0489,5156.25,3281.25,1875,0.0607,5343.75,2906.25,2437.5,0.0725,3468.75,2343.75,1125,,,,,,,,,,,,,,,,,,,,,,,,,,,,,,,,,,,,,,,,,,,,,,,,,,,,,,,,,,,,,,,,,,,,,,,,,,,,,,,,,,,,,,,,,,,,,,,,,,,,,,,,,,,,,,,,,,,,,,,,,,,,,,,,,,,,,,,,,,,,
GC-BCVI-OSKW-25-15,e,11,5,49,3,0.5345,7031.25,2156.25,4875,0.1305,5062.5,2437.5,2625,0.0538,3093.75,2250,843.75,0.0503,2812.5,2343.75,468.75,0.0653,7031.25,2156.25,4875,0.0564,5812.5,3562.5,2250,,,,,,,,,,,,,,,,,,,,,,,,,,,,,,,,,,,,,,,,,,,,,,,,,,,,,,,,,,,,,,,,,,,,,,,,,,,,,,,,,,,,,,,,,,,,,,,,,,,,,,,,,,,,,,,,,,,,,,,,,,,,,,,,,,,,,,,,,,,,
GC-BCVI-OSKW-25-16,c,11,19,49,12,2.2101,7875,1968.75,5906.25,0.1021,6656.25,2531.25,4125,0.0797,4406.25,2531.25,1875,0.0448,6843.75,5062.5,1781.25,0.0399,7125,6000,1125,0.0498,7875,7687.5,187.5,0.0722,3562.5,2062.5,1500,0.066,3656.25,1968.75,1687.5,0.0722,3656.25,2062.5,1593.75,0.3151,7125,2531.25,4593.75,0.0797,5250,3656.25,1593.75,0.0747,5250,4125,1125,0.1333,3937.5,2156.25,1781.25,0.0573,6375,3281.25,3093.75,0.0548,6375,5250,1125,0.0623,6468.75,3187.5,3281.25,0.0561,6375,3187.5,3187.5,0.1258,4968.75,2437.5,2531.25,0.0436,4781.25,2531.25,2250,0.0698,3375,2156.25,1218.75,,,,,,,,,,,,,,,,,,,,,,,,,,,,,,,,,,,,,,,,,,,,,,,,,,,,,,,,,,,,,,,,,,,,,,,,,,,,,,,,,,,,
GC-BCVI-OSKW-25-17,g,11,4,49,3,0.6587,5343.75,2156.25,3187.5,0.2599,5343.75,3281.25,2062.5,0.0594,5250,2437.5,2812.5,0.0627,4875,2156.25,2718.75,0.1535,4312.5,2250,2062.5,,,,,,,,,,,,,,,,,,,,,,,,,,,,,,,,,,,,,,,,,,,,,,,,,,,,,,,,,,,,,,,,,,,,,,,,,,,,,,,,,,,,,,,,,,,,,,,,,,,,,,,,,,,,,,,,,,,,,,,,,,,,,,,,,,,,,,,,,,,,,,,,
GC-BCVI-OSKW-25-18,h,11,12,49,6,1.4013,7593.75,2156.25,5437.5,0.1455,5906.25,2156.25,3750,0.0558,5437.5,2156.25,3281.25,0.0419,3750,2437.5,1312.5,0.0718,3656.25,2437.5,1218.75,0.0498,5437.5,3562.5,1875,0.0518,5250,3750,1500,0.0598,6843.75,3750,3093.75,0.0578,7593.75,3750,3843.75,0.1316,5062.5,2156.25,2906.25,0.1575,6562.5,3562.5,3000,0.0817,3468.75,2531.25,937.5,0.0698,3187.5,2250,937.5,,,,,,,,,,,,,,,,,,,,,,,,,,,,,,,,,,,,,,,,,,,,,,,,,,,,,,,,,,,,,,,,,,,,,,,,,,,,,,,,,,,,,,,,,,,,,,,,,,,,,,,,,,,,,,,,
GC-BCVI-OSKW-25-19,e,11,5,49,3,0.4959,6187.5,2531.25,3656.25,0.1357,5343.75,2531.25,2812.5,0.0626,3843.75,2718.75,1125,0.0637,3468.75,2531.25,937.5,0.0804,6187.5,3468.75,2718.75,0.0762,5812.5,3937.5,1875,,,,,,,,,,,,,,,,,,,,,,,,,,,,,,,,,,,,,,,,,,,,,,,,,,,,,,,,,,,,,,,,,,,,,,,,,,,,,,,,,,,,,,,,,,,,,,,,,,,,,,,,,,,,,,,,,,,,,,,,,,,,,,,,,,,,,,,,,,,,
GC-BCVI-OSKW-25-20,c,11,18,49,12,2.3497,7312.5,2062.5,5250,0.1479,5343.75,2718.75,2625,0.1233,4687.5,2531.25,2156.25,0.1553,7312.5,4781.25,2531.25,0.0789,4125,2062.5,2062.5,0.0789,3656.25,2062.5,1593.75,0.0814,3656.25,2156.25,1500,0.106,6000,3468.75,2531.25,0.2416,4687.5,2531.25,2156.25,0.0888,5531.25,3750,1781.25,0.0863,5718.75,3937.5,1781.25,0.1455,4218.75,2437.5,1781.25,0.0592,5906.25,3187.5,2718.75,0.0592,6000,3187.5,2812.5,0.0666,6093.75,3000,3093.75,0.0789,5718.75,3093.75,2625,0.1405,4687.5,2437.5,2250,0.0493,4406.25,2250,2156.25,0.0962,3562.5,2156.25,1406.25,,,,,,,,,,,,,,,,,,,,,,,,,,,,,,,,,,,,,,,,,,,,,,,,,,,,,,,,,,,,,,,,,,,,,,,,,,,,,,,,,,,,,,,,
GC-BCVI-OSKW-25-21,f,11,5,49,3,0.5351,5343.75,2062.5,3281.25,0.1601,5250,4125,1125,0.0448,5343.75,3093.75,2250,0.042,4500,3000,1500,0.0406,5343.75,3375,1968.75,0.0939,3562.5,2062.5,1500,,,,,,,,,,,,,,,,,,,,,,,,,,,,,,,,,,,,,,,,,,,,,,,,,,,,,,,,,,,,,,,,,,,,,,,,,,,,,,,,,,,,,,,,,,,,,,,,,,,,,,,,,,,,,,,,,,,,,,,,,,,,,,,,,,,,,,,,,,,,
GC-BCVI-OSKW-25-22,g,11,4,49,3,0.6322,6656.25,2343.75,4312.5,0.0514,5437.5,2531.25,2906.25,0.0543,4968.75,2625,2343.75,0.1405,4500,2343.75,2156.25,0.1876,6656.25,3468.75,3187.5,,,,,,,,,,,,,,,,,,,,,,,,,,,,,,,,,,,,,,,,,,,,,,,,,,,,,,,,,,,,,,,,,,,,,,,,,,,,,,,,,,,,,,,,,,,,,,,,,,,,,,,,,,,,,,,,,,,,,,,,,,,,,,,,,,,,,,,,,,,,,,,,
GC-BCVI-OSKW-25-23,h,11,18,49,9,1.9889,7687.5,1968.75,5718.75,0.1381,7687.5,5531.25,2156.25,0.0511,4968.75,2250,2718.75,0.0457,4031.25,2812.5,1218.75,0.0484,3468.75,2343.75,1125,0.0475,3656.25,2437.5,1218.75,0.0969,5625,3562.5,2062.5,0.061,6937.5,4781.25,2156.25,0.0628,6656.25,4781.25,1875,0.1229,5812.5,2812.5,3000,0.0502,6281.25,3562.5,2718.75,0.0484,6468.75,3937.5,2531.25,0.0457,7125,5250,1875,0.052,7125,3937.5,3187.5,0.0969,5156.25,1968.75,3187.5,0.1588,6375,3937.5,2437.5,0.1588,6375,3937.5,2437.5,0.0754,3187.5,2343.75,843.75,0.0511,3187.5,2343.75,843.75,,,,,,,,,,,,,,,,,,,,,,,,,,,,,,,,,,,,,,,,,,,,,,,,,,,,,,,,,,,,,,,,,,,,,,,,,,,,,,,,,,,,,,,,
GC-BCVI-OSKW-25-24,h,11,8,49,4,0.9058,7500,2062.5,5437.5,0.0391,4218.75,3750,468.75,0.0461,7406.25,4031.25,3375,0.0451,7406.25,4031.25,3375,0.0492,7500,3937.5,3562.5,0.0943,4781.25,2062.5,2718.75,0.1425,6375,3843.75,2531.25,0.0742,4031.25,2531.25,1500,0.0813,3187.5,2343.75,843.75,,,,,,,,,,,,,,,,,,,,,,,,,,,,,,,,,,,,,,,,,,,,,,,,,,,,,,,,,,,,,,,,,,,,,,,,,,,,,,,,,,,,,,,,,,,,,,,,,,,,,,,,,,,,,,,,,,,,,,,,,,,,,,,,
GC-BCVI-OSKW-25-25,e,11,5,49,3,0.5035,7218.75,2343.75,4875,0.1214,7218.75,3656.25,3562.5,0.0578,3656.25,2531.25,1125,0.0592,3000,2343.75,656.25,0.0666,6562.5,4875,1687.5,0.0652,6656.25,4218.75,2437.5,,,,,,,,,,,,,,,,,,,,,,,,,,,,,,,,,,,,,,,,,,,,,,,,,,,,,,,,,,,,,,,,,,,,,,,,,,,,,,,,,,,,,,,,,,,,,,,,,,,,,,,,,,,,,,,,,,,,,,,,,,,,,,,,,,,,,,,,,,,,
GC-BCVI-OSKW-25-26,f,11,5,49,3,0.5604,5250,2250,3000,0.162,5062.5,4031.25,1031.25,0.0463,5250,3937.5,1312.5,0.048,4875,3656.25,1218.75,0.06,4593.75,3468.75,1125,0.1114,3843.75,2250,1593.75,,,,,,,,,,,,,,,,,,,,,,,,,,,,,,,,,,,,,,,,,,,,,,,,,,,,,,,,,,,,,,,,,,,,,,,,,,,,,,,,,,,,,,,,,,,,,,,,,,,,,,,,,,,,,,,,,,,,,,,,,,,,,,,,,,,,,,,,,,,,
GC-BCVI-OSKW-25-27,g,11,4,49,3,0.619,5531.25,2437.5,3093.75,0.1876,5531.25,4031.25,1500,0.0571,5343.75,2812.5,2531.25,0.0578,4968.75,2812.5,2156.25,0.1329,4593.75,2437.5,2156.25,,,,,,,,,,,,,,,,,,,,,,,,,,,,,,,,,,,,,,,,,,,,,,,,,,,,,,,,,,,,,,,,,,,,,,,,,,,,,,,,,,,,,,,,,,,,,,,,,,,,,,,,,,,,,,,,,,,,,,,,,,,,,,,,,,,,,,,,,,,,,,,,
GC-BCVI-OSKW-25-28,c,11,19,49,12,2.3657,7875,2062.5,5812.5,0.1115,7875,2906.25,4968.75,0.0853,4968.75,3000,1968.75,0.0634,6656.25,5250,1406.25,0.0495,7875,6000,1875,0.0448,7781.25,6843.75,937.5,0.0727,3656.25,2156.25,1500,0.0649,3937.5,2062.5,1875,0.068,4031.25,2156.25,1875,0.0958,6937.5,3937.5,3000,0.2968,6000,2437.5,3562.5,0.0819,5156.25,3562.5,1593.75,0.0881,5625,3562.5,2062.5,0.1237,4031.25,2156.25,1875,0.051,6468.75,4875,1593.75,0.0572,6281.25,3375,2906.25,0.0665,6281.25,4875,1406.25,0.1345,4968.75,2437.5,2531.25,0.0464,4781.25,2718.75,2062.5,0.0974,3468.75,2156.25,1312.5,,,,,,,,,,,,,,,,,,,,,,,,,,,,,,,,,,,,,,,,,,,,,,,,,,,,,,,,,,,,,,,,,,,,,,,,,,,,,,,,,,,,
GC-BCVI-OSKW-25-29,g,11,4,49,3,0.5662,6468.75,2156.25,4312.5,0.1796,6468.75,4125,2343.75,0.063,5343.75,2625,2718.75,0.0668,5156.25,2718.75,2437.5,0.1364,5156.25,2156.25,3000,,,,,,,,,,,,,,,,,,,,,,,,,,,,,,,,,,,,,,,,,,,,,,,,,,,,,,,,,,,,,,,,,,,,,,,,,,,,,,,,,,,,,,,,,,,,,,,,,,,,,,,,,,,,,,,,,,,,,,,,,,,,,,,,,,,,,,,,,,,,,,,,
GC-BCVI-OSKW-25-30,d,11,4,49,2,0.4178,7218.75,2250,4968.75,0.1576,7218.75,3843.75,3375,0.0505,4968.75,2250,2718.75,0.0467,3750,2437.5,1312.5,0.0755,3750,2812.5,937.5,,,,,,,,,,,,,,,,,,,,,,,,,,,,,,,,,,,,,,,,,,,,,,,,,,,,,,,,,,,,,,,,,,,,,,,,,,,,,,,,,,,,,,,,,,,,,,,,,,,,,,,,,,,,,,,,,,,,,,,,,,,,,,,,,,,,,,,,,,,,,,,,
GC-BCVI-OSKW-25-31,h,11,6,49,3,0.067,7593.75,2062.5,5531.25,0.0495,5625,3750,1875,0.0495,7125,4031.25,3093.75,0.0495,7125,4031.25,3093.75,0.0535,7593.75,4875,2718.75,0.0917,5062.5,2062.5,3000,0.1508,6468.75,4031.25,2437.5,,,,,,,,,,,,,,,,,,,,,,,,,,,,,,,,,,,,,,,,,,,,,,,,,,,,,,,,,,,,,,,,,,,,,,,,,,,,,,,,,,,,,,,,,,,,,,,,,,,,,,,,,,,,,,,,,,,,,,,,,,,,,,,,,,,,,,,,
GC-BCVI-OSKW-25-32,g,11,4,49,3,0.5782,5437.5,2531.25,2906.25,0.1842,5062.5,3937.5,1125,0.0481,5437.5,3281.25,2156.25,0.0456,5437.5,3562.5,1875,0.1327,5250,2531.25,2718.75,,,,,,,,,,,,,,,,,,,,,,,,,,,,,,,,,,,,,,,,,,,,,,,,,,,,,,,,,,,,,,,,,,,,,,,,,,,,,,,,,,,,,,,,,,,,,,,,,,,,,,,,,,,,,,,,,,,,,,,,,,,,,,,,,,,,,,,,,,,,,,,,
GC-BCVI-OSKW-25-33,f,11,5,49,3,0.5271,5250,2250,3000,0.1458,5250,3937.5,1312.5,0.0455,4500,3656.25,843.75,0.0468,4593.75,3656.25,937.5,0.0475,4593.75,3750,843.75,0.0787,3375,2250,1125,,,,,,,,,,,,,,,,,,,,,,,,,,,,,,,,,,,,,,,,,,,,,,,,,,,,,,,,,,,,,,,,,,,,,,,,,,,,,,,,,,,,,,,,,,,,,,,,,,,,,,,,,,,,,,,,,,,,,,,,,,,,,,,,,,,,,,,,,,,,
GC-BCVI-OSKW-25-34,g,11,4,49,3,0.6246,5718.75,2343.75,3375,0.1819,5718.75,4406.25,1312.5,0.0491,5343.75,2812.5,2531.25,0.0507,4687.5,2437.5,2250,0.1457,4593.75,2343.75,2250,,,,,,,,,,,,,,,,,,,,,,,,,,,,,,,,,,,,,,,,,,,,,,,,,,,,,,,,,,,,,,,,,,,,,,,,,,,,,,,,,,,,,,,,,,,,,,,,,,,,,,,,,,,,,,,,,,,,,,,,,,,,,,,,,,,,,,,,,,,,,,,,
GC-BCVI-OSKW-25-35,h,11,14,49,7,1.4819,8062.5,2062.5,6000,0.1602,8062.5,2437.5,5625,0.0479,4312.5,2250,2062.5,0.0479,3468.75,2156.25,1312.5,0.0496,3750,2250,1500,0.0512,3750,2250,1500,0.1107,5625,3750,1875,0.0677,6937.5,3468.75,3468.75,0.0826,6562.5,4312.5,2250,0.1355,4312.5,2812.5,1500,0.0545,4312.5,3093.75,1218.75,0.0512,6093.75,3750,2343.75,0.0562,6187.5,3656.25,2531.25,0.0595,6000,3937.5,2062.5,0.0975,4312.5,2062.5,2250,,,,,,,,,,,,,,,,,,,,,,,,,,,,,,,,,,,,,,,,,,,,,,,,,,,,,,,,,,,,,,,,,,,,,,,,,,,,,,,,,,,,,,,,,,,,,,,,,,,,,,,,
GC-BCVI-OSKW-25-36,g,11,4,49,3,0.6282,5531.25,2156.25,3375,0.1819,5531.25,4312.5,1218.75,0.0511,5156.25,2812.5,2343.75,0.0448,4781.25,2812.5,1968.75,0.1357,4875,2156.25,2718.75,,,,,,,,,,,,,,,,,,,,,,,,,,,,,,,,,,,,,,,,,,,,,,,,,,,,,,,,,,,,,,,,,,,,,,,,,,,,,,,,,,,,,,,,,,,,,,,,,,,,,,,,,,,,,,,,,,,,,,,,,,,,,,,,,,,,,,,,,,,,,,,,
GC-BCVI-OSKW-25-37,c,11,19,49,12,2.2238,7312.5,2062.5,5250,0.1056,6187.5,2437.5,3750,0.0787,5062.5,2531.25,2531.25,0.0404,5812.5,4875,937.5,0.0435,7312.5,5718.75,1593.75,0.0466,7125,5343.75,1781.25,0.0528,3843.75,2156.25,1687.5,0.06,3656.25,2062.5,1593.75,0.06,3750,2250,1500,0.1553,6281.25,3375,2906.25,0.146,5718.75,3187.5,2531.25,0.0704,6000,3562.5,2437.5,0.0776,5156.25,3750,1406.25,0.1325,4500,2531.25,1968.75,0.0435,6000,3093.75,2906.25,0.0559,5718.75,4406.25,1312.5,0.06,6000,3093.75,2906.25,0.1263,4968.75,2437.5,2531.25,0.0373,4500,2906.25,1593.75,0.0776,3281.25,2343.75,937.5,,,,,,,,,,,,,,,,,,,,,,,,,,,,,,,,,,,,,,,,,,,,,,,,,,,,,,,,,,,,,,,,,,,,,,,,,,,,,,,,,,,,
GC-BCVI-OSKW-25-38,e,11,5,49,3,0.5334,6093.75,2437.5,3656.25,0.1242,5156.25,2437.5,2718.75,0.0598,3843.75,2718.75,1125,0.0465,3281.25,2625,656.25,0.0717,6093.75,3187.5,2906.25,0.0804,5906.25,4406.25,1500,,,,,,,,,,,,,,,,,,,,,,,,,,,,,,,,,,,,,,,,,,,,,,,,,,,,,,,,,,,,,,,,,,,,,,,,,,,,,,,,,,,,,,,,,,,,,,,,,,,,,,,,,,,,,,,,,,,,,,,,,,,,,,,,,,,,,,,,,,,,
GC-BCVI-OSKW-25-39,c,11,2,49,1,0.1419,3843.75,2156.25,1687.5,0.0656,3843.75,2156.25,1687.5,0.0607,3656.25,2156.25,1500,,,,,,,,,,,,,,,,,,,,,,,,,,,,,,,,,,,,,,,,,,,,,,,,,,,,,,,,,,,,,,,,,,,,,,,,,,,,,,,,,,,,,,,,,,,,,,,,,,,,,,,,,,,,,,,,,,,,,,,,,,,,,,,,,,,,,,,,,,,,,,,,,,,,,,,,
GC-BCVI-OSKW-25-40,g,11,4,49,3,0.6413,5812.5,2062.5,3750,0.2261,5812.5,3937.5,1875,0.0737,5343.75,2718.75,2625,0.0681,5062.5,2625,2437.5,0.1379,4312.5,2062.5,2250,,,,,,,,,,,,,,,,,,,,,,,,,,,,,,,,,,,,,,,,,,,,,,,,,,,,,,,,,,,,,,,,,,,,,,,,,,,,,,,,,,,,,,,,,,,,,,,,,,,,,,,,,,,,,,,,,,,,,,,,,,,,,,,,,,,,,,,,,,,,,,,,
GC-BCVI-OSKW-25-41,d,11,5,49,2,0.4436,5718.75,2156.25,3562.5,0.1736,5718.75,3562.5,2156.25,0.0524,4687.5,2156.25,2531.25,0.0463,3750,2531.25,1218.75,0.0435,4687.5,2625,2062.5,0.0485,4312.5,2812.5,1500,,,,,,,,,,,,,,,,,,,,,,,,,,,,,,,,,,,,,,,,,,,,,,,,,,,,,,,,,,,,,,,,,,,,,,,,,,,,,,,,,,,,,,,,,,,,,,,,,,,,,,,,,,,,,,,,,,,,,,,,,,,,,,,,,,,,,,,,,,,,
GC-BCVI-OSKW-25-42,h,11,9,49,4,0.9701,7031.25,2062.5,4968.75,0.0497,5250,3468.75,1781.25,0.0497,5250,3468.75,1781.25,0.0518,7031.25,4031.25,3000,0.0476,7031.25,3750,3281.25,0.1259,4781.25,2062.5,2718.75,0.1523,6281.25,3937.5,2343.75,0.0793,3468.75,2437.5,1031.25,0.0656,3093.75,2437.5,656.25,0.0741,3281.25,2156.25,1125,,,,,,,,,,,,,,,,,,,,,,,,,,,,,,,,,,,,,,,,,,,,,,,,,,,,,,,,,,,,,,,,,,,,,,,,,,,,,,,,,,,,,,,,,,,,,,,,,,,,,,,,,,,,,,,,,,,,,,,,,,,,
GC-BCVI-OSKW-25-43,d,11,4,49,2,0.4188,6000,2250,3750,0.1396,6000,4125,1875,0.0424,5437.5,2250,3187.5,0.0368,4781.25,2531.25,2250,0.0773,4875,3000,1875,,,,,,,,,,,,,,,,,,,,,,,,,,,,,,,,,,,,,,,,,,,,,,,,,,,,,,,,,,,,,,,,,,,,,,,,,,,,,,,,,,,,,,,,,,,,,,,,,,,,,,,,,,,,,,,,,,,,,,,,,,,,,,,,,,,,,,,,,,,,,,,,
GC-BCVI-OSKW-25-44,h,11,8,49,4,0.9412,6562.5,2156.25,4406.25,0.0539,6468.75,4031.25,2437.5,0.0518,6093.75,4031.25,2062.5,0.0518,6562.5,4125,2437.5,0.1088,4500,2156.25,2343.75,0.1627,6093.75,3843.75,2250,0.0676,3468.75,2625,843.75,0.0623,3375,2437.5,937.5,0.0539,3375,2625,750,,,,,,,,,,,,,,,,,,,,,,,,,,,,,,,,,,,,,,,,,,,,,,,,,,,,,,,,,,,,,,,,,,,,,,,,,,,,,,,,,,,,,,,,,,,,,,,,,,,,,,,,,,,,,,,,,,,,,,,,,,,,,,,,
GC-BCVI-OSKW-25-45,j,11,5,49,3,0.4945,7312.5,3093.75,4218.75,0.1063,6281.25,4875,1406.25,0.0836,4687.5,3093.75,1593.75,0.0397,6750,5531.25,1218.75,0.0213,7031.25,6937.5,93.75,0.0375,7312.5,7125,187.5,,,,,,,,,,,,,,,,,,,,,,,,,,,,,,,,,,,,,,,,,,,,,,,,,,,,,,,,,,,,,,,,,,,,,,,,,,,,,,,,,,,,,,,,,,,,,,,,,,,,,,,,,,,,,,,,,,,,,,,,,,,,,,,,,,,,,,,,,,,,
GC-BCVI-OSKW-25-46,h,11,7,49,4,0.8439,7218.75,2343.75,4875,0.0411,7218.75,3937.5,3281.25,0.0347,7218.75,3937.5,3281.25,0.0903,4781.25,2531.25,2250,0.135,6468.75,3937.5,2531.25,0.0657,3750,2531.25,1218.75,0.0629,3187.5,2625,562.5,0.0648,2906.25,2343.75,562.5,,,,,,,,,,,,,,,,,,,,,,,,,,,,,,,,,,,,,,,,,,,,,,,,,,,,,,,,,,,,,,,,,,,,,,,,,,,,,,,,,,,,,,,,,,,,,,,,,,,,,,,,,,,,,,,,,,,,,,,,,,,,,,,,,,,,
GC-BCVI-OSKW-25-47,c,11,11,49,8,1.4119,6937.5,2250,4687.5,0.1196,6937.5,3937.5,3000,0.1642,5437.5,3281.25,2156.25,0.0648,5906.25,3750,2156.25,0.062,5625,3937.5,1687.5,0.1052,3562.5,2343.75,1218.75,0.0533,5812.5,3375,2437.5,0.0475,6468.75,5156.25,1312.5,0.049,6468.75,3375,3093.75,0.1354,4687.5,2812.5,1875,0.0389,4593.75,2531.25,2062.5,0.0634,3656.25,2250,1406.25,,,,,,,,,,,,,,,,,,,,,,,,,,,,,,,,,,,,,,,,,,,,,,,,,,,,,,,,,,,,,,,,,,,,,,,,,,,,,,,,,,,,,,,,,,,,,,,,,,,,,,,,,,,,,,,,,,,,
GC-BCVI-OSKW-25-48,j,11,5,49,3,0.456,7218.75,2718.75,4500,0.1115,6375,4781.25,1593.75,0.0681,4593.75,2718.75,1875,0.0336,6750,5531.25,1218.75,0.0257,7218.75,6562.5,656.25,0.0257,7218.75,7125,93.75,,,,,,,,,,,,,,,,,,,,,,,,,,,,,,,,,,,,,,,,,,,,,,,,,,,,,,,,,,,,,,,,,,,,,,,,,,,,,,,,,,,,,,,,,,,,,,,,,,,,,,,,,,,,,,,,,,,,,,,,,,,,,,,,,,,,,,,,,,,,
GC-BCVI-OSKW-25-49,k,11,10,49,3,1.0151,7500,3375,4125,0.0427,5343.75,3843.75,1500,0.0377,7218.75,5156.25,2062.5,0.0427,6843.75,5062.5,1781.25,0.1495,3937.5,3562.5,375,0.0641,7500,3937.5,3562.5,0.0628,7218.75,3937.5,3281.25,0.0616,6281.25,3468.75,2812.5,0.059,5718.75,3562.5,2156.25,0.0528,5250,3562.5,1687.5,0.054,4687.5,3375,1312.5,,,,,,,,,,,,,,,,,,,,,,,,,,,,,,,,,,,,,,,,,,,,,,,,,,,,,,,,,,,,,,,,,,,,,,,,,,,,,,,,,,,,,,,,,,,,,,,,,,,,,,,,,,,,,,,,,,,,,,,,
GC-BCVI-OSKW-25-50,k,11,10,49,3,0.9953,7875,2531.25,5343.75,0.0318,4968.75,4218.75,750,0.0388,5343.75,4218.75,1125,0.0518,5906.25,4312.5,1593.75,0.1753,3937.5,2531.25,1406.25,0.0694,7875,4593.75,3281.25,0.0553,7312.5,4593.75,2718.75,0.0565,6468.75,4312.5,2156.25,0.0506,6000,2718.75,3281.25,0.0482,5156.25,3750,1406.25,0.0506,4968.75,3187.5,1781.25,,,,,,,,,,,,,,,,,,,,,,,,,,,,,,,,,,,,,,,,,,,,,,,,,,,,,,,,,,,,,,,,,,,,,,,,,,,,,,,,,,,,,,,,,,,,,,,,,,,,,,,,,,,,,,,,,,,,,,,,
GC-BCVI-RBMS-25-1,a,23,10,58,5,0.8045,5906.25,2156.25,3750,0.0409,5156.25,3656.25,1500,0.0549,5437.5,4218.75,1218.75,0.0529,5531.25,3750,1781.25,0.1257,5156.25,2718.75,2437.5,0.0619,3656.25,2250,1406.25,0.0659,3468.75,2250,1218.75,0.0539,3562.5,2156.25,1406.25,0.0639,3562.5,2156.25,1406.25,0.0409,5906.25,3093.75,2812.5,,,,,,,,,,,,,,,,,,,,,,,,,,,,,,,,,,,,,,,,,,,,,,,,,,,,,,,,,,,,,,,,,,,,,,,,,,,,,,,,,,,,,,,,,,,,,,,,,,,,,,,,,,,,,,,,,,,,,,,,,,,,
GC-BCVI-RBMS-25-2,b,23,5,58,2,0.4601,6000,2343.75,3656.25,0.0829,6000,4687.5,1312.5,0.0797,5906.25,4593.75,1312.5,0.078,4687.5,2343.75,2343.75,0.0634,3468.75,2343.75,1125,0.065,3656.25,2625,1031.25,,,,,,,,,,,,,,,,,,,,,,,,,,,,,,,,,,,,,,,,,,,,,,,,,,,,,,,,,,,,,,,,,,,,,,,,,,,,,,,,,,,,,,,,,,,,,,,,,,,,,,,,,,,,,,,,,,,,,,,,,,,,,,,,,,,,,,,,,,,,
GC-BCVI-RBMS-25-3,c,23,4,58,2,0.6127,6468.75,2250,4218.75,0.0584,6468.75,4687.5,1781.25,0.0766,5812.5,4687.5,1125,0.1149,5343.75,3843.75,1500,0.1167,4687.5,2250,2437.5,,,,,,,,,,,,,,,,,,,,,,,,,,,,,,,,,,,,,,,,,,,,,,,,,,,,,,,,,,,,,,,,,,,,,,,,,,,,,,,,,,,,,,,,,,,,,,,,,,,,,,,,,,,,,,,,,,,,,,,,,,,,,,,,,,,,,,,,,,,,,,,,
GC-BCVI-RBMS-25-4,d,23,10,58,6,1.1716,6281.25,2250,4031.25,0.0885,6281.25,4875,1406.25,0.0743,5906.25,4500,1406.25,0.0714,3937.5,2343.75,1593.75,0.0657,3937.5,2531.25,1406.25,0.0657,3937.5,2531.25,1406.25,0.1371,4968.75,3093.75,1875,0.0686,5437.5,3843.75,1593.75,0.0657,5062.5,3375,1687.5,0.0771,5156.25,4500,656.25,0.1428,5718.75,2250,3468.75,,,,,,,,,,,,,,,,,,,,,,,,,,,,,,,,,,,,,,,,,,,,,,,,,,,,,,,,,,,,,,,,,,,,,,,,,,,,,,,,,,,,,,,,,,,,,,,,,,,,,,,,,,,,,,,,,,,,,,,,
GC-BCVI-RBMS-25-5,e,23,6,58,2,0.6089,6093.75,2718.75,3375,0.0969,6093.75,4781.25,1312.5,0.0872,5531.25,3562.5,1968.75,0.0711,5156.25,2718.75,2437.5,0.0662,5062.5,3281.25,1781.25,0.063,5062.5,3375,1687.5,0.0743,5343.75,3750,1593.75,,,,,,,,,,,,,,,,,,,,,,,,,,,,,,,,,,,,,,,,,,,,,,,,,,,,,,,,,,,,,,,,,,,,,,,,,,,,,,,,,,,,,,,,,,,,,,,,,,,,,,,,,,,,,,,,,,,,,,,,,,,,,,,,,,,,,,,,
GC-BCVI-RBMS-25-14,f,23,5,58,2,0.4194,6187.5,2718.75,3468.75,0.0477,6187.5,4218.75,1968.75,0.0566,5625,4500,1125,0.0555,5531.25,4312.5,1218.75,0.0566,5437.5,4406.25,1031.25,0.0877,4406.25,2718.75,1687.5,,,,,,,,,,,,,,,,,,,,,,,,,,,,,,,,,,,,,,,,,,,,,,,,,,,,,,,,,,,,,,,,,,,,,,,,,,,,,,,,,,,,,,,,,,,,,,,,,,,,,,,,,,,,,,,,,,,,,,,,,,,,,,,,,,,,,,,,,,,,
GC-BCVI-RBMS-25-15,g,23,4,58,2,0.5364,6187.5,2718.75,3468.75,0.2734,6187.5,3375,2812.5,0.0687,5156.25,3468.75,1687.5,0.0732,4312.5,2718.75,1593.75,0.0702,3843.75,2718.75,1125,,,,,,,,,,,,,,,,,,,,,,,,,,,,,,,,,,,,,,,,,,,,,,,,,,,,,,,,,,,,,,,,,,,,,,,,,,,,,,,,,,,,,,,,,,,,,,,,,,,,,,,,,,,,,,,,,,,,,,,,,,,,,,,,,,,,,,,,,,,,,,,,
GC-BCVI-RBMS-25-16,h,23,1,58,1,0.116,5437.5,3468.75,1968.75,0.116,5437.5,3468.75,1968.75,,,,,,,,,,,,,,,,,,,,,,,,,,,,,,,,,,,,,,,,,,,,,,,,,,,,,,,,,,,,,,,,,,,,,,,,,,,,,,,,,,,,,,,,,,,,,,,,,,,,,,,,,,,,,,,,,,,,,,,,,,,,,,,,,,,,,,,,,,,,,,,,,,,,,,,,,,,,
GC-BCVI-RBMS-25-20,i,23,4,58,2,0.4006,5156.25,2437.5,2718.75,0.0489,5156.25,4312.5,843.75,0.0448,5156.25,4781.25,375,0.0681,5062.5,4781.25,281.25,0.1425,3750,2437.5,1312.5,,,,,,,,,,,,,,,,,,,,,,,,,,,,,,,,,,,,,,,,,,,,,,,,,,,,,,,,,,,,,,,,,,,,,,,,,,,,,,,,,,,,,,,,,,,,,,,,,,,,,,,,,,,,,,,,,,,,,,,,,,,,,,,,,,,,,,,,,,,,,,,,
GC-BCVI-RBMS-25-27,i,23,4,58,2,0.3999,5250,2437.5,2812.5,0.0505,5250,4500,750,0.0568,4968.75,4406.25,562.5,0.0568,4875,4593.75,281.25,0.1451,4968.75,2437.5,2531.25,,,,,,,,,,,,,,,,,,,,,,,,,,,,,,,,,,,,,,,,,,,,,,,,,,,,,,,,,,,,,,,,,,,,,,,,,,,,,,,,,,,,,,,,,,,,,,,,,,,,,,,,,,,,,,,,,,,,,,,,,,,,,,,,,,,,,,,,,,,,,,,,
GC-BCVI-RBMS-25-29,j,23,2,58,2,0.7157,6093.75,3187.5,2906.25,0.1611,4781.25,3187.5,1593.75,0.4182,6093.75,3843.75,2250,,,,,,,,,,,,,,,,,,,,,,,,,,,,,,,,,,,,,,,,,,,,,,,,,,,,,,,,,,,,,,,,,,,,,,,,,,,,,,,,,,,,,,,,,,,,,,,,,,,,,,,,,,,,,,,,,,,,,,,,,,,,,,,,,,,,,,,,,,,,,,,,,,,,,,,,
GC-BCVI-RBMS-25-31,i,23,4,58,2,0.4072,5250,2437.5,2812.5,0.0392,5250,4687.5,562.5,0.0492,5062.5,4406.25,656.25,0.0526,5062.5,4125,937.5,0.1477,4125,2437.5,1687.5,,,,,,,,,,,,,,,,,,,,,,,,,,,,,,,,,,,,,,,,,,,,,,,,,,,,,,,,,,,,,,,,,,,,,,,,,,,,,,,,,,,,,,,,,,,,,,,,,,,,,,,,,,,,,,,,,,,,,,,,,,,,,,,,,,,,,,,,,,,,,,,,
GC-BCVI-RBMS-25-33,j,23,2,58,2,0.734,6656.25,2250,4406.25,0.1662,4968.75,3375,1593.75,0.4398,6656.25,2250,4406.25,,,,,,,,,,,,,,,,,,,,,,,,,,,,,,,,,,,,,,,,,,,,,,,,,,,,,,,,,,,,,,,,,,,,,,,,,,,,,,,,,,,,,,,,,,,,,,,,,,,,,,,,,,,,,,,,,,,,,,,,,,,,,,,,,,,,,,,,,,,,,,,,,,,,,,,,
GC-BCVI-RBMS-25-35,i,23,4,58,2,0.4163,5625,2343.75,3281.25,0.0508,5531.25,4406.25,1125,0.0653,5625,4593.75,1031.25,0.0653,5531.25,4312.5,1218.75,0.1523,3656.25,2343.75,1312.5,,,,,,,,,,,,,,,,,,,,,,,,,,,,,,,,,,,,,,,,,,,,,,,,,,,,,,,,,,,,,,,,,,,,,,,,,,,,,,,,,,,,,,,,,,,,,,,,,,,,,,,,,,,,,,,,,,,,,,,,,,,,,,,,,,,,,,,,,,,,,,,,
GC-BCVI-RBMS-25-37,k,23,4,58,3,0.5837,6281.25,2718.75,3562.5,0.1478,6281.25,3937.5,2343.75,0.0863,5437.5,2718.75,2718.75,0.0849,5250,3375,1875,0.1331,5062.5,3750,1312.5,,,,,,,,,,,,,,,,,,,,,,,,,,,,,,,,,,,,,,,,,,,,,,,,,,,,,,,,,,,,,,,,,,,,,,,,,,,,,,,,,,,,,,,,,,,,,,,,,,,,,,,,,,,,,,,,,,,,,,,,,,,,,,,,,,,,,,,,,,,,,,,,
GC-BCVI-RBMS-25-41,k,23,4,58,3,0.6253,6187.5,3187.5,3000,0.1521,6187.5,3562.5,2625,0.0864,5531.25,3187.5,2343.75,0.092,5156.25,3187.5,1968.75,0.1934,4968.75,3187.5,1781.25,,,,,,,,,,,,,,,,,,,,,,,,,,,,,,,,,,,,,,,,,,,,,,,,,,,,,,,,,,,,,,,,,,,,,,,,,,,,,,,,,,,,,,,,,,,,,,,,,,,,,,,,,,,,,,,,,,,,,,,,,,,,,,,,,,,,,,,,,,,,,,,,
GC-BCVI-RBMS-25-42,j,23,2,58,2,0.7093,6375,3000,3375,0.1703,4875,3000,1875,0.4233,6375,3000,3375,,,,,,,,,,,,,,,,,,,,,,,,,,,,,,,,,,,,,,,,,,,,,,,,,,,,,,,,,,,,,,,,,,,,,,,,,,,,,,,,,,,,,,,,,,,,,,,,,,,,,,,,,,,,,,,,,,,,,,,,,,,,,,,,,,,,,,,,,,,,,,,,,,,,,,,,
GC-BCVI-RBMS-25-48,l,23,7,58,2,0.5864,6093.75,2718.75,3375,0.1446,6093.75,4312.5,1781.25,0.0356,4125,3187.5,937.5,0.0642,4781.25,2718.75,2062.5,0.0472,4218.75,3093.75,1125,0.0518,4031.25,3750,281.25,0.0526,5250,3187.5,2062.5,0.0479,3562.5,2812.5,750,,,,,,,,,,,,,,,,,,,,,,,,,,,,,,,,,,,,,,,,,,,,,,,,,,,,,,,,,,,,,,,,,,,,,,,,,,,,,,,,,,,,,,,,,,,,,,,,,,,,,,,,,,,,,,,,,,,,,,,,,,,,,,,,,,,,
GC-BCVI-RBMS-25-51,l,23,7,58,2,0.558,9187.5,2343.75,6843.75,0.1404,9187.5,2343.75,6843.75,0.0434,4593.75,3468.75,1125,0.0416,3750,3093.75,656.25,0.0554,5250,3000,2250,0.0494,3750,3093.75,656.25,0.0567,3937.5,3468.75,468.75,0.0506,4687.5,3281.25,1406.25,,,,,,,,,,,,,,,,,,,,,,,,,,,,,,,,,,,,,,,,,,,,,,,,,,,,,,,,,,,,,,,,,,,,,,,,,,,,,,,,,,,,,,,,,,,,,,,,,,,,,,,,,,,,,,,,,,,,,,,,,,,,,,,,,,,,
GC-BCVI-RBMS-25-52,m,23,5,58,2,0.5137,5718.75,2343.75,3375,0.1662,5718.75,4031.25,1687.5,0.0827,4593.75,2343.75,2250,0.0784,4218.75,3093.75,1125,0.0818,4218.75,2625,1593.75,0.0767,3843.75,2718.75,1125,,,,,,,,,,,,,,,,,,,,,,,,,,,,,,,,,,,,,,,,,,,,,,,,,,,,,,,,,,,,,,,,,,,,,,,,,,,,,,,,,,,,,,,,,,,,,,,,,,,,,,,,,,,,,,,,,,,,,,,,,,,,,,,,,,,,,,,,,,,,
GC-BCVI-RBMS-25-59,n,23,18,58,3,1.3686,5718.75,2531.25,3187.5,0.1338,4968.75,2531.25,2437.5,0.1312,5718.75,3281.25,2437.5,0.0407,4312.5,3750,562.5,0.0499,4781.25,3281.25,1500,0.0525,4875,3375,1500,0.0472,5625,2906.25,2718.75,0.0472,5531.25,3937.5,1593.75,0.0486,5156.25,3468.75,1687.5,0.0446,5062.5,3562.5,1500,0.0538,5343.75,3562.5,1781.25,0.0499,5437.5,2718.75,2718.75,0.0486,5531.25,4687.5,843.75,0.0486,4875,3375,1500,0.0367,4031.25,3093.75,937.5,0.0381,4218.75,2812.5,1406.25,0.0499,4125,2906.25,1218.75,0.0512,4125,3468.75,656.25,0.0486,4687.5,3093.75,1593.75,,,,,,,,,,,,,,,,,,,,,,,,,,,,,,,,,,,,,,,,,,,,,,,,,,,,,,,,,,,,,,,,,,,,,,,,,,,,,,,,,,,,,,,,
GC-BCVI-RBMS-25-60,m,23,5,58,2,0.5104,5812.5,2250,3562.5,0.1658,5812.5,4031.25,1781.25,0.0757,4781.25,3375,1406.25,0.0757,4218.75,3187.5,1031.25,0.0741,4031.25,3000,1031.25,0.0708,3750,2250,1500,,,,,,,,,,,,,,,,,,,,,,,,,,,,,,,,,,,,,,,,,,,,,,,,,,,,,,,,,,,,,,,,,,,,,,,,,,,,,,,,,,,,,,,,,,,,,,,,,,,,,,,,,,,,,,,,,,,,,,,,,,,,,,,,,,,,,,,,,,,,
GC-BCVI-RBMS-25-64,m,23,5,58,2,0.5261,5812.5,2625,3187.5,0.1748,5812.5,3562.5,2250,0.0786,4875,3468.75,1406.25,0.0717,4218.75,3000,1218.75,0.0682,4031.25,2718.75,1312.5,0.0769,3843.75,2625,1218.75,,,,,,,,,,,,,,,,,,,,,,,,,,,,,,,,,,,,,,,,,,,,,,,,,,,,,,,,,,,,,,,,,,,,,,,,,,,,,,,,,,,,,,,,,,,,,,,,,,,,,,,,,,,,,,,,,,,,,,,,,,,,,,,,,,,,,,,,,,,,
GC-BCVI-RBMS-25-65,s,23,7,58,5,1.1439,6937.5,2062.5,4875,0.2784,5531.25,3750,1781.25,0.0691,6937.5,4593.75,2343.75,0.1994,4500,2156.25,2343.75,0.1619,5718.75,3468.75,2250,0.0731,4968.75,3187.5,1781.25,0.0691,4500,2062.5,2437.5,0.0553,4031.25,2062.5,1968.75,,,,,,,,,,,,,,,,,,,,,,,,,,,,,,,,,,,,,,,,,,,,,,,,,,,,,,,,,,,,,,,,,,,,,,,,,,,,,,,,,,,,,,,,,,,,,,,,,,,,,,,,,,,,,,,,,,,,,,,,,,,,,,,,,,,,
GC-BCVI-RBMS-25-67,m,23,6,58,2,0.5302,6281.25,2718.75,3562.5,0.1672,6281.25,4406.25,1875,0.0681,4218.75,2718.75,1500,0.0603,4593.75,2718.75,1875,0.0561,4593.75,3375,1218.75,0.0549,4687.5,3562.5,1125,0.0603,4781.25,3281.25,1500,,,,,,,,,,,,,,,,,,,,,,,,,,,,,,,,,,,,,,,,,,,,,,,,,,,,,,,,,,,,,,,,,,,,,,,,,,,,,,,,,,,,,,,,,,,,,,,,,,,,,,,,,,,,,,,,,,,,,,,,,,,,,,,,,,,,,,,,
GC-BCVI-RBMS-25-68,m,23,5,58,2,0.5204,5812.5,2531.25,3281.25,0.1771,5812.5,4031.25,1781.25,0.0746,4781.25,3093.75,1687.5,0.0754,4312.5,3000,1312.5,0.0798,3937.5,2718.75,1218.75,0.0739,3937.5,2531.25,1406.25,,,,,,,,,,,,,,,,,,,,,,,,,,,,,,,,,,,,,,,,,,,,,,,,,,,,,,,,,,,,,,,,,,,,,,,,,,,,,,,,,,,,,,,,,,,,,,,,,,,,,,,,,,,,,,,,,,,,,,,,,,,,,,,,,,,,,,,,,,,,
GC-BCVI-RBMS-25-71,g,23,1,58,1,0.2645,5812.5,3375,2437.5,0.2645,5812.5,3375,2437.5,,,,,,,,,,,,,,,,,,,,,,,,,,,,,,,,,,,,,,,,,,,,,,,,,,,,,,,,,,,,,,,,,,,,,,,,,,,,,,,,,,,,,,,,,,,,,,,,,,,,,,,,,,,,,,,,,,,,,,,,,,,,,,,,,,,,,,,,,,,,,,,,,,,,,,,,,,,,
GC-BCVI-RBMS-25-73,g,23,1,58,1,0.4148,0.2711,5437.5,-5437.2289,0.4148,0.2711,5437.5,-5437.2289,,,,,,,,,,,,,,,,,,,,,,,,,,,,,,,,,,,,,,,,,,,,,,,,,,,,,,,,,,,,,,,,,,,,,,,,,,,,,,,,,,,,,,,,,,,,,,,,,,,,,,,,,,,,,,,,,,,,,,,,,,,,,,,,,,,,,,,,,,,,,,,,,,,,,,,,,,,,
GC-BCVI-RBMS-25-74,m,23,5,58,2,0.5339,5812.5,2812.5,3000,0.1806,5812.5,3843.75,1968.75,0.0794,4593.75,3468.75,1125,0.0685,4125,2812.5,1312.5,0.0856,3843.75,2812.5,1031.25,0.0794,3750,2812.5,937.5,,,,,,,,,,,,,,,,,,,,,,,,,,,,,,,,,,,,,,,,,,,,,,,,,,,,,,,,,,,,,,,,,,,,,,,,,,,,,,,,,,,,,,,,,,,,,,,,,,,,,,,,,,,,,,,,,,,,,,,,,,,,,,,,,,,,,,,,,,,,
GC-BCVI-RBMS-25-79,o,23,1,58,1,0.0775,6187.5,4031.25,2156.25,0.0775,6187.5,4031.25,2156.25,,,,,,,,,,,,,,,,,,,,,,,,,,,,,,,,,,,,,,,,,,,,,,,,,,,,,,,,,,,,,,,,,,,,,,,,,,,,,,,,,,,,,,,,,,,,,,,,,,,,,,,,,,,,,,,,,,,,,,,,,,,,,,,,,,,,,,,,,,,,,,,,,,,,,,,,,,,,
GC-BCVI-RBMS-25-80,p,23,5,58,2,0.4852,5812.5,2062.5,3750,0.0907,5812.5,4031.25,1781.25,0.1046,5531.25,4500,1031.25,0.0592,4406.25,2343.75,2062.5,0.0756,4125,2062.5,2062.5,0.0769,4125,2062.5,2062.5,,,,,,,,,,,,,,,,,,,,,,,,,,,,,,,,,,,,,,,,,,,,,,,,,,,,,,,,,,,,,,,,,,,,,,,,,,,,,,,,,,,,,,,,,,,,,,,,,,,,,,,,,,,,,,,,,,,,,,,,,,,,,,,,,,,,,,,,,,,,
GC-BCVI-RBMS-25-81,q,23,9,58,3,0.7222,6000,2062.5,3937.5,0.0479,5343.75,4593.75,750,0.05,5531.25,4781.25,750,0.0507,5718.75,4968.75,750,0.0807,5906.25,4687.5,1218.75,0.0836,6000,4218.75,1781.25,0.0679,4312.5,2250,2062.5,0.0636,3656.25,2062.5,1593.75,0.0636,3937.5,2062.5,1875,0.0586,3937.5,2531.25,1406.25,,,,,,,,,,,,,,,,,,,,,,,,,,,,,,,,,,,,,,,,,,,,,,,,,,,,,,,,,,,,,,,,,,,,,,,,,,,,,,,,,,,,,,,,,,,,,,,,,,,,,,,,,,,,,,,,,,,,,,,,,,,,
GC-BCVI-RBMS-25-83,r,23,5,58,3,0.4822,5718.75,2718.75,3000,0.1153,4218.75,2718.75,1500,0.0665,4968.75,4312.5,656.25,0.0788,5062.5,4500,562.5,0.0739,5718.75,4312.5,1406.25,0.0862,4593.75,2718.75,1875,,,,,,,,,,,,,,,,,,,,,,,,,,,,,,,,,,,,,,,,,,,,,,,,,,,,,,,,,,,,,,,,,,,,,,,,,,,,,,,,,,,,,,,,,,,,,,,,,,,,,,,,,,,,,,,,,,,,,,,,,,,,,,,,,,,,,,,,,,,,
GC-BCVI-RBMS-25-85,g,23,1,58,1,0.3105,6093.75,3375,2718.75,0.3105,6093.75,3375,2718.75,,,,,,,,,,,,,,,,,,,,,,,,,,,,,,,,,,,,,,,,,,,,,,,,,,,,,,,,,,,,,,,,,,,,,,,,,,,,,,,,,,,,,,,,,,,,,,,,,,,,,,,,,,,,,,,,,,,,,,,,,,,,,,,,,,,,,,,,,,,,,,,,,,,,,,,,,,,,
GC-BCVI-RBMS-25-90,m,23,5,58,2,0.5305,5718.75,2812.5,2906.25,0.188,5718.75,3937.5,1781.25,0.0729,4687.5,3375,1312.5,0.0789,4218.75,3000,1218.75,0.0783,3937.5,2906.25,1031.25,0.0816,3843.75,2812.5,1031.25,,,,,,,,,,,,,,,,,,,,,,,,,,,,,,,,,,,,,,,,,,,,,,,,,,,,,,,,,,,,,,,,,,,,,,,,,,,,,,,,,,,,,,,,,,,,,,,,,,,,,,,,,,,,,,,,,,,,,,,,,,,,,,,,,,,,,,,,,,,,
GC-BCVI-RBMS-25-91,s,23,7,58,5,1.1617,9562.5,2062.5,7500,0.2807,5906.25,3468.75,2437.5,0.0544,9562.5,3843.75,5718.75,0.1904,4125,2062.5,2062.5,0.1556,6093.75,3562.5,2531.25,0.0751,5531.25,2437.5,3093.75,0.0631,4218.75,2156.25,2062.5,0.074,4218.75,2718.75,1500,,,,,,,,,,,,,,,,,,,,,,,,,,,,,,,,,,,,,,,,,,,,,,,,,,,,,,,,,,,,,,,,,,,,,,,,,,,,,,,,,,,,,,,,,,,,,,,,,,,,,,,,,,,,,,,,,,,,,,,,,,,,,,,,,,,,
GC-BCVI-RBMS-25-98,m,23,5,58,2,0.5365,5718.75,2625,3093.75,0.1847,5718.75,3093.75,2625,0.1847,5718.75,3093.75,2625,0.0716,4406.25,3375,1031.25,0.0716,4031.25,3093.75,937.5,0.0796,3843.75,2625,1218.75,,,,,,,,,,,,,,,,,,,,,,,,,,,,,,,,,,,,,,,,,,,,,,,,,,,,,,,,,,,,,,,,,,,,,,,,,,,,,,,,,,,,,,,,,,,,,,,,,,,,,,,,,,,,,,,,,,,,,,,,,,,,,,,,,,,,,,,,,,,,
GC-BCVI-RBMS-25-99,t,23,6,58,2,0.5163,6375,2812.5,3562.5,0.1469,6375,4406.25,1968.75,0.0665,4593.75,2812.5,1781.25,0.0587,4125,2906.25,1218.75,0.0634,4312.5,3000,1312.5,0.0541,4500,3468.75,1031.25,0.0572,4593.75,3375,1218.75,,,,,,,,,,,,,,,,,,,,,,,,,,,,,,,,,,,,,,,,,,,,,,,,,,,,,,,,,,,,,,,,,,,,,,,,,,,,,,,,,,,,,,,,,,,,,,,,,,,,,,,,,,,,,,,,,,,,,,,,,,,,,,,,,,,,,,,,
GC-BCVI-RBMS-25-100,n,23,14,58,3,1.1356,6093.75,2156.25,3937.5,0.0325,4968.75,3468.75,1500,0.0467,4500,2156.25,2343.75,0.1309,5906.25,3562.5,2343.75,0.135,5906.25,3750,2156.25,0.0467,5531.25,3562.5,1968.75,0.0457,5437.5,3750,1687.5,0.0457,6093.75,3843.75,2250,0.0497,5531.25,3750,1781.25,0.0396,5812.5,3843.75,1968.75,0.0426,5531.25,3750,1781.25,0.0457,5062.5,3750,1312.5,0.0386,4781.25,3562.5,1218.75,0.065,4500,3000,1500,0.0477,3375,2812.5,562.5,,,,,,,,,,,,,,,,,,,,,,,,,,,,,,,,,,,,,,,,,,,,,,,,,,,,,,,,,,,,,,,,,,,,,,,,,,,,,,,,,,,,,,,,,,,,,,,,,,,,,,,,
GC-BCVI-RBMS-25-102,s,23,5,58,5,0.6231,6093.75,2062.5,4031.25,0.0606,6093.75,4031.25,2062.5,0.1564,4031.25,2062.5,1968.75,0.1506,5625,3656.25,1968.75,0.0632,4593.75,3375,1218.75,0.0561,4031.25,3093.75,937.5,,,,,,,,,,,,,,,,,,,,,,,,,,,,,,,,,,,,,,,,,,,,,,,,,,,,,,,,,,,,,,,,,,,,,,,,,,,,,,,,,,,,,,,,,,,,,,,,,,,,,,,,,,,,,,,,,,,,,,,,,,,,,,,,,,,,,,,,,,,,
GC-BCVI-RBMS-25-110,m,23,5,58,2,0.5333,5531.25,2531.25,3000,0.1817,5531.25,3562.5,1968.75,0.0798,4781.25,3281.25,1500,0.0804,4218.75,3187.5,1031.25,0.073,3843.75,2906.25,937.5,0.081,3843.75,2531.25,1312.5,,,,,,,,,,,,,,,,,,,,,,,,,,,,,,,,,,,,,,,,,,,,,,,,,,,,,,,,,,,,,,,,,,,,,,,,,,,,,,,,,,,,,,,,,,,,,,,,,,,,,,,,,,,,,,,,,,,,,,,,,,,,,,,,,,,,,,,,,,,,
GC-BCVI-RBMS-25-117,m,23,4,58,2,0.4454,6468.75,2812.5,3656.25,0.1887,6468.75,3562.5,2906.25,0.0805,4781.25,3562.5,1218.75,0.0791,4312.5,3187.5,1125,0.0832,4218.75,2812.5,1406.25,,,,,,,,,,,,,,,,,,,,,,,,,,,,,,,,,,,,,,,,,,,,,,,,,,,,,,,,,,,,,,,,,,,,,,,,,,,,,,,,,,,,,,,,,,,,,,,,,,,,,,,,,,,,,,,,,,,,,,,,,,,,,,,,,,,,,,,,,,,,,,,,
GC-BCVI-RBMS-25-121,u,23,14,58,7,1.5033,6562.5,2062.5,4500,0.0967,6562.5,2906.25,3656.25,0.0909,6375,2812.5,3562.5,0.0542,4312.5,2250,2062.5,0.06,3656.25,2250,1406.25,0.0677,3468.75,2156.25,1312.5,0.1761,5531.25,3093.75,2437.5,0.1219,4875,3562.5,1312.5,0.1451,4031.25,2062.5,1968.75,0.0638,5250,3656.25,1593.75,0.0677,5156.25,3656.25,1500,0.0426,3281.25,2812.5,468.75,0.0348,4593.75,2812.5,1781.25,0.0406,3375,2531.25,843.75,0.0387,2625,2343.75,281.25,,,,,,,,,,,,,,,,,,,,,,,,,,,,,,,,,,,,,,,,,,,,,,,,,,,,,,,,,,,,,,,,,,,,,,,,,,,,,,,,,,,,,,,,,,,,,,,,,,,,,,,,
GC-BCVI-RBMS-25-122,v,23,2,58,2,0.7181,5906.25,2625,3281.25,0.1325,4687.5,2625,2062.5,0.424,5906.25,3656.25,2250,,,,,,,,,,,,,,,,,,,,,,,,,,,,,,,,,,,,,,,,,,,,,,,,,,,,,,,,,,,,,,,,,,,,,,,,,,,,,,,,,,,,,,,,,,,,,,,,,,,,,,,,,,,,,,,,,,,,,,,,,,,,,,,,,,,,,,,,,,,,,,,,,,,,,,,,
GC-BCVI-RBMS-25-123,w,23,10,58,4,0.6887,6375,2343.75,4031.25,0.0424,4875,3375,1500,0.0434,3562.5,3093.75,468.75,0.0318,6375,4125,2250,0.0466,6000,4218.75,1781.25,0.0445,6000,4406.25,1593.75,0.1367,6000,3750,2250,0.0434,4593.75,3281.25,1312.5,0.0434,4406.25,3187.5,1218.75,0.0381,4125,2343.75,1781.25,0.0381,3843.75,2343.75,1500,,,,,,,,,,,,,,,,,,,,,,,,,,,,,,,,,,,,,,,,,,,,,,,,,,,,,,,,,,,,,,,,,,,,,,,,,,,,,,,,,,,,,,,,,,,,,,,,,,,,,,,,,,,,,,,,,,,,,,,,
GC-BCVI-RBMS-25-124,x,23,5,58,2,0.5165,5625,2250,3375,0.1967,5625,4593.75,1031.25,0.0432,4125,3187.5,937.5,0.0528,4781.25,3093.75,1687.5,0.0544,4500,2812.5,1687.5,0.0576,4125,2250,1875,,,,,,,,,,,,,,,,,,,,,,,,,,,,,,,,,,,,,,,,,,,,,,,,,,,,,,,,,,,,,,,,,,,,,,,,,,,,,,,,,,,,,,,,,,,,,,,,,,,,,,,,,,,,,,,,,,,,,,,,,,,,,,,,,,,,,,,,,,,,
GC-BCVI-RBMS-25-126,u,23,14,58,7,1.5465,6656.25,2156.25,4500,0.0887,6656.25,2812.5,3843.75,0.087,5718.75,2906.25,2812.5,0.0591,3562.5,2437.5,1125,0.0509,3656.25,2343.75,1312.5,0.0673,3468.75,2156.25,1312.5,0.1773,6000,2625,3375,0.1297,4968.75,3281.25,1687.5,0.1625,4125,2156.25,1968.75,0.064,5343.75,3656.25,1687.5,0.0624,5156.25,3750,1406.25,0.0394,3375,3000,375,0.046,4500,2812.5,1687.5,0.0361,2812.5,2531.25,281.25,0.0296,3000,2250,750,,,,,,,,,,,,,,,,,,,,,,,,,,,,,,,,,,,,,,,,,,,,,,,,,,,,,,,,,,,,,,,,,,,,,,,,,,,,,,,,,,,,,,,,,,,,,,,,,,,,,,,,
GC-BCVI-RBMS-25-127,v,23,6,58,2,0.7023,5718.75,3000,2718.75,0.188,5437.5,3000,2437.5,0.0911,5718.75,3375,2343.75,0.0888,5156.25,3281.25,1875,0.0876,4687.5,3187.5,1500,0.0853,4500,3093.75,1406.25,0.0923,4500,3468.75,1031.25,,,,,,,,,,,,,,,,,,,,,,,,,,,,,,,,,,,,,,,,,,,,,,,,,,,,,,,,,,,,,,,,,,,,,,,,,,,,,,,,,,,,,,,,,,,,,,,,,,,,,,,,,,,,,,,,,,,,,,,,,,,,,,,,,,,,,,,,
GC-BCVI-RBMS-25-128,v,23,5,58,2,0.5972,5437.5,3281.25,2156.25,0.2134,5437.5,3562.5,1875,0.0872,5250,3281.25,1968.75,0.0926,5156.25,3375,1781.25,0.0832,4500,3562.5,937.5,0.0698,4406.25,3562.5,843.75,,,,,,,,,,,,,,,,,,,,,,,,,,,,,,,,,,,,,,,,,,,,,,,,,,,,,,,,,,,,,,,,,,,,,,,,,,,,,,,,,,,,,,,,,,,,,,,,,,,,,,,,,,,,,,,,,,,,,,,,,,,,,,,,,,,,,,,,,,,,
GC-BCVI-RBMS-25-136,w,23,10,58,4,0.7698,6468.75,2343.75,4125,0.0457,4875,3375,1500,0.0479,4687.5,3281.25,1406.25,0.0457,5812.5,3656.25,2156.25,0.039,6468.75,4593.75,1875,0.0345,5812.5,4500,1312.5,0.1415,5812.5,3750,2062.5,0.0457,4593.75,3468.75,1125,0.0434,4406.25,3187.5,1218.75,0.0401,4125,2437.5,1687.5,0.0356,3937.5,2343.75,1593.75,,,,,,,,,,,,,,,,,,,,,,,,,,,,,,,,,,,,,,,,,,,,,,,,,,,,,,,,,,,,,,,,,,,,,,,,,,,,,,,,,,,,,,,,,,,,,,,,,,,,,,,,,,,,,,,,,,,,,,,,
GC-BCVI-RSRG-25-3,a,11,7,32,2,0.4718,6000,3281.25,2718.75,0.0901,6000,4687.5,1312.5,0.0857,5625,4781.25,843.75,0.0269,3656.25,3281.25,375,0.0269,4406.25,4031.25,375,0.0327,5343.75,4593.75,750,0.0378,5437.5,4593.75,843.75,0.0327,5812.5,5156.25,656.25,,,,,,,,,,,,,,,,,,,,,,,,,,,,,,,,,,,,,,,,,,,,,,,,,,,,,,,,,,,,,,,,,,,,,,,,,,,,,,,,,,,,,,,,,,,,,,,,,,,,,,,,,,,,,,,,,,,,,,,,,,,,,,,,,,,,
GC-BCVI-RSRG-25-4,b,11,6,32,3,0.4697,5625,2156.25,3468.75,0.1429,5625,4218.75,1406.25,0.0425,5625,4031.25,1593.75,0.0461,4781.25,2156.25,2625,0.0378,3562.5,2343.75,1218.75,0.0413,3093.75,2625,468.75,0.0957,3750,3093.75,656.25,,,,,,,,,,,,,,,,,,,,,,,,,,,,,,,,,,,,,,,,,,,,,,,,,,,,,,,,,,,,,,,,,,,,,,,,,,,,,,,,,,,,,,,,,,,,,,,,,,,,,,,,,,,,,,,,,,,,,,,,,,,,,,,,,,,,,,,,
GC-BCVI-RSRG-25-5,b,11,6,32,3,0.5691,5156.25,2437.5,2718.75,0.1449,5156.25,3000,2156.25,0.0454,3562.5,2531.25,1031.25,0.0398,3468.75,2437.5,1031.25,0.0409,3375,2531.25,843.75,0.0774,3937.5,2718.75,1218.75,0.1217,4687.5,3093.75,1593.75,,,,,,,,,,,,,,,,,,,,,,,,,,,,,,,,,,,,,,,,,,,,,,,,,,,,,,,,,,,,,,,,,,,,,,,,,,,,,,,,,,,,,,,,,,,,,,,,,,,,,,,,,,,,,,,,,,,,,,,,,,,,,,,,,,,,,,,,
GC-BCVI-RSRG-25-6,b,11,5,32,2,0.4367,6093.75,2156.25,3937.5,0.1471,6093.75,3187.5,2906.25,0.0471,4125,2250,1875,0.0368,3468.75,2343.75,1125,0.0414,3281.25,2437.5,843.75,0.0862,3562.5,2156.25,1406.25,,,,,,,,,,,,,,,,,,,,,,,,,,,,,,,,,,,,,,,,,,,,,,,,,,,,,,,,,,,,,,,,,,,,,,,,,,,,,,,,,,,,,,,,,,,,,,,,,,,,,,,,,,,,,,,,,,,,,,,,,,,,,,,,,,,,,,,,,,,,
GC-BCVI-RSRG-25-7,b,11,5,32,2,0.4264,5718.75,2437.5,3281.25,0.1508,5718.75,3656.25,2062.5,0.0428,4593.75,2437.5,2156.25,0.0428,3750,2437.5,1312.5,0.0387,4218.75,2625,1593.75,0.0758,3750,3000,750,,,,,,,,,,,,,,,,,,,,,,,,,,,,,,,,,,,,,,,,,,,,,,,,,,,,,,,,,,,,,,,,,,,,,,,,,,,,,,,,,,,,,,,,,,,,,,,,,,,,,,,,,,,,,,,,,,,,,,,,,,,,,,,,,,,,,,,,,,,,
GC-BCVI-RSRG-25-8,c,11,6,32,3,0.6453,6281.25,2062.5,4218.75,0.1185,6281.25,2062.5,4218.75,0.0569,4312.5,3187.5,1125,0.0474,4312.5,3562.5,750,0.0569,4687.5,3562.5,1125,0.049,4968.75,3843.75,1125,0.1454,3562.5,2062.5,1500,,,,,,,,,,,,,,,,,,,,,,,,,,,,,,,,,,,,,,,,,,,,,,,,,,,,,,,,,,,,,,,,,,,,,,,,,,,,,,,,,,,,,,,,,,,,,,,,,,,,,,,,,,,,,,,,,,,,,,,,,,,,,,,,,,,,,,,,
GC-BCVI-RSRG-25-9,b,11,5,32,2,0.4264,5156.25,2343.75,2812.5,0.1449,5156.25,3562.5,1593.75,0.0432,3843.75,2343.75,1500,0.0384,3093.75,2343.75,750,0.0422,3843.75,2531.25,1312.5,0.072,3843.75,2906.25,937.5,,,,,,,,,,,,,,,,,,,,,,,,,,,,,,,,,,,,,,,,,,,,,,,,,,,,,,,,,,,,,,,,,,,,,,,,,,,,,,,,,,,,,,,,,,,,,,,,,,,,,,,,,,,,,,,,,,,,,,,,,,,,,,,,,,,,,,,,,,,,
GC-BCVI-RSRG-25-11,a,11,7,32,2,0.4912,6281.25,3562.5,2718.75,0.0938,6281.25,4781.25,1500,0.0995,5625,4687.5,937.5,0.0327,3750,3562.5,187.5,0.0327,4406.25,4031.25,375,0.0384,5437.5,4125,1312.5,0.0355,5531.25,4875,656.25,0.0483,5812.5,4968.75,843.75,,,,,,,,,,,,,,,,,,,,,,,,,,,,,,,,,,,,,,,,,,,,,,,,,,,,,,,,,,,,,,,,,,,,,,,,,,,,,,,,,,,,,,,,,,,,,,,,,,,,,,,,,,,,,,,,,,,,,,,,,,,,,,,,,,,,
GC-BCVI-RSRG-25-13,c,11,5,32,3,0.5879,6093.75,2062.5,4031.25,0.1223,6093.75,3187.5,2906.25,0.0449,4687.5,4031.25,656.25,0.0496,4593.75,3937.5,656.25,0.0526,5156.25,4500,656.25,0.1192,3656.25,2062.5,1593.75,,,,,,,,,,,,,,,,,,,,,,,,,,,,,,,,,,,,,,,,,,,,,,,,,,,,,,,,,,,,,,,,,,,,,,,,,,,,,,,,,,,,,,,,,,,,,,,,,,,,,,,,,,,,,,,,,,,,,,,,,,,,,,,,,,,,,,,,,,,,
GC-BCVI-RSRG-25-16,d,11,4,32,2,0.5436,6093.75,3281.25,2812.5,0.1796,6093.75,3281.25,2812.5,0.0993,4406.25,3750,656.25,0.0827,4500,3937.5,562.5,0.104,4500,3750,750,,,,,,,,,,,,,,,,,,,,,,,,,,,,,,,,,,,,,,,,,,,,,,,,,,,,,,,,,,,,,,,,,,,,,,,,,,,,,,,,,,,,,,,,,,,,,,,,,,,,,,,,,,,,,,,,,,,,,,,,,,,,,,,,,,,,,,,,,,,,,,,,
GC-BCVI-RSRG-25-17,e,11,4,32,3,0.6711,5718.75,2343.75,3375,0.1221,4875,3375,1500,0.0938,5718.75,5062.5,656.25,0.0785,5625,5250,375,0.2017,3750,2343.75,1406.25,,,,,,,,,,,,,,,,,,,,,,,,,,,,,,,,,,,,,,,,,,,,,,,,,,,,,,,,,,,,,,,,,,,,,,,,,,,,,,,,,,,,,,,,,,,,,,,,,,,,,,,,,,,,,,,,,,,,,,,,,,,,,,,,,,,,,,,,,,,,,,,,
GC-BCVI-RSRG-25-18,f,11,8,32,4,0.9828,5906.25,2437.5,3468.75,0.1918,5906.25,4031.25,1875,0.032,4312.5,3093.75,1218.75,0.0468,4500,3093.75,1406.25,0.0434,4031.25,3093.75,937.5,0.0479,3375,2437.5,937.5,0.0696,5625,4125,1500,0.0776,5625,4218.75,1406.25,0.2333,4593.75,2437.5,2156.25,,,,,,,,,,,,,,,,,,,,,,,,,,,,,,,,,,,,,,,,,,,,,,,,,,,,,,,,,,,,,,,,,,,,,,,,,,,,,,,,,,,,,,,,,,,,,,,,,,,,,,,,,,,,,,,,,,,,,,,,,,,,,,,,
GC-BCVI-RSRG-25-21,d,11,4,32,2,0.5513,6281.25,2718.75,3562.5,0.1772,6281.25,2718.75,3562.5,0.0984,4968.75,3656.25,1312.5,0.1097,4500,3843.75,656.25,0.1069,4500,3843.75,656.25,,,,,,,,,,,,,,,,,,,,,,,,,,,,,,,,,,,,,,,,,,,,,,,,,,,,,,,,,,,,,,,,,,,,,,,,,,,,,,,,,,,,,,,,,,,,,,,,,,,,,,,,,,,,,,,,,,,,,,,,,,,,,,,,,,,,,,,,,,,,,,,,
GC-BCVI-RSRG-25-22,e,11,4,32,3,0.654,5812.5,2343.75,3468.75,0.1194,5062.5,3468.75,1593.75,0.1018,5812.5,4875,937.5,0.0905,5718.75,5156.25,562.5,0.2023,3468.75,2343.75,1125,,,,,,,,,,,,,,,,,,,,,,,,,,,,,,,,,,,,,,,,,,,,,,,,,,,,,,,,,,,,,,,,,,,,,,,,,,,,,,,,,,,,,,,,,,,,,,,,,,,,,,,,,,,,,,,,,,,,,,,,,,,,,,,,,,,,,,,,,,,,,,,,
GC-BCVI-RSRG-25-24,g,11,6,32,3,0.699,8156.25,2343.75,5812.5,0.0911,8156.25,3187.5,4968.75,0.0465,5250,4031.25,1218.75,0.039,5250,3750,1500,0.0372,4687.5,2812.5,1875,0.0372,5062.5,2343.75,2718.75,0.145,6750,5062.5,1687.5,,,,,,,,,,,,,,,,,,,,,,,,,,,,,,,,,,,,,,,,,,,,,,,,,,,,,,,,,,,,,,,,,,,,,,,,,,,,,,,,,,,,,,,,,,,,,,,,,,,,,,,,,,,,,,,,,,,,,,,,,,,,,,,,,,,,,,,,
GC-BCVI-RSRG-25-25,f,11,8,32,4,1.0327,5812.5,2343.75,3468.75,0.2175,5625,4125,1500,0.0431,5343.75,3281.25,2062.5,0.0495,5250,3093.75,2156.25,0.0485,4125,2718.75,1406.25,0.0485,3375,2718.75,656.25,0.0732,5812.5,4125,1687.5,0.0894,5531.25,4218.75,1312.5,0.2509,4687.5,2343.75,2343.75,,,,,,,,,,,,,,,,,,,,,,,,,,,,,,,,,,,,,,,,,,,,,,,,,,,,,,,,,,,,,,,,,,,,,,,,,,,,,,,,,,,,,,,,,,,,,,,,,,,,,,,,,,,,,,,,,,,,,,,,,,,,,,,,
GC-BCVI-RSRG-25-26,d,11,4,32,2,0.5404,6187.5,3093.75,3093.75,0.172,6187.5,3093.75,3093.75,0.0962,4593.75,3750,843.75,0.088,4406.25,3843.75,562.5,0.1003,4500,3750,750,,,,,,,,,,,,,,,,,,,,,,,,,,,,,,,,,,,,,,,,,,,,,,,,,,,,,,,,,,,,,,,,,,,,,,,,,,,,,,,,,,,,,,,,,,,,,,,,,,,,,,,,,,,,,,,,,,,,,,,,,,,,,,,,,,,,,,,,,,,,,,,,
GC-BCVI-RSRG-25-27,e,11,4,32,3,0.6644,5812.5,2437.5,3375,0.1279,4687.5,3468.75,1218.75,0.1042,5812.5,3656.25,2156.25,0.132,5718.75,3468.75,2250,0.1987,3375,2437.5,937.5,,,,,,,,,,,,,,,,,,,,,,,,,,,,,,,,,,,,,,,,,,,,,,,,,,,,,,,,,,,,,,,,,,,,,,,,,,,,,,,,,,,,,,,,,,,,,,,,,,,,,,,,,,,,,,,,,,,,,,,,,,,,,,,,,,,,,,,,,,,,,,,,
GC-BCVI-RSRG-25-31,f,11,8,32,4,1.0301,6187.5,2531.25,3656.25,0.1981,6187.5,3375,2812.5,0.0393,5250,3750,1500,0.0481,4031.25,3093.75,937.5,0.0437,3843.75,3187.5,656.25,0.0466,3375,2531.25,843.75,0.0874,6187.5,2625,3562.5,0.099,5531.25,4125,1406.25,0.2345,4593.75,2531.25,2062.5,,,,,,,,,,,,,,,,,,,,,,,,,,,,,,,,,,,,,,,,,,,,,,,,,,,,,,,,,,,,,,,,,,,,,,,,,,,,,,,,,,,,,,,,,,,,,,,,,,,,,,,,,,,,,,,,,,,,,,,,,,,,,,,,
GC-BCVI-RSRG-25-32,d,11,4,32,2,0.5529,6093.75,3281.25,2812.5,0.1577,6093.75,3281.25,2812.5,0.0974,4781.25,3750,1031.25,0.1129,4500,3843.75,656.25,0.1217,4500,3937.5,562.5,,,,,,,,,,,,,,,,,,,,,,,,,,,,,,,,,,,,,,,,,,,,,,,,,,,,,,,,,,,,,,,,,,,,,,,,,,,,,,,,,,,,,,,,,,,,,,,,,,,,,,,,,,,,,,,,,,,,,,,,,,,,,,,,,,,,,,,,,,,,,,,,
GC-BCVI-RSRG-25-33,e,11,4,32,3,0.6771,5812.5,2343.75,3468.75,0.1252,5156.25,3562.5,1593.75,0.0892,5812.5,4875,937.5,0.0786,5718.75,5156.25,562.5,0.2104,3375,2343.75,1031.25,,,,,,,,,,,,,,,,,,,,,,,,,,,,,,,,,,,,,,,,,,,,,,,,,,,,,,,,,,,,,,,,,,,,,,,,,,,,,,,,,,,,,,,,,,,,,,,,,,,,,,,,,,,,,,,,,,,,,,,,,,,,,,,,,,,,,,,,,,,,,,,,
GC-BCVI-RSRG-25-34,g,11,5,32,3,0.6429,6656.25,3281.25,3375,0.1009,6562.5,3375,3187.5,0.0324,5250,3843.75,1406.25,0.045,4500,3750,750,0.0504,4593.75,3281.25,1312.5,0.1387,6656.25,4593.75,2062.5,,,,,,,,,,,,,,,,,,,,,,,,,,,,,,,,,,,,,,,,,,,,,,,,,,,,,,,,,,,,,,,,,,,,,,,,,,,,,,,,,,,,,,,,,,,,,,,,,,,,,,,,,,,,,,,,,,,,,,,,,,,,,,,,,,,,,,,,,,,,
GC-BCVI-RSRG-25-35,h,11,4,32,2,0.4492,5062.5,2531.25,2531.25,0.1659,4781.25,2531.25,2250,0.0763,5062.5,3187.5,1875,0.0734,5062.5,3000,2062.5,0.0829,4781.25,3093.75,1687.5,,,,,,,,,,,,,,,,,,,,,,,,,,,,,,,,,,,,,,,,,,,,,,,,,,,,,,,,,,,,,,,,,,,,,,,,,,,,,,,,,,,,,,,,,,,,,,,,,,,,,,,,,,,,,,,,,,,,,,,,,,,,,,,,,,,,,,,,,,,,,,,,
GC-BCVI-RSRG-25-37,f,11,8,32,4,1.019,5812.5,2250,3562.5,0.2135,5812.5,3562.5,2250,0.0441,5343.75,3281.25,2062.5,0.0441,4312.5,3281.25,1031.25,0.0455,3656.25,2812.5,843.75,0.0398,3468.75,2812.5,656.25,0.0754,5531.25,2906.25,2625,0.0939,5625,4125,1500,0.2448,4593.75,2250,2343.75,,,,,,,,,,,,,,,,,,,,,,,,,,,,,,,,,,,,,,,,,,,,,,,,,,,,,,,,,,,,,,,,,,,,,,,,,,,,,,,,,,,,,,,,,,,,,,,,,,,,,,,,,,,,,,,,,,,,,,,,,,,,,,,,
GC-BCVI-RSRG-25-38,d,11,4,32,2,0.5412,6187.5,2250,3937.5,0.1793,6187.5,2250,3937.5,0.1084,4500,3656.25,843.75,0.0929,4406.25,4125,281.25,0.0955,4593.75,4031.25,562.5,,,,,,,,,,,,,,,,,,,,,,,,,,,,,,,,,,,,,,,,,,,,,,,,,,,,,,,,,,,,,,,,,,,,,,,,,,,,,,,,,,,,,,,,,,,,,,,,,,,,,,,,,,,,,,,,,,,,,,,,,,,,,,,,,,,,,,,,,,,,,,,,
GC-BCVI-RSRG-25-40,i,11,11,32,6,1.3711,6187.5,2156.25,4031.25,0.1163,5718.75,2250,3468.75,0.0505,5437.5,3375,2062.5,0.0535,5062.5,3375,1687.5,0.0489,5062.5,3375,1687.5,0.1117,3750,2156.25,1593.75,0.0704,6187.5,4687.5,1500,0.0627,6187.5,4500,1687.5,0.1836,5062.5,2343.75,2718.75,0.0581,5156.25,2437.5,2718.75,0.0535,4781.25,2250,2531.25,0.0673,4687.5,2250,2437.5,,,,,,,,,,,,,,,,,,,,,,,,,,,,,,,,,,,,,,,,,,,,,,,,,,,,,,,,,,,,,,,,,,,,,,,,,,,,,,,,,,,,,,,,,,,,,,,,,,,,,,,,,,,,,,,,,,,,
GC-BCVI-RSRG-25-41,j,11,5,32,2,0.5574,5531.25,2343.75,3187.5,0.0591,5437.5,4031.25,1406.25,0.0634,5531.25,4593.75,937.5,0.0583,5343.75,4312.5,1031.25,0.0634,5156.25,4312.5,843.75,0.2168,4593.75,2343.75,2250,,,,,,,,,,,,,,,,,,,,,,,,,,,,,,,,,,,,,,,,,,,,,,,,,,,,,,,,,,,,,,,,,,,,,,,,,,,,,,,,,,,,,,,,,,,,,,,,,,,,,,,,,,,,,,,,,,,,,,,,,,,,,,,,,,,,,,,,,,,,
GC-BCVI-RSRG-25-42,j,11,5,32,2,0.5507,5437.5,2437.5,3000,0.06,5437.5,4312.5,1125,0.053,5250,4312.5,937.5,0.0611,5250,4312.5,937.5,0.0553,5156.25,4218.75,937.5,0.1972,4687.5,2437.5,2250,,,,,,,,,,,,,,,,,,,,,,,,,,,,,,,,,,,,,,,,,,,,,,,,,,,,,,,,,,,,,,,,,,,,,,,,,,,,,,,,,,,,,,,,,,,,,,,,,,,,,,,,,,,,,,,,,,,,,,,,,,,,,,,,,,,,,,,,,,,,
GC-BCVI-RSRG-25-43,j,11,5,32,2,0.5407,7406.25,2437.5,4968.75,0.0507,7406.25,4125,3281.25,0.0565,5343.75,4406.25,937.5,0.0565,5343.75,4312.5,1031.25,0.0542,5156.25,4406.25,750,0.196,4593.75,2437.5,2156.25,,,,,,,,,,,,,,,,,,,,,,,,,,,,,,,,,,,,,,,,,,,,,,,,,,,,,,,,,,,,,,,,,,,,,,,,,,,,,,,,,,,,,,,,,,,,,,,,,,,,,,,,,,,,,,,,,,,,,,,,,,,,,,,,,,,,,,,,,,,,
GC-BCVI-RSRG-25-44,j,11,5,32,2,0.5599,5531.25,2531.25,3000,0.0655,5531.25,4500,1031.25,0.0618,5250,4125,1125,0.06,5156.25,4125,1031.25,0.0782,5062.5,4031.25,1031.25,0.2091,4875,2531.25,2343.75,,,,,,,,,,,,,,,,,,,,,,,,,,,,,,,,,,,,,,,,,,,,,,,,,,,,,,,,,,,,,,,,,,,,,,,,,,,,,,,,,,,,,,,,,,,,,,,,,,,,,,,,,,,,,,,,,,,,,,,,,,,,,,,,,,,,,,,,,,,,
GC-BCVI-RSRG-25-45,j,11,5,32,2,0.5363,5531.25,2062.5,3468.75,0.0588,5531.25,2062.5,3468.75,0.0577,5156.25,3468.75,1687.5,0.0646,5250,4312.5,937.5,0.0588,5062.5,4218.75,843.75,0.1972,4593.75,2343.75,2250,,,,,,,,,,,,,,,,,,,,,,,,,,,,,,,,,,,,,,,,,,,,,,,,,,,,,,,,,,,,,,,,,,,,,,,,,,,,,,,,,,,,,,,,,,,,,,,,,,,,,,,,,,,,,,,,,,,,,,,,,,,,,,,,,,,,,,,,,,,,
GC-BCVI-RSRG-25-46,i,11,11,32,6,1.3346,6750,2250,4500,0.1033,5062.5,2531.25,2531.25,0.0507,5250,3000,2250,0.0469,4875,3562.5,1312.5,0.0657,4968.75,3375,1593.75,0.1277,3750,2250,1500,0.0883,6750,4500,2250,0.0695,6468.75,4312.5,2156.25,0.2159,5062.5,2812.5,2250,0.062,5343.75,2718.75,2625,0.0638,4781.25,2437.5,2343.75,0.0601,4593.75,2437.5,2156.25,,,,,,,,,,,,,,,,,,,,,,,,,,,,,,,,,,,,,,,,,,,,,,,,,,,,,,,,,,,,,,,,,,,,,,,,,,,,,,,,,,,,,,,,,,,,,,,,,,,,,,,,,,,,,,,,,,,,
GC-BCVI-RSRG-25-47,j,11,5,32,2,0.5555,5531.25,2437.5,3093.75,0.063,5531.25,3750,1781.25,0.0599,5250,3562.5,1687.5,0.0578,5343.75,4218.75,1125,0.0557,5062.5,4218.75,843.75,0.2147,4687.5,2437.5,2250,,,,,,,,,,,,,,,,,,,,,,,,,,,,,,,,,,,,,,,,,,,,,,,,,,,,,,,,,,,,,,,,,,,,,,,,,,,,,,,,,,,,,,,,,,,,,,,,,,,,,,,,,,,,,,,,,,,,,,,,,,,,,,,,,,,,,,,,,,,,
GC-BCVI-RSRG-25-49,i,11,11,32,6,1.352,6375,2250,4125,0.1002,5062.5,2906.25,2156.25,0.0486,4875,3468.75,1406.25,0.05,5156.25,3375,1781.25,0.0472,4875,3375,1500,0.118,3937.5,2250,1687.5,0.0778,6000,4687.5,1312.5,0.0791,6375,4687.5,1687.5,0.193,4500,3187.5,1312.5,0.0597,5156.25,2531.25,2625,0.0569,4218.75,2250,1968.75,0.043,4312.5,2343.75,1968.75,,,,,,,,,,,,,,,,,,,,,,,,,,,,,,,,,,,,,,,,,,,,,,,,,,,,,,,,,,,,,,,,,,,,,,,,,,,,,,,,,,,,,,,,,,,,,,,,,,,,,,,,,,,,,,,,,,,,
GC-BCVI-RSRG-25-50,j,11,5,32,2,0.558,5625,2437.5,3187.5,0.0585,5625,4406.25,1218.75,0.0585,5437.5,4218.75,1218.75,0.056,5250,4218.75,1031.25,0.0658,5062.5,4218.75,843.75,0.2217,4687.5,2437.5,2250,,,,,,,,,,,,,,,,,,,,,,,,,,,,,,,,,,,,,,,,,,,,,,,,,,,,,,,,,,,,,,,,,,,,,,,,,,,,,,,,,,,,,,,,,,,,,,,,,,,,,,,,,,,,,,,,,,,,,,,,,,,,,,,,,,,,,,,,,,,,
GC-BCVI-RSRG-25-51,i,11,11,32,6,1.3571,6281.25,2062.5,4218.75,0.1103,5156.25,2812.5,2343.75,0.0511,5250,3468.75,1781.25,0.0551,5437.5,3281.25,2156.25,0.0511,5250,3375,1875,0.1205,4125,2343.75,1781.25,0.0715,6187.5,4687.5,1500,0.0756,6281.25,4687.5,1593.75,0.1981,5156.25,2718.75,2437.5,0.0674,5625,2062.5,3562.5,0.0613,4500,2437.5,2062.5,0.0572,4406.25,2437.5,1968.75,,,,,,,,,,,,,,,,,,,,,,,,,,,,,,,,,,,,,,,,,,,,,,,,,,,,,,,,,,,,,,,,,,,,,,,,,,,,,,,,,,,,,,,,,,,,,,,,,,,,,,,,,,,,,,,,,,,,
GC-BCVI-RSRG-25-52,j,11,5,32,2,0.5572,5718.75,2343.75,3375,0.0599,5718.75,4218.75,1500,0.0599,5625,4875,750,0.0578,5437.5,4406.25,1031.25,0.0619,5250,4312.5,937.5,0.2167,4687.5,2343.75,2343.75,,,,,,,,,,,,,,,,,,,,,,,,,,,,,,,,,,,,,,,,,,,,,,,,,,,,,,,,,,,,,,,,,,,,,,,,,,,,,,,,,,,,,,,,,,,,,,,,,,,,,,,,,,,,,,,,,,,,,,,,,,,,,,,,,,,,,,,,,,,,
GC-BCVI-RSRG-25-53,k,11,5,32,3,0.6436,6562.5,2062.5,4500,0.1414,6562.5,4031.25,2531.25,0.1804,3843.75,2062.5,1781.25,0.0594,5250,2812.5,2437.5,0.0656,5062.5,2906.25,2156.25,0.0656,4781.25,2718.75,2062.5,,,,,,,,,,,,,,,,,,,,,,,,,,,,,,,,,,,,,,,,,,,,,,,,,,,,,,,,,,,,,,,,,,,,,,,,,,,,,,,,,,,,,,,,,,,,,,,,,,,,,,,,,,,,,,,,,,,,,,,,,,,,,,,,,,,,,,,,,,,,
GC-BCVI-RSRG-25-54,j,11,5,32,2,0.5612,5625,2437.5,3187.5,0.0642,5625,4312.5,1312.5,0.0608,5437.5,4312.5,1125,0.0573,5437.5,4406.25,1031.25,0.0596,5343.75,4312.5,1031.25,0.211,4687.5,2437.5,2250,,,,,,,,,,,,,,,,,,,,,,,,,,,,,,,,,,,,,,,,,,,,,,,,,,,,,,,,,,,,,,,,,,,,,,,,,,,,,,,,,,,,,,,,,,,,,,,,,,,,,,,,,,,,,,,,,,,,,,,,,,,,,,,,,,,,,,,,,,,,
GC-BCVI-RSRG-25-55,i,11,11,32,6,1.3607,7125,2250,4875,0.1038,5343.75,3843.75,1500,0.0489,4875,3187.5,1687.5,0.0501,5250,3468.75,1781.25,0.0586,4875,3468.75,1406.25,0.1331,4125,2250,1875,0.0769,7125,4781.25,2343.75,0.0855,6375,4781.25,1593.75,0.1966,5062.5,3000,2062.5,0.0525,5531.25,2625,2906.25,0.0586,4875,2531.25,2343.75,0.0513,4593.75,2343.75,2250,,,,,,,,,,,,,,,,,,,,,,,,,,,,,,,,,,,,,,,,,,,,,,,,,,,,,,,,,,,,,,,,,,,,,,,,,,,,,,,,,,,,,,,,,,,,,,,,,,,,,,,,,,,,,,,,,,,,
GC-BCVI-RSRG-25-56,j,11,5,32,2,0.5311,5906.25,2531.25,3375,0.0577,5906.25,4125,1781.25,0.061,5625,3562.5,2062.5,0.0556,5437.5,4218.75,1218.75,0.061,5437.5,4312.5,1125,0.1852,4593.75,2531.25,2062.5,,,,,,,,,,,,,,,,,,,,,,,,,,,,,,,,,,,,,,,,,,,,,,,,,,,,,,,,,,,,,,,,,,,,,,,,,,,,,,,,,,,,,,,,,,,,,,,,,,,,,,,,,,,,,,,,,,,,,,,,,,,,,,,,,,,,,,,,,,,,
GC-BCVI-RSRG-25-57,j,11,5,32,2,0.5608,5625,2531.25,3093.75,0.0609,5625,4218.75,1406.25,0.0591,5531.25,4406.25,1125,0.0591,5343.75,4312.5,1031.25,0.0645,5250,4312.5,937.5,0.2096,4687.5,2531.25,2156.25,,,,,,,,,,,,,,,,,,,,,,,,,,,,,,,,,,,,,,,,,,,,,,,,,,,,,,,,,,,,,,,,,,,,,,,,,,,,,,,,,,,,,,,,,,,,,,,,,,,,,,,,,,,,,,,,,,,,,,,,,,,,,,,,,,,,,,,,,,,,
GC-BCVI-RSRG-25-59,i,11,11,32,6,1.3617,6843.75,2156.25,4687.5,0.0603,5250,2812.5,2437.5,0.05,4500,2812.5,1687.5,0.1197,4031.25,2343.75,1687.5,0.066,6562.5,4406.25,2156.25,0.0556,6843.75,4968.75,1875,0.1857,5062.5,3187.5,1875,0.0547,5250,2343.75,2906.25,0.0556,5062.5,2437.5,2625,0.0594,5062.5,2156.25,2906.25,,,,,,,,,,,,,,,,,,,,,,,,,,,,,,,,,,,,,,,,,,,,,,,,,,,,,,,,,,,,,,,,,,,,,,,,,,,,,,,,,,,,,,,,,,,,,,,,,,,,,,,,,,,,,,,,,,,,,,,,,,,,
GC-BCVI-RSRG-25-61,i,11,11,32,6,1.3523,6750,2250,4500,0.1107,5718.75,3281.25,2437.5,0.0596,5531.25,3468.75,2062.5,0.0568,4593.75,3375,1218.75,0.0582,4968.75,3375,1593.75,0.1164,3937.5,2250,1687.5,0.0809,6750,4500,2250,0.0724,6562.5,4875,1687.5,0.1987,5156.25,3187.5,1968.75,0.0582,5437.5,2625,2812.5,0.0582,4875,2531.25,2343.75,0.0568,4968.75,2531.25,2437.5,,,,,,,,,,,,,,,,,,,,,,,,,,,,,,,,,,,,,,,,,,,,,,,,,,,,,,,,,,,,,,,,,,,,,,,,,,,,,,,,,,,,,,,,,,,,,,,,,,,,,,,,,,,,,,,,,,,,
GC-BCVI-RSRG-25-63,j,11,5,32,2,0.5381,6656.25,2531.25,4125,0.0515,6656.25,3375,3281.25,0.067,5343.75,3562.5,1781.25,0.0575,5343.75,4312.5,1031.25,0.0646,5156.25,4125,1031.25,0.1975,4593.75,2531.25,2062.5,,,,,,,,,,,,,,,,,,,,,,,,,,,,,,,,,,,,,,,,,,,,,,,,,,,,,,,,,,,,,,,,,,,,,,,,,,,,,,,,,,,,,,,,,,,,,,,,,,,,,,,,,,,,,,,,,,,,,,,,,,,,,,,,,,,,,,,,,,,,
GC-BCVI-RSRG-25-66,j,11,5,32,2,0.5557,5250,2531.25,2718.75,0.0564,5156.25,3562.5,1593.75,0.0495,5250,3562.5,1687.5,0.0619,5156.25,4031.25,1125,0.0537,5156.25,4312.5,843.75,0.2105,4593.75,2531.25,2062.5,,,,,,,,,,,,,,,,,,,,,,,,,,,,,,,,,,,,,,,,,,,,,,,,,,,,,,,,,,,,,,,,,,,,,,,,,,,,,,,,,,,,,,,,,,,,,,,,,,,,,,,,,,,,,,,,,,,,,,,,,,,,,,,,,,,,,,,,,,,,
GC-BCVI-RSRG-25-68,j,11,5,32,2,0.5463,5437.5,2062.5,3375,0.0563,5437.5,2062.5,3375,0.0585,5437.5,4218.75,1218.75,0.0529,5343.75,4406.25,937.5,0.0619,5250,4125,1125,0.2014,4687.5,2437.5,2250,,,,,,,,,,,,,,,,,,,,,,,,,,,,,,,,,,,,,,,,,,,,,,,,,,,,,,,,,,,,,,,,,,,,,,,,,,,,,,,,,,,,,,,,,,,,,,,,,,,,,,,,,,,,,,,,,,,,,,,,,,,,,,,,,,,,,,,,,,,,
GC-BCVI-RSRG-25-69,j,11,5,32,2,0.5602,5437.5,2437.5,3000,0.0697,5437.5,4125,1312.5,0.0596,5437.5,4218.75,1218.75,0.0546,5343.75,4125,1218.75,0.0586,5250,4312.5,937.5,0.2001,4687.5,2437.5,2250,,,,,,,,,,,,,,,,,,,,,,,,,,,,,,,,,,,,,,,,,,,,,,,,,,,,,,,,,,,,,,,,,,,,,,,,,,,,,,,,,,,,,,,,,,,,,,,,,,,,,,,,,,,,,,,,,,,,,,,,,,,,,,,,,,,,,,,,,,,,
GC-BCVI-RSRG-25-70,i,11,11,32,6,1.3496,7968.75,2250,5718.75,0.1018,5250,2906.25,2343.75,0.0499,4875,3187.5,1687.5,0.0499,4406.25,3375,1031.25,0.0477,4968.75,3375,1593.75,0.1093,4312.5,2343.75,1968.75,0.0721,7968.75,4500,3468.75,0.0626,6468.75,4687.5,1781.25,0.1814,5437.5,3000,2437.5,0.0509,5250,2718.75,2531.25,0.053,4687.5,2437.5,2250,0.0541,4687.5,2250,2437.5,,,,,,,,,,,,,,,,,,,,,,,,,,,,,,,,,,,,,,,,,,,,,,,,,,,,,,,,,,,,,,,,,,,,,,,,,,,,,,,,,,,,,,,,,,,,,,,,,,,,,,,,,,,,,,,,,,,,
GC-BCVI-RSRG-25-71,j,11,5,32,2,0.5549,5625,2531.25,3093.75,0.0506,5625,4406.25,1218.75,0.0541,5343.75,4125,1218.75,0.055,5250,4218.75,1031.25,0.0576,5343.75,4218.75,1125,0.2075,4593.75,2531.25,2062.5,,,,,,,,,,,,,,,,,,,,,,,,,,,,,,,,,,,,,,,,,,,,,,,,,,,,,,,,,,,,,,,,,,,,,,,,,,,,,,,,,,,,,,,,,,,,,,,,,,,,,,,,,,,,,,,,,,,,,,,,,,,,,,,,,,,,,,,,,,,,
GC-BCVI-UB1-25-1,a,18,5,58,3,0.6351,5437.5,2156.25,3281.25,0.0588,4781.25,2625,2156.25,0.0534,4218.75,2156.25,2062.5,0.171,5437.5,2437.5,3000,0.0891,4593.75,3750,843.75,0.0855,4500,3750,750,,,,,,,,,,,,,,,,,,,,,,,,,,,,,,,,,,,,,,,,,,,,,,,,,,,,,,,,,,,,,,,,,,,,,,,,,,,,,,,,,,,,,,,,,,,,,,,,,,,,,,,,,,,,,,,,,,,,,,,,,,,,,,,,,,,,,,,,,,,,
GC-BCVI-UB1-25-3,a,18,3,58,2,0.3755,6937.5,3468.75,3468.75,0.1507,6937.5,3656.25,3281.25,0.0873,4218.75,3468.75,750,0.0793,4500,3468.75,1031.25,,,,,,,,,,,,,,,,,,,,,,,,,,,,,,,,,,,,,,,,,,,,,,,,,,,,,,,,,,,,,,,,,,,,,,,,,,,,,,,,,,,,,,,,,,,,,,,,,,,,,,,,,,,,,,,,,,,,,,,,,,,,,,,,,,,,,,,,,,,,,,,,,,,,
GC-BCVI-UB1-25-5,b,18,7,58,5,0.9314,7968.75,2437.5,5531.25,0.1628,7968.75,3562.5,4406.25,0.0789,5531.25,3093.75,2437.5,0.0369,3468.75,2531.25,937.5,0.0357,3281.25,2531.25,750,0.0651,5718.75,3187.5,2531.25,0.0626,5718.75,4031.25,1687.5,0.2078,4781.25,2437.5,2343.75,,,,,,,,,,,,,,,,,,,,,,,,,,,,,,,,,,,,,,,,,,,,,,,,,,,,,,,,,,,,,,,,,,,,,,,,,,,,,,,,,,,,,,,,,,,,,,,,,,,,,,,,,,,,,,,,,,,,,,,,,,,,,,,,,,,,
GC-BCVI-UB1-25-7,b,18,7,58,5,0.961,8062.5,2156.25,5906.25,0.179,8062.5,3093.75,4968.75,0.0699,5343.75,2250,3093.75,0.0364,3093.75,2156.25,937.5,0.0419,3937.5,2156.25,1781.25,0.0727,5718.75,4125,1593.75,0.0741,5625,4406.25,1218.75,0.2223,4687.5,2250,2437.5,,,,,,,,,,,,,,,,,,,,,,,,,,,,,,,,,,,,,,,,,,,,,,,,,,,,,,,,,,,,,,,,,,,,,,,,,,,,,,,,,,,,,,,,,,,,,,,,,,,,,,,,,,,,,,,,,,,,,,,,,,,,,,,,,,,,
GC-BCVI-UB1-25-8,a,18,5,58,3,0.6505,5718.75,2437.5,3281.25,0.0645,4031.25,2625,1406.25,0.0569,3937.5,2437.5,1500,0.1652,5718.75,2531.25,3187.5,0.093,4687.5,3843.75,843.75,0.1017,4593.75,3937.5,656.25,,,,,,,,,,,,,,,,,,,,,,,,,,,,,,,,,,,,,,,,,,,,,,,,,,,,,,,,,,,,,,,,,,,,,,,,,,,,,,,,,,,,,,,,,,,,,,,,,,,,,,,,,,,,,,,,,,,,,,,,,,,,,,,,,,,,,,,,,,,,
GC-BCVI-UB1-25-9,b,18,7,58,5,0.9284,7406.25,2062.5,5343.75,0.1627,7406.25,5250,2156.25,0.0814,5531.25,2906.25,2625,0.0279,3656.25,2718.75,937.5,0.0372,3187.5,2062.5,1125,0.0721,5906.25,4218.75,1687.5,0.0779,5718.75,4406.25,1312.5,0.2092,4687.5,2437.5,2250,,,,,,,,,,,,,,,,,,,,,,,,,,,,,,,,,,,,,,,,,,,,,,,,,,,,,,,,,,,,,,,,,,,,,,,,,,,,,,,,,,,,,,,,,,,,,,,,,,,,,,,,,,,,,,,,,,,,,,,,,,,,,,,,,,,,
GC-BCVI-UB1-25-15,c,18,6,58,3,0.6771,5906.25,2906.25,3000,0.1406,4312.5,3656.25,656.25,0.0532,5062.5,2906.25,2156.25,0.0508,5906.25,3750,2156.25,0.0626,5625,3750,1875,0.0638,5625,4593.75,1031.25,0.1004,4312.5,2906.25,1406.25,,,,,,,,,,,,,,,,,,,,,,,,,,,,,,,,,,,,,,,,,,,,,,,,,,,,,,,,,,,,,,,,,,,,,,,,,,,,,,,,,,,,,,,,,,,,,,,,,,,,,,,,,,,,,,,,,,,,,,,,,,,,,,,,,,,,,,,,
GC-BCVI-UB1-25-20,d,18,1,58,1,0.1551,6093.75,3187.5,2906.25,0.1551,6093.75,3187.5,2906.25,,,,,,,,,,,,,,,,,,,,,,,,,,,,,,,,,,,,,,,,,,,,,,,,,,,,,,,,,,,,,,,,,,,,,,,,,,,,,,,,,,,,,,,,,,,,,,,,,,,,,,,,,,,,,,,,,,,,,,,,,,,,,,,,,,,,,,,,,,,,,,,,,,,,,,,,,,,,
GC-BCVI-UB1-25-21,e,18,9,58,4,0.7562,6093.75,2156.25,3937.5,0.0319,4500,3093.75,1406.25,0.0385,3843.75,2156.25,1687.5,0.03,3750,3000,750,0.0319,3656.25,2531.25,1125,0.0667,5437.5,3187.5,2250,0.1446,6093.75,3093.75,3000,0.046,3843.75,2156.25,1687.5,0.0488,4031.25,2437.5,1593.75,0.0516,3656.25,2156.25,1500,,,,,,,,,,,,,,,,,,,,,,,,,,,,,,,,,,,,,,,,,,,,,,,,,,,,,,,,,,,,,,,,,,,,,,,,,,,,,,,,,,,,,,,,,,,,,,,,,,,,,,,,,,,,,,,,,,,,,,,,,,,,
GC-BCVI-UB1-25-22,f,18,8,58,5,1.1737,7218.75,2437.5,4781.25,0.0984,7218.75,3562.5,3656.25,0.0865,3656.25,2437.5,1218.75,0.0669,6562.5,5625,937.5,0.0577,6187.5,4687.5,1500,0.0551,3750,3000,750,0.0603,3843.75,3375,468.75,0.0525,4031.25,3281.25,750,0.1036,6843.75,3937.5,2906.25,,,,,,,,,,,,,,,,,,,,,,,,,,,,,,,,,,,,,,,,,,,,,,,,,,,,,,,,,,,,,,,,,,,,,,,,,,,,,,,,,,,,,,,,,,,,,,,,,,,,,,,,,,,,,,,,,,,,,,,,,,,,,,,,
GC-BCVI-UB1-25-26,e,18,13,58,6,1.5169,5906.25,2156.25,3750,0.0881,5531.25,3562.5,1968.75,0.0867,3750,2531.25,1218.75,0.1594,5812.5,3656.25,2156.25,0.0322,4781.25,4125,656.25,0.0378,4218.75,2625,1593.75,0.0406,3937.5,2343.75,1593.75,0.0364,3937.5,2156.25,1781.25,0.0392,4218.75,2156.25,2062.5,0.0755,5718.75,3468.75,2250,0.1608,5906.25,3187.5,2718.75,0.0559,3562.5,2625,937.5,0.0671,3843.75,2250,1593.75,0.0489,3843.75,2156.25,1687.5,,,,,,,,,,,,,,,,,,,,,,,,,,,,,,,,,,,,,,,,,,,,,,,,,,,,,,,,,,,,,,,,,,,,,,,,,,,,,,,,,,,,,,,,,,,,,,,,,,,,,,,,,,,,
GC-BCVI-UB1-25-29,e,18,11,58,5,1.1466,6187.5,2250,3937.5,0.1576,5812.5,3468.75,2343.75,0.0486,4500,2250,2250,0.0412,3937.5,3562.5,375,0.0368,3656.25,3375,281.25,0.0398,3750,3093.75,656.25,0.0412,3937.5,2625,1312.5,0.1104,5531.25,3281.25,2250,0.1797,6187.5,2718.75,3468.75,0.0589,3656.25,2250,1406.25,0.0501,3562.5,2250,1312.5,0.0442,3843.75,2531.25,1312.5,,,,,,,,,,,,,,,,,,,,,,,,,,,,,,,,,,,,,,,,,,,,,,,,,,,,,,,,,,,,,,,,,,,,,,,,,,,,,,,,,,,,,,,,,,,,,,,,,,,,,,,,,,,,,,,,,,,,
GC-BCVI-UB1-25-35,g,18,7,58,2,0.4496,5906.25,2812.5,3093.75,0.0621,4218.75,2812.5,1406.25,0.066,4781.25,3562.5,1218.75,0.0229,4031.25,2812.5,1218.75,0.0348,4500,3375,1125,0.0357,5343.75,4406.25,937.5,0.0393,5906.25,4968.75,937.5,0.0448,5906.25,5156.25,750,,,,,,,,,,,,,,,,,,,,,,,,,,,,,,,,,,,,,,,,,,,,,,,,,,,,,,,,,,,,,,,,,,,,,,,,,,,,,,,,,,,,,,,,,,,,,,,,,,,,,,,,,,,,,,,,,,,,,,,,,,,,,,,,,,,,
GC-BCVI-UB1-25-43,h,18,5,58,3,0.4718,5531.25,2531.25,3000,0.0347,5062.5,4500,562.5,0.0424,4875,3468.75,1406.25,0.0475,4875,3843.75,1031.25,0.0642,4875,3750,1125,0.0853,5531.25,3843.75,1687.5,0.1089,5062.5,2531.25,2531.25,,,,,,,,,,,,,,,,,,,,,,,,,,,,,,,,,,,,,,,,,,,,,,,,,,,,,,,,,,,,,,,,,,,,,,,,,,,,,,,,,,,,,,,,,,,,,,,,,,,,,,,,,,,,,,,,,,,,,,,,,,,,,,,,,,,,,,,,
GC-BCVI-UB1-25-46,h,18,7,58,3,0.5307,5625,2250,3375,0.032,5156.25,3468.75,1687.5,0.0517,4218.75,3562.5,656.25,0.043,4218.75,3468.75,750,0.0455,5156.25,4125,1031.25,0.0603,5156.25,4031.25,1125,0.0726,5625,4218.75,1406.25,0.1205,5062.5,2250,2812.5,,,,,,,,,,,,,,,,,,,,,,,,,,,,,,,,,,,,,,,,,,,,,,,,,,,,,,,,,,,,,,,,,,,,,,,,,,,,,,,,,,,,,,,,,,,,,,,,,,,,,,,,,,,,,,,,,,,,,,,,,,,,,,,,,,,,
GC-BCVI-UB1-25-47,i,18,8,58,4,0.8269,7312.5,2437.5,4875,0.0634,7125,5156.25,1968.75,0.074,5343.75,4218.75,1125,0.0669,5250,2437.5,2812.5,0.0405,6000,4875,1125,0.0458,7312.5,3937.5,3375,0.037,4593.75,4031.25,562.5,0.044,4500,3750,750,0.1356,6093.75,3000,3093.75,,,,,,,,,,,,,,,,,,,,,,,,,,,,,,,,,,,,,,,,,,,,,,,,,,,,,,,,,,,,,,,,,,,,,,,,,,,,,,,,,,,,,,,,,,,,,,,,,,,,,,,,,,,,,,,,,,,,,,,,,,,,,,,,
GC-BCVI-UB1-25-48,j,18,4,58,2,0.4348,7406.25,2343.75,5062.5,0.1588,7406.25,2812.5,4593.75,0.0509,4406.25,2343.75,2062.5,0.0695,5812.5,3375,2437.5,0.0779,5437.5,3656.25,1781.25,,,,,,,,,,,,,,,,,,,,,,,,,,,,,,,,,,,,,,,,,,,,,,,,,,,,,,,,,,,,,,,,,,,,,,,,,,,,,,,,,,,,,,,,,,,,,,,,,,,,,,,,,,,,,,,,,,,,,,,,,,,,,,,,,,,,,,,,,,,,,,,,
GC-BCVI-UB1-25-50,k,18,8,58,6,0.8863,7312.5,2250,5062.5,0.0596,5343.75,3750,1593.75,0.0447,5437.5,4312.5,1125,0.0522,5531.25,3843.75,1687.5,0.0534,7312.5,4500,2812.5,0.0534,6562.5,4500,2062.5,0.1403,5156.25,4218.75,937.5,0.1316,4781.25,2250,2531.25,0.0683,3843.75,2437.5,1406.25,,,,,,,,,,,,,,,,,,,,,,,,,,,,,,,,,,,,,,,,,,,,,,,,,,,,,,,,,,,,,,,,,,,,,,,,,,,,,,,,,,,,,,,,,,,,,,,,,,,,,,,,,,,,,,,,,,,,,,,,,,,,,,,,
GC-BCVI-UB1-25-53,g,18,13,58,5,1.3362,7218.75,2718.75,4500,0.1854,5625,3468.75,2156.25,0.0765,4968.75,4218.75,750,0.0425,4406.25,3000,1406.25,0.0493,4312.5,2718.75,1593.75,0.0544,4031.25,2812.5,1218.75,0.0561,3937.5,2718.75,1218.75,0.1004,6375,3843.75,2531.25,0.0953,5906.25,4875,1031.25,0.034,4218.75,3093.75,1125,0.0306,4406.25,4031.25,375,0.034,5437.5,4500,937.5,0.0425,5718.75,4968.75,750,0.0629,7218.75,4781.25,2437.5,,,,,,,,,,,,,,,,,,,,,,,,,,,,,,,,,,,,,,,,,,,,,,,,,,,,,,,,,,,,,,,,,,,,,,,,,,,,,,,,,,,,,,,,,,,,,,,,,,,,,,,,,,,,
GC-BCVI-UB1-25-55,j,18,4,58,2,0.4233,7875,2437.5,5437.5,0.1472,7875,3468.75,4406.25,0.0562,4031.25,2531.25,1500,0.0679,5156.25,2437.5,2718.75,0.0682,5062.5,3937.5,1125,,,,,,,,,,,,,,,,,,,,,,,,,,,,,,,,,,,,,,,,,,,,,,,,,,,,,,,,,,,,,,,,,,,,,,,,,,,,,,,,,,,,,,,,,,,,,,,,,,,,,,,,,,,,,,,,,,,,,,,,,,,,,,,,,,,,,,,,,,,,,,,,
GC-BCVI-UB1-25-59,k,18,8,58,6,0.9189,7312.5,2156.25,5156.25,0.0678,6000,4312.5,1687.5,0.0538,5625,4312.5,1312.5,0.0602,5343.75,4593.75,750,0.055,7312.5,5156.25,2156.25,0.0602,7031.25,4687.5,2343.75,0.1421,5437.5,4312.5,1125,0.1165,4125,2156.25,1968.75,0.064,3750,2343.75,1406.25,,,,,,,,,,,,,,,,,,,,,,,,,,,,,,,,,,,,,,,,,,,,,,,,,,,,,,,,,,,,,,,,,,,,,,,,,,,,,,,,,,,,,,,,,,,,,,,,,,,,,,,,,,,,,,,,,,,,,,,,,,,,,,,,
GC-BCVI-UB1-25-62,k,18,7,58,6,0.8296,7500,2437.5,5062.5,0.0575,7500,5343.75,2156.25,0.048,5531.25,4593.75,937.5,0.0504,6656.25,4500,2156.25,0.0519,5718.75,5062.5,656.25,0.1377,5343.75,3187.5,2156.25,0.1126,4687.5,2437.5,2250,0.0685,3750,2531.25,1218.75,,,,,,,,,,,,,,,,,,,,,,,,,,,,,,,,,,,,,,,,,,,,,,,,,,,,,,,,,,,,,,,,,,,,,,,,,,,,,,,,,,,,,,,,,,,,,,,,,,,,,,,,,,,,,,,,,,,,,,,,,,,,,,,,,,,,
GC-BCVI-UB1-25-66,k,18,8,58,6,0.8101,7218.75,2250,4968.75,0.0449,7218.75,5062.5,2156.25,0.0502,5812.5,4500,1312.5,0.0534,5812.5,4031.25,1781.25,0.0481,6375,4500,1875,0.0651,6000,4500,1500,0.1516,5343.75,2531.25,2812.5,0.1495,4781.25,2250,2531.25,0.0737,4312.5,2343.75,1968.75,,,,,,,,,,,,,,,,,,,,,,,,,,,,,,,,,,,,,,,,,,,,,,,,,,,,,,,,,,,,,,,,,,,,,,,,,,,,,,,,,,,,,,,,,,,,,,,,,,,,,,,,,,,,,,,,,,,,,,,,,,,,,,,,
GC-BCVI-UB1-25-68,h,18,6,58,3,0.4863,5718.75,2250,3468.75,0.0449,4125,3562.5,562.5,0.0366,4218.75,3375,843.75,0.0471,4687.5,3093.75,1593.75,0.0471,4968.75,3843.75,1125,0.0763,5718.75,3375,2343.75,0.1152,4687.5,2250,2437.5,,,,,,,,,,,,,,,,,,,,,,,,,,,,,,,,,,,,,,,,,,,,,,,,,,,,,,,,,,,,,,,,,,,,,,,,,,,,,,,,,,,,,,,,,,,,,,,,,,,,,,,,,,,,,,,,,,,,,,,,,,,,,,,,,,,,,,,,
GC-BCVI-UB1-25-70,k,18,8,58,6,0.8652,7125,2437.5,4687.5,0.0608,5906.25,3562.5,2343.75,0.0531,4781.25,2812.5,1968.75,0.0575,5625,4500,1125,0.0608,7125,4593.75,2531.25,0.0664,6000,4593.75,1406.25,0.1372,5250,4125,1125,0.1106,4593.75,2437.5,2156.25,0.0852,4031.25,2625,1406.25,,,,,,,,,,,,,,,,,,,,,,,,,,,,,,,,,,,,,,,,,,,,,,,,,,,,,,,,,,,,,,,,,,,,,,,,,,,,,,,,,,,,,,,,,,,,,,,,,,,,,,,,,,,,,,,,,,,,,,,,,,,,,,,,
GC-BCVI-UB1-25-77,k,18,7,58,5,0.7482,7125,2156.25,4968.75,0.0431,5718.75,4593.75,1125,0.0553,6000,4593.75,1406.25,0.0453,7125,4312.5,2812.5,0.0735,6375,4593.75,1781.25,0.1426,5250,4218.75,1031.25,0.1117,4500,2156.25,2343.75,0.0719,4031.25,2437.5,1593.75,,,,,,,,,,,,,,,,,,,,,,,,,,,,,,,,,,,,,,,,,,,,,,,,,,,,,,,,,,,,,,,,,,,,,,,,,,,,,,,,,,,,,,,,,,,,,,,,,,,,,,,,,,,,,,,,,,,,,,,,,,,,,,,,,,,,
GC-BCVI-UB1-25-78,j,18,4,58,2,0.4306,7031.25,2718.75,4312.5,0.1763,7031.25,3656.25,3375,0.0453,4406.25,2718.75,1687.5,0.0679,5250,4125,1125,0.056,5250,3843.75,1406.25,,,,,,,,,,,,,,,,,,,,,,,,,,,,,,,,,,,,,,,,,,,,,,,,,,,,,,,,,,,,,,,,,,,,,,,,,,,,,,,,,,,,,,,,,,,,,,,,,,,,,,,,,,,,,,,,,,,,,,,,,,,,,,,,,,,,,,,,,,,,,,,,
GC-BCVI-UB1-25-80,k,18,9,58,6,0.9187,7125,2343.75,4781.25,0.0729,7125,4406.25,2718.75,0.0424,5625,2718.75,2906.25,0.0475,4687.5,2718.75,1968.75,0.0492,6937.5,3843.75,3093.75,0.0712,6375,4312.5,2062.5,0.1408,5156.25,4218.75,937.5,0.1323,4593.75,2343.75,2250,0.0746,4031.25,2437.5,1593.75,,,,,,,,,,,,,,,,,,,,,,,,,,,,,,,,,,,,,,,,,,,,,,,,,,,,,,,,,,,,,,,,,,,,,,,,,,,,,,,,,,,,,,,,,,,,,,,,,,,,,,,,,,,,,,,,,,,,,,,,,,,,,,,,
GC-BCVI-UB1-25-81,i,18,7,58,4,0.8146,5906.25,3000,2906.25,0.0731,5906.25,5062.5,843.75,0.0783,5437.5,5062.5,375,0.0652,5812.5,3562.5,2250,0.0339,5250,3468.75,1781.25,0.0444,4687.5,4125,562.5,0.0378,5062.5,4031.25,1031.25,0.1252,5718.75,3000,2718.75,,,,,,,,,,,,,,,,,,,,,,,,,,,,,,,,,,,,,,,,,,,,,,,,,,,,,,,,,,,,,,,,,,,,,,,,,,,,,,,,,,,,,,,,,,,,,,,,,,,,,,,,,,,,,,,,,,,,,,,,,,,,,,,,,,,,
GC-BCVI-UB1-25-82,j,18,4,58,2,0.4543,7031.25,2531.25,4500,0.1722,7031.25,3562.5,3468.75,0.049,3750,2531.25,1218.75,0.0742,5625,3656.25,1968.75,0.0727,6093.75,3656.25,2437.5,,,,,,,,,,,,,,,,,,,,,,,,,,,,,,,,,,,,,,,,,,,,,,,,,,,,,,,,,,,,,,,,,,,,,,,,,,,,,,,,,,,,,,,,,,,,,,,,,,,,,,,,,,,,,,,,,,,,,,,,,,,,,,,,,,,,,,,,,,,,,,,,
GC-BCVI-UB1-25-88,k,18,7,58,5,0.7286,6562.5,2343.75,4218.75,0.0461,5156.25,4687.5,468.75,0.0519,5437.5,4406.25,1031.25,0.0519,6562.5,4593.75,1968.75,0.0554,6187.5,4687.5,1500,0.1454,5250,4406.25,843.75,0.1292,4687.5,2343.75,2343.75,0.0704,4031.25,2531.25,1500,,,,,,,,,,,,,,,,,,,,,,,,,,,,,,,,,,,,,,,,,,,,,,,,,,,,,,,,,,,,,,,,,,,,,,,,,,,,,,,,,,,,,,,,,,,,,,,,,,,,,,,,,,,,,,,,,,,,,,,,,,,,,,,,,,,,
GC-BCVI-UB1-25-91,h,18,6,58,3,0.5109,5718.75,2250,3468.75,0.04,4687.5,3468.75,1218.75,0.0475,4875,3937.5,937.5,0.0549,5062.5,3937.5,1125,0.0537,5250,4406.25,843.75,0.0687,5718.75,4218.75,1500,0.1299,5250,2250,3000,,,,,,,,,,,,,,,,,,,,,,,,,,,,,,,,,,,,,,,,,,,,,,,,,,,,,,,,,,,,,,,,,,,,,,,,,,,,,,,,,,,,,,,,,,,,,,,,,,,,,,,,,,,,,,,,,,,,,,,,,,,,,,,,,,,,,,,,
GC-BCVI-UB1-25-93,l,18,8,58,2,0.5297,7312.5,3843.75,3468.75,0.0835,6843.75,4218.75,2625,0.0775,6281.25,5062.5,1218.75,0.0274,5062.5,3843.75,1218.75,0.0248,4687.5,4218.75,468.75,0.0291,5718.75,5343.75,375,0.03,6281.25,4593.75,1687.5,0.0308,6000,5156.25,843.75,0.0411,7312.5,5531.25,1781.25,,,,,,,,,,,,,,,,,,,,,,,,,,,,,,,,,,,,,,,,,,,,,,,,,,,,,,,,,,,,,,,,,,,,,,,,,,,,,,,,,,,,,,,,,,,,,,,,,,,,,,,,,,,,,,,,,,,,,,,,,,,,,,,,
GC-BCVI-UB1-25-94,l,18,6,58,2,0.4633,6375,2812.5,3562.5,0.0273,4406.25,4125,281.25,0.029,3750,2812.5,937.5,0.037,5156.25,4312.5,843.75,0.0434,6093.75,4875,1218.75,0.082,6375,4687.5,1687.5,0.0949,6375,5437.5,937.5,,,,,,,,,,,,,,,,,,,,,,,,,,,,,,,,,,,,,,,,,,,,,,,,,,,,,,,,,,,,,,,,,,,,,,,,,,,,,,,,,,,,,,,,,,,,,,,,,,,,,,,,,,,,,,,,,,,,,,,,,,,,,,,,,,,,,,,,
GC-BCVI-UB1-25-98,m,18,1,58,1,0.0931,6281.25,3937.5,2343.75,0.0931,6281.25,3937.5,2343.75,,,,,,,,,,,,,,,,,,,,,,,,,,,,,,,,,,,,,,,,,,,,,,,,,,,,,,,,,,,,,,,,,,,,,,,,,,,,,,,,,,,,,,,,,,,,,,,,,,,,,,,,,,,,,,,,,,,,,,,,,,,,,,,,,,,,,,,,,,,,,,,,,,,,,,,,,,,,
GC-BCVI-UB1-25-100,n,18,3,58,1,0.1847,5250,3750,1500,0.0494,5250,3750,1500,0.0502,4781.25,4031.25,750,0.046,4875,4218.75,656.25,,,,,,,,,,,,,,,,,,,,,,,,,,,,,,,,,,,,,,,,,,,,,,,,,,,,,,,,,,,,,,,,,,,,,,,,,,,,,,,,,,,,,,,,,,,,,,,,,,,,,,,,,,,,,,,,,,,,,,,,,,,,,,,,,,,,,,,,,,,,,,,,,,,,
GC-BCVI-UB1-25-101,o,18,5,58,4,0.7476,6750,2250,4500,0.1347,6750,3937.5,2812.5,0.196,4875,4312.5,562.5,0.0674,4031.25,2531.25,1500,0.0633,4125,2250,1875,0.1021,4687.5,2531.25,2156.25,,,,,,,,,,,,,,,,,,,,,,,,,,,,,,,,,,,,,,,,,,,,,,,,,,,,,,,,,,,,,,,,,,,,,,,,,,,,,,,,,,,,,,,,,,,,,,,,,,,,,,,,,,,,,,,,,,,,,,,,,,,,,,,,,,,,,,,,,,,,
GC-BCVI-UB1-25-106,l,18,7,58,2,0.5071,6281.25,2718.75,3562.5,0.0978,6281.25,4406.25,1875,0.0824,5625,4781.25,843.75,0.0232,3843.75,2718.75,1125,0.0257,4593.75,3843.75,750,0.0373,5437.5,4781.25,656.25,0.0335,5812.5,4875,937.5,0.036,6000,4875,1125,,,,,,,,,,,,,,,,,,,,,,,,,,,,,,,,,,,,,,,,,,,,,,,,,,,,,,,,,,,,,,,,,,,,,,,,,,,,,,,,,,,,,,,,,,,,,,,,,,,,,,,,,,,,,,,,,,,,,,,,,,,,,,,,,,,,
GC-BCVI-UB1-25-107,o,18,6,58,5,0.8003,7218.75,2531.25,4687.5,0.1335,6468.75,3843.75,2625,0.0373,7218.75,5531.25,1687.5,0.2041,5531.25,4125,1406.25,0.0608,3937.5,2531.25,1406.25,0.0746,4031.25,2625,1406.25,0.1099,4781.25,2531.25,2250,,,,,,,,,,,,,,,,,,,,,,,,,,,,,,,,,,,,,,,,,,,,,,,,,,,,,,,,,,,,,,,,,,,,,,,,,,,,,,,,,,,,,,,,,,,,,,,,,,,,,,,,,,,,,,,,,,,,,,,,,,,,,,,,,,,,,,,,
GC-BCVI-UB1-25-108,p,18,1,58,1,0.0845,5718.75,2718.75,3000,0.0845,5718.75,2718.75,3000,,,,,,,,,,,,,,,,,,,,,,,,,,,,,,,,,,,,,,,,,,,,,,,,,,,,,,,,,,,,,,,,,,,,,,,,,,,,,,,,,,,,,,,,,,,,,,,,,,,,,,,,,,,,,,,,,,,,,,,,,,,,,,,,,,,,,,,,,,,,,,,,,,,,,,,,,,,,
GC-BCVI-UB1-25-109,l,18,7,58,2,0.4956,7781.25,3000,4781.25,0.09,7781.25,4218.75,3562.5,0.0792,5625,4406.25,1218.75,0.0336,4218.75,3000,1218.75,0.0295,4406.25,3750,656.25,0.0336,5343.75,4687.5,656.25,0.0376,5718.75,4875,843.75,0.0389,5437.5,4687.5,750,,,,,,,,,,,,,,,,,,,,,,,,,,,,,,,,,,,,,,,,,,,,,,,,,,,,,,,,,,,,,,,,,,,,,,,,,,,,,,,,,,,,,,,,,,,,,,,,,,,,,,,,,,,,,,,,,,,,,,,,,,,,,,,,,,,,
GC-BCVI-UB1-25-110,q,18,4,58,2,0.4329,6562.5,2718.75,3843.75,0.096,6562.5,2718.75,3843.75,0.0622,4593.75,3093.75,1500,0.0676,4312.5,2718.75,1593.75,0.069,5062.5,2718.75,2343.75,,,,,,,,,,,,,,,,,,,,,,,,,,,,,,,,,,,,,,,,,,,,,,,,,,,,,,,,,,,,,,,,,,,,,,,,,,,,,,,,,,,,,,,,,,,,,,,,,,,,,,,,,,,,,,,,,,,,,,,,,,,,,,,,,,,,,,,,,,,,,,,,
GC-BCVI-UB1-25-111,r,18,5,58,3,0.5726,7125,2062.5,5062.5,0.1171,7125,4031.25,3093.75,0.0461,6468.75,4781.25,1687.5,0.0436,6093.75,4687.5,1406.25,0.0473,6281.25,4781.25,1500,0.1382,3750,2062.5,1687.5,,,,,,,,,,,,,,,,,,,,,,,,,,,,,,,,,,,,,,,,,,,,,,,,,,,,,,,,,,,,,,,,,,,,,,,,,,,,,,,,,,,,,,,,,,,,,,,,,,,,,,,,,,,,,,,,,,,,,,,,,,,,,,,,,,,,,,,,,,,,
GC-BCVI-UB1-25-112,q,18,4,58,2,0.4432,6281.25,2625,3656.25,0.0877,6281.25,3656.25,2625,0.0601,4875,3375,1500,0.0649,4687.5,3468.75,1218.75,0.0617,4312.5,2625,1687.5,,,,,,,,,,,,,,,,,,,,,,,,,,,,,,,,,,,,,,,,,,,,,,,,,,,,,,,,,,,,,,,,,,,,,,,,,,,,,,,,,,,,,,,,,,,,,,,,,,,,,,,,,,,,,,,,,,,,,,,,,,,,,,,,,,,,,,,,,,,,,,,,
GC-BCVI-UB1-25-114,l,18,7,58,2,0.4809,6093.75,3375,2718.75,0.0912,6093.75,5156.25,937.5,0.0814,5906.25,4968.75,937.5,0.0271,3937.5,3375,562.5,0.0228,4406.25,4218.75,187.5,0.0326,5156.25,4593.75,562.5,0.0391,5718.75,5062.5,656.25,0.0315,5625,4312.5,1312.5,,,,,,,,,,,,,,,,,,,,,,,,,,,,,,,,,,,,,,,,,,,,,,,,,,,,,,,,,,,,,,,,,,,,,,,,,,,,,,,,,,,,,,,,,,,,,,,,,,,,,,,,,,,,,,,,,,,,,,,,,,,,,,,,,,,,
GC-BCVI-UB1-25-117,o,18,5,58,4,0.7762,6187.5,2343.75,3843.75,0.1278,6187.5,3468.75,2718.75,0.2073,4968.75,4031.25,937.5,0.0651,3937.5,2437.5,1500,0.0675,3937.5,2343.75,1593.75,0.1157,4687.5,2625,2062.5,,,,,,,,,,,,,,,,,,,,,,,,,,,,,,,,,,,,,,,,,,,,,,,,,,,,,,,,,,,,,,,,,,,,,,,,,,,,,,,,,,,,,,,,,,,,,,,,,,,,,,,,,,,,,,,,,,,,,,,,,,,,,,,,,,,,,,,,,,,,
GC-BCVI-UB1-25-119,o,18,5,58,4,0.7328,7031.25,2250,4781.25,0.1229,7031.25,3750,3281.25,0.2001,4781.25,3562.5,1218.75,0.0771,3937.5,2250,1687.5,0.0723,3937.5,2531.25,1406.25,0.1085,4406.25,2625,1781.25,,,,,,,,,,,,,,,,,,,,,,,,,,,,,,,,,,,,,,,,,,,,,,,,,,,,,,,,,,,,,,,,,,,,,,,,,,,,,,,,,,,,,,,,,,,,,,,,,,,,,,,,,,,,,,,,,,,,,,,,,,,,,,,,,,,,,,,,,,,,
GC-BCVI-UB1-25-125,n,18,3,58,1,0.1908,5156.25,3375,1781.25,0.0423,5156.25,3937.5,1218.75,0.0435,4781.25,4125,656.25,0.0486,4500,3375,1125,,,,,,,,,,,,,,,,,,,,,,,,,,,,,,,,,,,,,,,,,,,,,,,,,,,,,,,,,,,,,,,,,,,,,,,,,,,,,,,,,,,,,,,,,,,,,,,,,,,,,,,,,,,,,,,,,,,,,,,,,,,,,,,,,,,,,,,,,,,,,,,,,,,,
GC-BCVI-UB1-25-130,l,18,7,58,2,0.4617,6093.75,3093.75,3000,0.0907,6093.75,4125,1968.75,0.0865,5906.25,4687.5,1218.75,0.0251,3562.5,3093.75,468.75,0.0349,4500,3562.5,937.5,0.0418,4968.75,4593.75,375,0.0363,5812.5,4968.75,843.75,0.0432,5906.25,5343.75,562.5,,,,,,,,,,,,,,,,,,,,,,,,,,,,,,,,,,,,,,,,,,,,,,,,,,,,,,,,,,,,,,,,,,,,,,,,,,,,,,,,,,,,,,,,,,,,,,,,,,,,,,,,,,,,,,,,,,,,,,,,,,,,,,,,,,,,
GC-BCVI-UB1-25-137,l,18,11,58,4,0.982,6375,3375,3000,0.0899,4593.75,3468.75,1125,0.0409,4593.75,3656.25,937.5,0.0463,4593.75,3656.25,937.5,0.045,4687.5,3750,937.5,0.0995,6375,3937.5,2437.5,0.0913,5812.5,4968.75,843.75,0.03,3656.25,3375,281.25,0.03,4312.5,3750,562.5,0.0354,5625,4500,1125,0.0382,6000,4500,1500,0.0436,5906.25,4875,1031.25,,,,,,,,,,,,,,,,,,,,,,,,,,,,,,,,,,,,,,,,,,,,,,,,,,,,,,,,,,,,,,,,,,,,,,,,,,,,,,,,,,,,,,,,,,,,,,,,,,,,,,,,,,,,,,,,,,,,
GC-BCVI-UB7-25-1,a,16,3,53,2,0.4793,5531.25,2437.5,3093.75,0.0734,5531.25,4781.25,750,0.0899,5531.25,4875,656.25,0.2582,4312.5,2437.5,1875,,,,,,,,,,,,,,,,,,,,,,,,,,,,,,,,,,,,,,,,,,,,,,,,,,,,,,,,,,,,,,,,,,,,,,,,,,,,,,,,,,,,,,,,,,,,,,,,,,,,,,,,,,,,,,,,,,,,,,,,,,,,,,,,,,,,,,,,,,,,,,,,,,,,
GC-BCVI-UB7-25-2,b,16,8,53,5,0.9174,6468.75,2250,4218.75,0.137,4875,4687.5,187.5,0.0867,5156.25,3093.75,2062.5,0.0461,5343.75,3093.75,2250,0.0433,4687.5,2812.5,1875,0.0671,6093.75,4406.25,1687.5,0.0643,6468.75,4781.25,1687.5,0.0573,5250,4781.25,468.75,0.1524,4781.25,2250,2531.25,,,,,,,,,,,,,,,,,,,,,,,,,,,,,,,,,,,,,,,,,,,,,,,,,,,,,,,,,,,,,,,,,,,,,,,,,,,,,,,,,,,,,,,,,,,,,,,,,,,,,,,,,,,,,,,,,,,,,,,,,,,,,,,,
GC-BCVI-UB7-25-3,c,16,12,53,3,0.9088,5343.75,1968.75,3375,0.0773,4781.25,2531.25,2250,0.0668,5343.75,2531.25,2812.5,0.0668,4875,3187.5,1687.5,0.0393,5062.5,4031.25,1031.25,0.0367,4875,3750,1125,0.0432,4875,3468.75,1406.25,0.0432,4125,3000,1125,0.0406,3656.25,2906.25,750,0.0406,3375,2906.25,468.75,0.0432,3468.75,2906.25,562.5,0.0472,3187.5,2812.5,375,0.0537,3281.25,1968.75,1312.5,,,,,,,,,,,,,,,,,,,,,,,,,,,,,,,,,,,,,,,,,,,,,,,,,,,,,,,,,,,,,,,,,,,,,,,,,,,,,,,,,,,,,,,,,,,,,,,,,,,,,,,,,,,,,,,,
GC-BCVI-UB7-25-4,b,16,6,53,3,0.5037,6281.25,2156.25,4125,0.0385,4687.5,2812.5,1875,0.0428,5437.5,2812.5,2625,0.057,6000,4218.75,1781.25,0.0599,6281.25,4500,1781.25,0.0599,6281.25,4593.75,1687.5,0.1611,4593.75,2156.25,2437.5,,,,,,,,,,,,,,,,,,,,,,,,,,,,,,,,,,,,,,,,,,,,,,,,,,,,,,,,,,,,,,,,,,,,,,,,,,,,,,,,,,,,,,,,,,,,,,,,,,,,,,,,,,,,,,,,,,,,,,,,,,,,,,,,,,,,,,,,
GC-BCVI-UB7-25-5,d,16,6,53,3,0.5044,6281.25,2156.25,4125,0.0333,4687.5,2812.5,1875,0.0403,5437.5,2812.5,2625,0.0565,6000,4218.75,1781.25,0.0524,6281.25,4687.5,1593.75,0.0544,6281.25,4593.75,1687.5,0.1603,4593.75,2156.25,2437.5,,,,,,,,,,,,,,,,,,,,,,,,,,,,,,,,,,,,,,,,,,,,,,,,,,,,,,,,,,,,,,,,,,,,,,,,,,,,,,,,,,,,,,,,,,,,,,,,,,,,,,,,,,,,,,,,,,,,,,,,,,,,,,,,,,,,,,,,
GC-BCVI-UB7-25-6,d,16,6,53,3,0.6356,5625,2343.75,3281.25,0.1387,5625,3750,1875,0.0366,5625,3562.5,2062.5,0.0456,4500,3375,1125,0.0565,4500,3843.75,656.25,0.0565,5156.25,3843.75,1312.5,0.0872,3562.5,2343.75,1218.75,,,,,,,,,,,,,,,,,,,,,,,,,,,,,,,,,,,,,,,,,,,,,,,,,,,,,,,,,,,,,,,,,,,,,,,,,,,,,,,,,,,,,,,,,,,,,,,,,,,,,,,,,,,,,,,,,,,,,,,,,,,,,,,,,,,,,,,,
GC-BCVI-UB7-25-7,d,16,6,53,3,0.6624,5625,2156.25,3468.75,0.1471,5343.75,3937.5,1406.25,0.0509,5062.5,3468.75,1593.75,0.0509,5625,3937.5,1687.5,0.0528,5625,3468.75,2156.25,0.0566,5062.5,3843.75,1218.75,0.1075,3656.25,2156.25,1500,,,,,,,,,,,,,,,,,,,,,,,,,,,,,,,,,,,,,,,,,,,,,,,,,,,,,,,,,,,,,,,,,,,,,,,,,,,,,,,,,,,,,,,,,,,,,,,,,,,,,,,,,,,,,,,,,,,,,,,,,,,,,,,,,,,,,,,,
GC-BCVI-UB7-25-8,e,16,3,53,2,0.4179,6093.75,2343.75,3750,0.1439,6093.75,2625,3468.75,0.059,4781.25,2343.75,2437.5,0.1335,5156.25,2343.75,2812.5,,,,,,,,,,,,,,,,,,,,,,,,,,,,,,,,,,,,,,,,,,,,,,,,,,,,,,,,,,,,,,,,,,,,,,,,,,,,,,,,,,,,,,,,,,,,,,,,,,,,,,,,,,,,,,,,,,,,,,,,,,,,,,,,,,,,,,,,,,,,,,,,,,,,
GC-BCVI-UB7-25-9,d,16,6,53,3,0.5995,6281.25,2062.5,4218.75,0.1573,6281.25,2062.5,4218.75,0.0499,4875,3468.75,1406.25,0.0424,5718.75,3562.5,2156.25,0.0471,5531.25,3468.75,2062.5,0.0518,4968.75,3562.5,1406.25,0.0876,3562.5,2343.75,1218.75,,,,,,,,,,,,,,,,,,,,,,,,,,,,,,,,,,,,,,,,,,,,,,,,,,,,,,,,,,,,,,,,,,,,,,,,,,,,,,,,,,,,,,,,,,,,,,,,,,,,,,,,,,,,,,,,,,,,,,,,,,,,,,,,,,,,,,,,
GC-BCVI-UB7-25-10,d,16,6,53,3,0.6376,5718.75,2250,3468.75,0.1508,5718.75,2531.25,3187.5,0.0483,5625,4500,1125,0.0561,4968.75,3750,1218.75,0.0522,4500,3750,750,0.0599,5156.25,2906.25,2250,0.1006,3656.25,2250,1406.25,,,,,,,,,,,,,,,,,,,,,,,,,,,,,,,,,,,,,,,,,,,,,,,,,,,,,,,,,,,,,,,,,,,,,,,,,,,,,,,,,,,,,,,,,,,,,,,,,,,,,,,,,,,,,,,,,,,,,,,,,,,,,,,,,,,,,,,,
GC-BCVI-UB7-25-11,f,16,8,53,5,1.1866,5906.25,2156.25,3750,0.0509,5250,2906.25,2343.75,0.0528,5625,4218.75,1406.25,0.081,3281.25,2156.25,1125,0.1225,5906.25,3281.25,2625,0.0528,3468.75,2250,1218.75,0.0641,4125,2156.25,1968.75,0.0622,3656.25,2812.5,843.75,0.2205,4218.75,2437.5,1781.25,,,,,,,,,,,,,,,,,,,,,,,,,,,,,,,,,,,,,,,,,,,,,,,,,,,,,,,,,,,,,,,,,,,,,,,,,,,,,,,,,,,,,,,,,,,,,,,,,,,,,,,,,,,,,,,,,,,,,,,,,,,,,,,,
GC-BCVI-UB7-25-12,g,16,8,53,6,1.1686,6468.75,2156.25,4312.5,0.0984,5062.5,2343.75,2718.75,0.0673,5437.5,3843.75,1593.75,0.0897,6468.75,3656.25,2812.5,0.0604,4687.5,3656.25,1031.25,0.2192,3656.25,2156.25,1500,0.0604,5156.25,4031.25,1125,0.0535,5437.5,3843.75,1593.75,0.0656,5156.25,3468.75,1687.5,,,,,,,,,,,,,,,,,,,,,,,,,,,,,,,,,,,,,,,,,,,,,,,,,,,,,,,,,,,,,,,,,,,,,,,,,,,,,,,,,,,,,,,,,,,,,,,,,,,,,,,,,,,,,,,,,,,,,,,,,,,,,,,,
GC-BCVI-UB7-25-13,g,16,9,53,6,1.3317,6750,2250,4500,0.1329,6093.75,3562.5,2531.25,0.1204,5062.5,2437.5,2625,0.1848,6750,2531.25,4218.75,0.0644,4312.5,2531.25,1781.25,0.2034,3750,2250,1500,0.0644,5156.25,4125,1031.25,0.0644,4406.25,3656.25,750,0.0664,5156.25,3281.25,1875,0.0747,4968.75,2625,2343.75,,,,,,,,,,,,,,,,,,,,,,,,,,,,,,,,,,,,,,,,,,,,,,,,,,,,,,,,,,,,,,,,,,,,,,,,,,,,,,,,,,,,,,,,,,,,,,,,,,,,,,,,,,,,,,,,,,,,,,,,,,,,
GC-BCVI-UB7-25-14,g,16,9,53,6,1.9191,6937.5,2250,4687.5,0.1152,5062.5,2250,2812.5,0.2034,6937.5,2718.75,4218.75,0.2034,6937.5,2718.75,4218.75,0.2157,3656.25,2250,1406.25,0.0711,6375,3937.5,2437.5,0.0711,5156.25,3656.25,1500,0.0662,4968.75,3562.5,1406.25,0.0686,4500,2906.25,1593.75,0.3799,6375,2625,3750,,,,,,,,,,,,,,,,,,,,,,,,,,,,,,,,,,,,,,,,,,,,,,,,,,,,,,,,,,,,,,,,,,,,,,,,,,,,,,,,,,,,,,,,,,,,,,,,,,,,,,,,,,,,,,,,,,,,,,,,,,,,
GC-BCVI-UB7-25-15,g,16,8,53,5,1.2482,6750,2156.25,4593.75,0.1189,5156.25,2906.25,2250,0.1857,6750,3562.5,3187.5,0.0654,3843.75,2906.25,937.5,0.2055,3562.5,2156.25,1406.25,0.0619,6000,4031.25,1968.75,0.0669,6281.25,3656.25,2625,0.0718,6093.75,3562.5,2531.25,0.0693,5062.5,3750,1312.5,,,,,,,,,,,,,,,,,,,,,,,,,,,,,,,,,,,,,,,,,,,,,,,,,,,,,,,,,,,,,,,,,,,,,,,,,,,,,,,,,,,,,,,,,,,,,,,,,,,,,,,,,,,,,,,,,,,,,,,,,,,,,,,,
GC-BCVI-UB7-25-16,h,16,5,53,4,0.8567,6000,2156.25,3843.75,0.1757,5625,3281.25,2343.75,0.1717,4500,2156.25,2343.75,0.0683,5718.75,3281.25,2437.5,0.0719,6000,4031.25,1968.75,0.1856,5625,2906.25,2718.75,,,,,,,,,,,,,,,,,,,,,,,,,,,,,,,,,,,,,,,,,,,,,,,,,,,,,,,,,,,,,,,,,,,,,,,,,,,,,,,,,,,,,,,,,,,,,,,,,,,,,,,,,,,,,,,,,,,,,,,,,,,,,,,,,,,,,,,,,,,,
GC-BCVI-UB7-25-17,h,16,5,53,4,0.8069,5906.25,2625,3281.25,0.1152,5062.5,3843.75,1218.75,0.1664,4406.25,2625,1781.25,0.0816,5906.25,3843.75,2062.5,0.0928,5906.25,4125,1781.25,0.1904,5718.75,3562.5,2156.25,,,,,,,,,,,,,,,,,,,,,,,,,,,,,,,,,,,,,,,,,,,,,,,,,,,,,,,,,,,,,,,,,,,,,,,,,,,,,,,,,,,,,,,,,,,,,,,,,,,,,,,,,,,,,,,,,,,,,,,,,,,,,,,,,,,,,,,,,,,,
GC-BCVI-UB7-25-18,i,16,8,53,5,1.0062,6656.25,2062.5,4593.75,0.0922,5156.25,2531.25,2625,0.0994,3843.75,2625,1218.75,0.1518,6656.25,3656.25,3000,0.1247,3750,2062.5,1687.5,0.0885,4312.5,2812.5,1500,0.0777,3937.5,2531.25,1406.25,0.0885,3937.5,2250,1687.5,0.0741,3937.5,2062.5,1875,,,,,,,,,,,,,,,,,,,,,,,,,,,,,,,,,,,,,,,,,,,,,,,,,,,,,,,,,,,,,,,,,,,,,,,,,,,,,,,,,,,,,,,,,,,,,,,,,,,,,,,,,,,,,,,,,,,,,,,,,,,,,,,,
GC-BCVI-UB7-25-19,j,16,6,53,2,0.4226,5437.5,2718.75,2718.75,0.0361,4593.75,3750,843.75,0.0536,4593.75,3843.75,750,0.0548,4687.5,3843.75,843.75,0.0586,4500,3937.5,562.5,0.0723,5437.5,3187.5,2250,0.1084,4781.25,2718.75,2062.5,,,,,,,,,,,,,,,,,,,,,,,,,,,,,,,,,,,,,,,,,,,,,,,,,,,,,,,,,,,,,,,,,,,,,,,,,,,,,,,,,,,,,,,,,,,,,,,,,,,,,,,,,,,,,,,,,,,,,,,,,,,,,,,,,,,,,,,,
GC-BCVI-UB7-25-20,k,16,4,53,2,0.4429,6937.5,2062.5,4875,0.1803,6937.5,3468.75,3468.75,0.0666,4500,2906.25,1593.75,0.049,4031.25,2062.5,1968.75,0.051,3375,2156.25,1218.75,,,,,,,,,,,,,,,,,,,,,,,,,,,,,,,,,,,,,,,,,,,,,,,,,,,,,,,,,,,,,,,,,,,,,,,,,,,,,,,,,,,,,,,,,,,,,,,,,,,,,,,,,,,,,,,,,,,,,,,,,,,,,,,,,,,,,,,,,,,,,,,,
GC-BCVI-UB7-25-21,i,16,7,53,5,0.9029,6562.5,2062.5,4500,0.0994,4781.25,2718.75,2062.5,0.0955,3656.25,2062.5,1593.75,0.1701,6562.5,4125,2437.5,0.1204,3562.5,2062.5,1500,0.0733,4218.75,2625,1593.75,0.0693,3937.5,2531.25,1406.25,0.0981,3937.5,2250,1687.5,,,,,,,,,,,,,,,,,,,,,,,,,,,,,,,,,,,,,,,,,,,,,,,,,,,,,,,,,,,,,,,,,,,,,,,,,,,,,,,,,,,,,,,,,,,,,,,,,,,,,,,,,,,,,,,,,,,,,,,,,,,,,,,,,,,,
GC-BCVI-UB7-25-22,h,16,5,53,4,0.8633,5906.25,2437.5,3468.75,0.1043,5343.75,3468.75,1875,0.1495,4875,2437.5,2437.5,0.0718,5718.75,3937.5,1781.25,0.0765,5906.25,4031.25,1875,0.2097,5437.5,3468.75,1968.75,,,,,,,,,,,,,,,,,,,,,,,,,,,,,,,,,,,,,,,,,,,,,,,,,,,,,,,,,,,,,,,,,,,,,,,,,,,,,,,,,,,,,,,,,,,,,,,,,,,,,,,,,,,,,,,,,,,,,,,,,,,,,,,,,,,,,,,,,,,,
GC-BCVI-UB7-25-23,k,16,8,53,4,1.2247,7125,2156.25,4968.75,0.1874,7125,3187.5,3937.5,0.0669,4500,2812.5,1687.5,0.0669,4031.25,2531.25,1500,0.0643,3562.5,2906.25,656.25,0.075,4031.25,2156.25,1875,0.2142,6281.25,4218.75,2062.5,0.0803,4406.25,3656.25,750,0.083,4406.25,3562.5,843.75,0.1178,4218.75,3468.75,750,,,,,,,,,,,,,,,,,,,,,,,,,,,,,,,,,,,,,,,,,,,,,,,,,,,,,,,,,,,,,,,,,,,,,,,,,,,,,,,,,,,,,,,,,,,,,,,,,,,,,,,,,,,,,,,,,,,,,,,,,,,,
GC-BCVI-UB7-25-24,k,16,11,53,4,1.3004,6562.5,2062.5,4500,0.1576,6562.5,4125,2437.5,0.0598,4593.75,2250,2343.75,0.0525,4031.25,2250,1781.25,0.0496,3000,2250,750,0.054,3656.25,2062.5,1593.75,0.0467,3750,2156.25,1593.75,0.0817,4312.5,2625,1687.5,0.2,6187.5,3281.25,2906.25,0.0832,4312.5,3562.5,750,0.0715,4125,3656.25,468.75,0.1153,4406.25,3375,1031.25,,,,,,,,,,,,,,,,,,,,,,,,,,,,,,,,,,,,,,,,,,,,,,,,,,,,,,,,,,,,,,,,,,,,,,,,,,,,,,,,,,,,,,,,,,,,,,,,,,,,,,,,,,,,,,,,,,,,
GC-BCVI-UB7-25-25,i,16,7,53,5,0.8784,6843.75,2156.25,4687.5,0.1151,5156.25,2718.75,2437.5,0.0928,3750,2437.5,1312.5,0.1464,6843.75,3656.25,3187.5,0.1084,4312.5,2156.25,2156.25,0.0671,4031.25,2718.75,1312.5,0.0693,3937.5,2625,1312.5,0.0693,3937.5,2343.75,1593.75,,,,,,,,,,,,,,,,,,,,,,,,,,,,,,,,,,,,,,,,,,,,,,,,,,,,,,,,,,,,,,,,,,,,,,,,,,,,,,,,,,,,,,,,,,,,,,,,,,,,,,,,,,,,,,,,,,,,,,,,,,,,,,,,,,,,
GC-BCVI-UB7-25-26,l,16,4,53,2,0.4318,4875,2156.25,2718.75,0.1403,4875,3281.25,1593.75,0.0634,3656.25,2156.25,1500,0.0643,3937.5,2156.25,1781.25,0.1068,4687.5,2156.25,2531.25,,,,,,,,,,,,,,,,,,,,,,,,,,,,,,,,,,,,,,,,,,,,,,,,,,,,,,,,,,,,,,,,,,,,,,,,,,,,,,,,,,,,,,,,,,,,,,,,,,,,,,,,,,,,,,,,,,,,,,,,,,,,,,,,,,,,,,,,,,,,,,,,
GC-BCVI-UB7-25-27,j,16,6,53,2,0.4261,5437.5,2812.5,2625,0.0361,3750,3281.25,468.75,0.0448,4218.75,3281.25,937.5,0.0503,4593.75,3562.5,1031.25,0.0623,4875,4031.25,843.75,0.0798,5437.5,3937.5,1500,0.1049,4500,2812.5,1687.5,,,,,,,,,,,,,,,,,,,,,,,,,,,,,,,,,,,,,,,,,,,,,,,,,,,,,,,,,,,,,,,,,,,,,,,,,,,,,,,,,,,,,,,,,,,,,,,,,,,,,,,,,,,,,,,,,,,,,,,,,,,,,,,,,,,,,,,,
GC-BCVI-UB7-25-28,j,16,6,53,2,0.4082,5625,3000,2625,0.0331,4312.5,3562.5,750,0.0575,5250,3562.5,1687.5,0.0412,4593.75,3468.75,1125,0.0493,4781.25,3937.5,843.75,0.0792,5625,3562.5,2062.5,0.0927,4593.75,3000,1593.75,,,,,,,,,,,,,,,,,,,,,,,,,,,,,,,,,,,,,,,,,,,,,,,,,,,,,,,,,,,,,,,,,,,,,,,,,,,,,,,,,,,,,,,,,,,,,,,,,,,,,,,,,,,,,,,,,,,,,,,,,,,,,,,,,,,,,,,,
GC-BCVI-UB7-25-29,m,16,6,53,4,0.7112,5625,2062.5,3562.5,0.1447,5625,3750,1875,0.0709,3468.75,2343.75,1125,0.0624,3375,2062.5,1312.5,0.0525,3750,2812.5,937.5,0.0596,3562.5,2156.25,1406.25,0.1872,4500,2531.25,1968.75,,,,,,,,,,,,,,,,,,,,,,,,,,,,,,,,,,,,,,,,,,,,,,,,,,,,,,,,,,,,,,,,,,,,,,,,,,,,,,,,,,,,,,,,,,,,,,,,,,,,,,,,,,,,,,,,,,,,,,,,,,,,,,,,,,,,,,,,
GC-BCVI-UB7-25-30,m,16,7,53,5,0.9065,5812.5,2062.5,3750,0.16,5812.5,2625,3187.5,0.1087,4875,3093.75,1781.25,0.0697,3843.75,2437.5,1406.25,0.0595,3468.75,2062.5,1406.25,0.0472,3750,2437.5,1312.5,0.0738,3562.5,2437.5,1125,0.1969,4312.5,2531.25,1781.25,,,,,,,,,,,,,,,,,,,,,,,,,,,,,,,,,,,,,,,,,,,,,,,,,,,,,,,,,,,,,,,,,,,,,,,,,,,,,,,,,,,,,,,,,,,,,,,,,,,,,,,,,,,,,,,,,,,,,,,,,,,,,,,,,,,,
GC-BCVI-UB7-25-31,m,16,6,53,4,0.7254,6843.75,2156.25,4687.5,0.1455,6843.75,2812.5,4031.25,0.0636,3843.75,2625,1218.75,0.0618,3750,2156.25,1593.75,0.0582,4031.25,2156.25,1875,0.0655,3375,2156.25,1218.75,0.1891,4312.5,2531.25,1781.25,,,,,,,,,,,,,,,,,,,,,,,,,,,,,,,,,,,,,,,,,,,,,,,,,,,,,,,,,,,,,,,,,,,,,,,,,,,,,,,,,,,,,,,,,,,,,,,,,,,,,,,,,,,,,,,,,,,,,,,,,,,,,,,,,,,,,,,,
GC-BCVI-UB7-25-32,m,16,7,53,4,0.8095,6375,2062.5,4312.5,0.1593,6375,3468.75,2906.25,0.0658,4031.25,2625,1406.25,0.0614,3750,2156.25,1593.75,0.0643,3843.75,2062.5,1781.25,0.0511,3468.75,2718.75,750,0.0497,3562.5,2718.75,843.75,0.1958,4218.75,2531.25,1687.5,,,,,,,,,,,,,,,,,,,,,,,,,,,,,,,,,,,,,,,,,,,,,,,,,,,,,,,,,,,,,,,,,,,,,,,,,,,,,,,,,,,,,,,,,,,,,,,,,,,,,,,,,,,,,,,,,,,,,,,,,,,,,,,,,,,,
GC-BCVI-UB7-25-33,m,16,7,53,5,0.9297,6562.5,2062.5,4500,0.1563,6562.5,4031.25,2531.25,0.0914,4968.75,3562.5,1406.25,0.0649,3468.75,2531.25,937.5,0.0622,3562.5,2062.5,1500,0.053,3937.5,2718.75,1218.75,0.0583,3562.5,2812.5,750,0.1973,4125,2343.75,1781.25,,,,,,,,,,,,,,,,,,,,,,,,,,,,,,,,,,,,,,,,,,,,,,,,,,,,,,,,,,,,,,,,,,,,,,,,,,,,,,,,,,,,,,,,,,,,,,,,,,,,,,,,,,,,,,,,,,,,,,,,,,,,,,,,,,,,
GC-BCVI-UB7-25-34,m,16,6,53,4,0.741,5906.25,2250,3656.25,0.1477,5906.25,4218.75,1687.5,0.0697,3937.5,2531.25,1406.25,0.0561,3468.75,2250,1218.75,0.0574,4031.25,2718.75,1312.5,0.0643,3750,2531.25,1218.75,0.1941,4312.5,2718.75,1593.75,,,,,,,,,,,,,,,,,,,,,,,,,,,,,,,,,,,,,,,,,,,,,,,,,,,,,,,,,,,,,,,,,,,,,,,,,,,,,,,,,,,,,,,,,,,,,,,,,,,,,,,,,,,,,,,,,,,,,,,,,,,,,,,,,,,,,,,,
GC-BCVI-UB7-25-35,m,16,5,53,4,0.7211,5906.25,2250,3656.25,0.1472,5906.25,3562.5,2343.75,0.0669,3843.75,2625,1218.75,0.0669,4031.25,2250,1781.25,0.1175,3562.5,2718.75,843.75,0.1888,4312.5,2625,1687.5,,,,,,,,,,,,,,,,,,,,,,,,,,,,,,,,,,,,,,,,,,,,,,,,,,,,,,,,,,,,,,,,,,,,,,,,,,,,,,,,,,,,,,,,,,,,,,,,,,,,,,,,,,,,,,,,,,,,,,,,,,,,,,,,,,,,,,,,,,,,
GC-BCVI-UB7-25-36,m,16,7,53,4,0.7818,5812.5,2062.5,3750,0.1487,5812.5,3937.5,1875,0.0641,3375,2343.75,1031.25,0.0564,3656.25,2062.5,1593.75,0.0526,4031.25,2062.5,1968.75,0.0461,3468.75,2156.25,1312.5,0.0615,3375,2437.5,937.5,0.1871,4218.75,2625,1593.75,,,,,,,,,,,,,,,,,,,,,,,,,,,,,,,,,,,,,,,,,,,,,,,,,,,,,,,,,,,,,,,,,,,,,,,,,,,,,,,,,,,,,,,,,,,,,,,,,,,,,,,,,,,,,,,,,,,,,,,,,,,,,,,,,,,,
GC-BCVI-UB7-25-37,m,16,6,53,4,0.6767,5906.25,2062.5,3843.75,0.1312,5906.25,3281.25,2625,0.0597,3562.5,2531.25,1031.25,0.061,3843.75,2156.25,1687.5,0.061,3843.75,2156.25,1687.5,0.0662,3562.5,2531.25,1031.25,0.1935,4218.75,2062.5,2156.25,,,,,,,,,,,,,,,,,,,,,,,,,,,,,,,,,,,,,,,,,,,,,,,,,,,,,,,,,,,,,,,,,,,,,,,,,,,,,,,,,,,,,,,,,,,,,,,,,,,,,,,,,,,,,,,,,,,,,,,,,,,,,,,,,,,,,,,,
GC-BCVI-UB7-25-38,m,16,6,53,4,0.7756,6187.5,2062.5,4125,0.1627,6187.5,2437.5,3750,0.0618,3843.75,2718.75,1125,0.0511,3750,2250,1500,0.0463,3843.75,2062.5,1781.25,0.0523,3562.5,2531.25,1031.25,0.209,4125,2531.25,1593.75,,,,,,,,,,,,,,,,,,,,,,,,,,,,,,,,,,,,,,,,,,,,,,,,,,,,,,,,,,,,,,,,,,,,,,,,,,,,,,,,,,,,,,,,,,,,,,,,,,,,,,,,,,,,,,,,,,,,,,,,,,,,,,,,,,,,,,,,
GC-BCVI-UB7-25-39,m,16,6,53,4,0.7088,6000,2156.25,3843.75,0.1504,6000,3656.25,2343.75,0.0664,3656.25,2718.75,937.5,0.0563,3656.25,2250,1406.25,0.0563,3937.5,2156.25,1781.25,0.0508,3468.75,2718.75,750,0.1809,4218.75,2531.25,1687.5,,,,,,,,,,,,,,,,,,,,,,,,,,,,,,,,,,,,,,,,,,,,,,,,,,,,,,,,,,,,,,,,,,,,,,,,,,,,,,,,,,,,,,,,,,,,,,,,,,,,,,,,,,,,,,,,,,,,,,,,,,,,,,,,,,,,,,,,
GC-BCVI-UB7-25-40,m,16,8,53,6,1.0553,6468.75,2250,4218.75,0.1264,4406.25,2437.5,1968.75,0.0691,4500,2718.75,1781.25,0.1352,6468.75,3093.75,3375,0.0647,3656.25,2718.75,937.5,0.0588,3656.25,2250,1406.25,0.0603,3750,2718.75,1031.25,0.0514,3375,2531.25,843.75,0.2146,4500,2718.75,1781.25,,,,,,,,,,,,,,,,,,,,,,,,,,,,,,,,,,,,,,,,,,,,,,,,,,,,,,,,,,,,,,,,,,,,,,,,,,,,,,,,,,,,,,,,,,,,,,,,,,,,,,,,,,,,,,,,,,,,,,,,,,,,,,,,
GC-BCVI-UB7-25-41,m,16,7,53,5,0.9193,6000,2156.25,3843.75,0.1396,6000,3937.5,2062.5,0.0959,4968.75,3000,1968.75,0.055,3656.25,2531.25,1125,0.0479,3562.5,2250,1312.5,0.0536,4031.25,2156.25,1875,0.055,3562.5,2437.5,1125,0.1875,4406.25,2906.25,1500,,,,,,,,,,,,,,,,,,,,,,,,,,,,,,,,,,,,,,,,,,,,,,,,,,,,,,,,,,,,,,,,,,,,,,,,,,,,,,,,,,,,,,,,,,,,,,,,,,,,,,,,,,,,,,,,,,,,,,,,,,,,,,,,,,,,
GC-BCVI-UB7-25-42,m,16,6,53,4,0.7364,5718.75,2250,3468.75,0.1467,5718.75,4031.25,1687.5,0.0637,3937.5,2625,1312.5,0.0623,3750,2250,1500,0.0512,3843.75,2625,1218.75,0.0554,3562.5,2437.5,1125,0.1869,4500,2718.75,1781.25,,,,,,,,,,,,,,,,,,,,,,,,,,,,,,,,,,,,,,,,,,,,,,,,,,,,,,,,,,,,,,,,,,,,,,,,,,,,,,,,,,,,,,,,,,,,,,,,,,,,,,,,,,,,,,,,,,,,,,,,,,,,,,,,,,,,,,,,
GC-BCVI-UB7-25-43,n,16,5,53,2,0.4473,5906.25,2812.5,3093.75,0.0682,5906.25,3468.75,2437.5,0.0687,5906.25,4218.75,1687.5,0.0517,4125,3468.75,656.25,0.0522,4406.25,2812.5,1593.75,0.0496,4031.25,2906.25,1125,,,,,,,,,,,,,,,,,,,,,,,,,,,,,,,,,,,,,,,,,,,,,,,,,,,,,,,,,,,,,,,,,,,,,,,,,,,,,,,,,,,,,,,,,,,,,,,,,,,,,,,,,,,,,,,,,,,,,,,,,,,,,,,,,,,,,,,,,,,,
GC-BCVI-UB7-25-44,b,16,7,53,4,0.7816,7875,2343.75,5531.25,0.1253,5437.5,3000,2437.5,0.0343,5250,4500,750,0.0455,5156.25,4406.25,750,0.0503,7218.75,3937.5,3281.25,0.0479,7875,4968.75,2906.25,0.0495,7875,5250,2625,0.1565,4781.25,2343.75,2437.5,,,,,,,,,,,,,,,,,,,,,,,,,,,,,,,,,,,,,,,,,,,,,,,,,,,,,,,,,,,,,,,,,,,,,,,,,,,,,,,,,,,,,,,,,,,,,,,,,,,,,,,,,,,,,,,,,,,,,,,,,,,,,,,,,,,,
GC-BCVI-UB7-25-45,c,16,15,53,4,1.2643,5531.25,2343.75,3187.5,0.0813,5156.25,2531.25,2625,0.0503,5531.25,4125,1406.25,0.0555,5437.5,3937.5,1500,0.0477,5062.5,4031.25,1031.25,0.0413,4968.75,3750,1218.75,0.04,4781.25,3375,1406.25,0.0335,4312.5,2906.25,1406.25,0.0335,4031.25,2531.25,1500,0.0387,3843.75,2718.75,1125,0.0374,3750,2625,1125,0.0387,3656.25,2437.5,1218.75,0.0361,3562.5,2437.5,1125,0.0387,3375,2343.75,1031.25,0.0813,5437.5,4406.25,1031.25,0.0826,5437.5,4500,937.5,,,,,,,,,,,,,,,,,,,,,,,,,,,,,,,,,,,,,,,,,,,,,,,,,,,,,,,,,,,,,,,,,,,,,,,,,,,,,,,,,,,,,,,,,,,,,,,,,,,,
GC-BCVI-UB7-25-46,n,16,5,53,2,0.4868,6093.75,3093.75,3000,0.0681,6093.75,4781.25,1312.5,0.0674,5906.25,4593.75,1312.5,0.0623,4593.75,3468.75,1125,0.0539,4218.75,3093.75,1125,0.0662,4312.5,3281.25,1031.25,,,,,,,,,,,,,,,,,,,,,,,,,,,,,,,,,,,,,,,,,,,,,,,,,,,,,,,,,,,,,,,,,,,,,,,,,,,,,,,,,,,,,,,,,,,,,,,,,,,,,,,,,,,,,,,,,,,,,,,,,,,,,,,,,,,,,,,,,,,,
GC-BCVI-UB7-25-47,o,16,5,53,2,0.5969,6562.5,2062.5,4500,0.0984,5437.5,3187.5,2250,0.0898,6562.5,4968.75,1593.75,0.0724,5250,4031.25,1218.75,0.0819,5156.25,4125,1031.25,0.0717,4218.75,2062.5,2156.25,,,,,,,,,,,,,,,,,,,,,,,,,,,,,,,,,,,,,,,,,,,,,,,,,,,,,,,,,,,,,,,,,,,,,,,,,,,,,,,,,,,,,,,,,,,,,,,,,,,,,,,,,,,,,,,,,,,,,,,,,,,,,,,,,,,,,,,,,,,,
GC-BCVI-UB7-25-48,m,16,6,53,4,0.7998,6000,2156.25,3843.75,0.1513,6000,3562.5,2437.5,0.0615,4218.75,2437.5,1781.25,0.0591,3187.5,2156.25,1031.25,0.0541,4031.25,2343.75,1687.5,0.0455,3468.75,2718.75,750,0.208,4218.75,2718.75,1500,,,,,,,,,,,,,,,,,,,,,,,,,,,,,,,,,,,,,,,,,,,,,,,,,,,,,,,,,,,,,,,,,,,,,,,,,,,,,,,,,,,,,,,,,,,,,,,,,,,,,,,,,,,,,,,,,,,,,,,,,,,,,,,,,,,,,,,,
GC-BCVI-UB7-25-49,c,16,13,53,3,0.8298,5531.25,2343.75,3187.5,0.0716,4968.75,3187.5,1781.25,0.0521,5437.5,2906.25,2531.25,0.0592,5531.25,3656.25,1875,0.0371,5062.5,4031.25,1031.25,0.0362,4687.5,3750,937.5,0.0354,4500,3281.25,1218.75,0.0327,4125,3000,1125,0.0354,4031.25,2531.25,1500,0.0354,3750,2531.25,1218.75,0.0345,3656.25,2437.5,1218.75,0.0354,3843.75,2437.5,1406.25,0.0336,3281.25,2343.75,937.5,0.0265,3093.75,2531.25,562.5,,,,,,,,,,,,,,,,,,,,,,,,,,,,,,,,,,,,,,,,,,,,,,,,,,,,,,,,,,,,,,,,,,,,,,,,,,,,,,,,,,,,,,,,,,,,,,,,,,,,,,,,,,,,
GC-BCVI-UB7-25-50,p,16,2,53,2,0.4391,5906.25,2250,3656.25,0.1843,5906.25,2625,3281.25,0.1992,4968.75,2250,2718.75,,,,,,,,,,,,,,,,,,,,,,,,,,,,,,,,,,,,,,,,,,,,,,,,,,,,,,,,,,,,,,,,,,,,,,,,,,,,,,,,,,,,,,,,,,,,,,,,,,,,,,,,,,,,,,,,,,,,,,,,,,,,,,,,,,,,,,,,,,,,,,,,,,,,,,,,
GC-BCVI-WOYS-25-1,a,14,9,40,4,0.8061,7500,2531.25,4968.75,0.1161,4781.25,2718.75,2062.5,0.036,6187.5,3656.25,2531.25,0.0352,6468.75,3750,2718.75,0.0425,6187.5,3750,2437.5,0.0482,7500,3562.5,3937.5,0.0924,5343.75,4125,1218.75,0.0556,4593.75,3000,1593.75,0.0605,4218.75,2625,1593.75,0.0531,4125,2531.25,1593.75,,,,,,,,,,,,,,,,,,,,,,,,,,,,,,,,,,,,,,,,,,,,,,,,,,,,,,,,,,,,,,,,,,,,,,,,,,,,,,,,,,,,,,,,,,,,,,,,,,,,,,,,,,,,,,,,,,,,,,,,,,,,
GC-BCVI-WOYS-25-5,b,14,5,40,3,0.4795,5531.25,2437.5,3093.75,0.1036,5437.5,4312.5,1125,0.0311,5531.25,3562.5,1968.75,0.048,4781.25,3562.5,1218.75,0.0433,4312.5,3562.5,750,0.0857,3562.5,2437.5,1125,,,,,,,,,,,,,,,,,,,,,,,,,,,,,,,,,,,,,,,,,,,,,,,,,,,,,,,,,,,,,,,,,,,,,,,,,,,,,,,,,,,,,,,,,,,,,,,,,,,,,,,,,,,,,,,,,,,,,,,,,,,,,,,,,,,,,,,,,,,,
GC-BCVI-WOYS-25-8,b,14,5,40,3,0.5007,6281.25,2156.25,4125,0.1168,6281.25,2250,4031.25,0.0434,4593.75,3375,1218.75,0.0467,4593.75,3375,1218.75,0.0467,4500,3375,1125,0.099,3562.5,2156.25,1406.25,,,,,,,,,,,,,,,,,,,,,,,,,,,,,,,,,,,,,,,,,,,,,,,,,,,,,,,,,,,,,,,,,,,,,,,,,,,,,,,,,,,,,,,,,,,,,,,,,,,,,,,,,,,,,,,,,,,,,,,,,,,,,,,,,,,,,,,,,,,,
GC-BCVI-WOYS-25-11,b,14,5,40,3,0.485,5625,2156.25,3468.75,0.0931,5625,4406.25,1218.75,0.047,4593.75,4031.25,562.5,0.047,4312.5,3656.25,656.25,0.047,4593.75,3656.25,937.5,0.099,3468.75,2156.25,1312.5,,,,,,,,,,,,,,,,,,,,,,,,,,,,,,,,,,,,,,,,,,,,,,,,,,,,,,,,,,,,,,,,,,,,,,,,,,,,,,,,,,,,,,,,,,,,,,,,,,,,,,,,,,,,,,,,,,,,,,,,,,,,,,,,,,,,,,,,,,,,
GC-BCVI-WOYS-25-12,c,14,17,40,5,1.0978,7406.25,2156.25,5250,0.048,7406.25,4968.75,2437.5,0.0817,7125,4875,2250,0.1345,3937.5,2156.25,1781.25,0.0456,5250,2625,2625,0.0504,5250,3562.5,1687.5,0.0492,5250,4031.25,1218.75,0.0384,4875,3468.75,1406.25,0.036,4406.25,3281.25,1125,0.0336,4312.5,3187.5,1125,0.0324,3562.5,2812.5,750,0.0384,3656.25,2718.75,937.5,0.0336,3562.5,2531.25,1031.25,0.036,3562.5,2531.25,1031.25,0.0408,3562.5,2625,937.5,0.0372,3562.5,2625,937.5,0.0408,3468.75,2531.25,937.5,0.0324,3187.5,2625,562.5,,,,,,,,,,,,,,,,,,,,,,,,,,,,,,,,,,,,,,,,,,,,,,,,,,,,,,,,,,,,,,,,,,,,,,,,,,,,,,,,,,,,,,,,,,,,
GC-BCVI-WOYS-25-13,c,14,16,40,5,1.081,6468.75,2156.25,4312.5,0.0483,5625,3468.75,2156.25,0.0916,6468.75,4968.75,1500,0.1335,4125,2156.25,1968.75,0.0496,5156.25,2531.25,2625,0.0445,5156.25,2531.25,2625,0.042,5062.5,3937.5,1125,0.0394,4781.25,3468.75,1312.5,0.0369,4500,3187.5,1312.5,0.0356,4312.5,2906.25,1406.25,0.0343,4031.25,2718.75,1312.5,0.0356,3656.25,2437.5,1218.75,0.0293,3562.5,2531.25,1031.25,0.0394,3562.5,2531.25,1031.25,0.0407,3562.5,2625,937.5,0.0394,3468.75,2531.25,937.5,0.0394,3562.5,2625,937.5,,,,,,,,,,,,,,,,,,,,,,,,,,,,,,,,,,,,,,,,,,,,,,,,,,,,,,,,,,,,,,,,,,,,,,,,,,,,,,,,,,,,,,,,,,,,,,,,
GC-BCVI-WOYS-25-14,d,14,7,40,3,0.6656,6843.75,2156.25,4687.5,0.1456,4687.5,2250,2437.5,0.0515,5437.5,4875,562.5,0.0497,6843.75,5062.5,1781.25,0.0534,6093.75,4875,1218.75,0.0669,3468.75,2156.25,1312.5,0.066,3093.75,2250,843.75,0.0696,3000,2156.25,843.75,,,,,,,,,,,,,,,,,,,,,,,,,,,,,,,,,,,,,,,,,,,,,,,,,,,,,,,,,,,,,,,,,,,,,,,,,,,,,,,,,,,,,,,,,,,,,,,,,,,,,,,,,,,,,,,,,,,,,,,,,,,,,,,,,,,,
GC-BCVI-WOYS-25-15,e,14,6,40,2,0.5645,5437.5,2625,2812.5,0.0457,4125,3093.75,1031.25,0.0457,4875,2812.5,2062.5,0.0527,5437.5,3375,2062.5,0.0735,4781.25,2625,2156.25,0.0735,4875,2718.75,2156.25,0.0745,4500,2625,1875,,,,,,,,,,,,,,,,,,,,,,,,,,,,,,,,,,,,,,,,,,,,,,,,,,,,,,,,,,,,,,,,,,,,,,,,,,,,,,,,,,,,,,,,,,,,,,,,,,,,,,,,,,,,,,,,,,,,,,,,,,,,,,,,,,,,,,,,
GC-BCVI-WOYS-25-16,f,14,6,40,3,0.8599,5625,2625,3000,0.177,5625,3375,2250,0.1321,5625,3656.25,1968.75,0.0691,3750,2625,1125,0.0656,3375,2625,750,0.0708,3468.75,2625,843.75,0.0656,3468.75,2718.75,750,,,,,,,,,,,,,,,,,,,,,,,,,,,,,,,,,,,,,,,,,,,,,,,,,,,,,,,,,,,,,,,,,,,,,,,,,,,,,,,,,,,,,,,,,,,,,,,,,,,,,,,,,,,,,,,,,,,,,,,,,,,,,,,,,,,,,,,,
GC-BCVI-WOYS-25-17,g,14,1,40,1,0.1625,6468.75,4218.75,2250,0.1625,6468.75,4218.75,2250,,,,,,,,,,,,,,,,,,,,,,,,,,,,,,,,,,,,,,,,,,,,,,,,,,,,,,,,,,,,,,,,,,,,,,,,,,,,,,,,,,,,,,,,,,,,,,,,,,,,,,,,,,,,,,,,,,,,,,,,,,,,,,,,,,,,,,,,,,,,,,,,,,,,,,,,,,,,
GC-BCVI-WOYS-25-18,h,14,4,40,1,0.3381,6187.5,3562.5,2625,0.0772,5906.25,3562.5,2343.75,0.0765,6187.5,3656.25,2531.25,0.0772,5156.25,3843.75,1312.5,0.0951,5156.25,3750,1406.25,,,,,,,,,,,,,,,,,,,,,,,,,,,,,,,,,,,,,,,,,,,,,,,,,,,,,,,,,,,,,,,,,,,,,,,,,,,,,,,,,,,,,,,,,,,,,,,,,,,,,,,,,,,,,,,,,,,,,,,,,,,,,,,,,,,,,,,,,,,,,,,,
GC-BCVI-WOYS-25-19,i,14,11,40,2,0.515,6187.5,2062.5,4125,0.0248,3562.5,2250,1312.5,0.0236,3656.25,2250,1406.25,0.0187,2343.75,2156.25,187.5,0.0205,2718.75,2062.5,656.25,0.0199,3281.25,2343.75,937.5,0.0236,3375,2156.25,1218.75,0.0217,3187.5,2062.5,1125,0.0187,3281.25,2156.25,1125,0.0664,5062.5,3281.25,1781.25,0.0725,6000,3375,2625,0.0882,6187.5,4406.25,1781.25,,,,,,,,,,,,,,,,,,,,,,,,,,,,,,,,,,,,,,,,,,,,,,,,,,,,,,,,,,,,,,,,,,,,,,,,,,,,,,,,,,,,,,,,,,,,,,,,,,,,,,,,,,,,,,,,,,,,
GC-BCVI-WOYS-25-22,d,14,4,40,2,0.3548,6093.75,2062.5,4031.25,0.1478,4312.5,2062.5,2250,0.0425,5906.25,4781.25,1125,0.0537,6093.75,4781.25,1312.5,0.0493,6000,3656.25,2343.75,,,,,,,,,,,,,,,,,,,,,,,,,,,,,,,,,,,,,,,,,,,,,,,,,,,,,,,,,,,,,,,,,,,,,,,,,,,,,,,,,,,,,,,,,,,,,,,,,,,,,,,,,,,,,,,,,,,,,,,,,,,,,,,,,,,,,,,,,,,,,,,,
GC-BCVI-WOYS-25-24,j,14,1,40,1,0.101,6562.5,3843.75,2718.75,0.101,6562.5,3843.75,2718.75,,,,,,,,,,,,,,,,,,,,,,,,,,,,,,,,,,,,,,,,,,,,,,,,,,,,,,,,,,,,,,,,,,,,,,,,,,,,,,,,,,,,,,,,,,,,,,,,,,,,,,,,,,,,,,,,,,,,,,,,,,,,,,,,,,,,,,,,,,,,,,,,,,,,,,,,,,,,
GC-BCVI-WOYS-25-25,j,14,3,40,2,0.4414,6187.5,2343.75,3843.75,0.151,6187.5,3468.75,2718.75,0.0558,4312.5,2343.75,1968.75,0.0535,4312.5,2437.5,1875,,,,,,,,,,,,,,,,,,,,,,,,,,,,,,,,,,,,,,,,,,,,,,,,,,,,,,,,,,,,,,,,,,,,,,,,,,,,,,,,,,,,,,,,,,,,,,,,,,,,,,,,,,,,,,,,,,,,,,,,,,,,,,,,,,,,,,,,,,,,,,,,,,,,
GC-BCVI-WOYS-25-26,k,14,8,40,3,0.7412,8343.75,2156.25,6187.5,0.0766,8343.75,3656.25,4687.5,0.0386,2625,2156.25,468.75,0.0462,6093.75,4593.75,1500,0.0545,6000,4218.75,1781.25,0.0531,6000,5062.5,937.5,0.0524,6656.25,5062.5,1593.75,0.0518,6468.75,4875,1593.75,0.049,6843.75,4875,1968.75,,,,,,,,,,,,,,,,,,,,,,,,,,,,,,,,,,,,,,,,,,,,,,,,,,,,,,,,,,,,,,,,,,,,,,,,,,,,,,,,,,,,,,,,,,,,,,,,,,,,,,,,,,,,,,,,,,,,,,,,,,,,,,,,
GC-BCVI-WOYS-25-28,l,14,1,40,1,0.0634,7218.75,5062.5,2156.25,0.0634,7218.75,5062.5,2156.25,,,,,,,,,,,,,,,,,,,,,,,,,,,,,,,,,,,,,,,,,,,,,,,,,,,,,,,,,,,,,,,,,,,,,,,,,,,,,,,,,,,,,,,,,,,,,,,,,,,,,,,,,,,,,,,,,,,,,,,,,,,,,,,,,,,,,,,,,,,,,,,,,,,,,,,,,,,,
GC-BCVI-WOYS-25-30,f,14,4,40,1,0.3077,3843.75,2156.25,1687.5,0.0616,3843.75,2625,1218.75,0.0713,3375,2156.25,1218.75,0.0665,3562.5,2625,937.5,0.0695,3375,2718.75,656.25,,,,,,,,,,,,,,,,,,,,,,,,,,,,,,,,,,,,,,,,,,,,,,,,,,,,,,,,,,,,,,,,,,,,,,,,,,,,,,,,,,,,,,,,,,,,,,,,,,,,,,,,,,,,,,,,,,,,,,,,,,,,,,,,,,,,,,,,,,,,,,,,
GC-BCVI-WOYS-25-32,a,14,3,40,1,0.236,6000,3656.25,2343.75,0.0646,6000,3750,2250,0.0662,5906.25,3656.25,2250,0.0678,5812.5,3750,2062.5,,,,,,,,,,,,,,,,,,,,,,,,,,,,,,,,,,,,,,,,,,,,,,,,,,,,,,,,,,,,,,,,,,,,,,,,,,,,,,,,,,,,,,,,,,,,,,,,,,,,,,,,,,,,,,,,,,,,,,,,,,,,,,,,,,,,,,,,,,,,,,,,,,,,
GC-BCVI-WOYS-25-33,k,14,6,40,1,0.3332,6656.25,4406.25,2250,0.0469,5625,4406.25,1218.75,0.0429,5812.5,4781.25,1031.25,0.0496,5906.25,4500,1406.25,0.042,6656.25,4781.25,1875,0.0456,6562.5,4687.5,1875,0.0438,5531.25,4781.25,750,,,,,,,,,,,,,,,,,,,,,,,,,,,,,,,,,,,,,,,,,,,,,,,,,,,,,,,,,,,,,,,,,,,,,,,,,,,,,,,,,,,,,,,,,,,,,,,,,,,,,,,,,,,,,,,,,,,,,,,,,,,,,,,,,,,,,,,,
GC-BCVI-WOYS-25-34,c,14,15,40,5,1.0235,6750,2062.5,4687.5,0.0424,5437.5,2062.5,3375,0.0699,6750,5156.25,1593.75,0.1361,3937.5,2156.25,1781.25,0.0524,5343.75,3375,1968.75,0.0512,5250,3375,1875,0.0337,5062.5,3937.5,1125,0.035,4687.5,3468.75,1218.75,0.0387,4406.25,3093.75,1312.5,0.035,3937.5,2812.5,1125,0.0337,3843.75,2531.25,1312.5,0.0337,3656.25,2531.25,1125,0.035,3468.75,2625,843.75,0.0362,3468.75,2437.5,1031.25,0.0362,3562.5,2625,937.5,0.0399,3468.75,2718.75,750,,,,,,,,,,,,,,,,,,,,,,,,,,,,,,,,,,,,,,,,,,,,,,,,,,,,,,,,,,,,,,,,,,,,,,,,,,,,,,,,,,,,,,,,,,,,,,,,,,,,
GC-BCVI-WOYS-25-35,m,14,8,40,4,0.9971,7031.25,2437.5,4593.75,0.2331,5906.25,2437.5,3468.75,0.0512,4218.75,3281.25,937.5,0.0486,4687.5,3093.75,1593.75,0.0964,7031.25,3656.25,3375,0.0797,4031.25,2531.25,1500,0.078,4125,2718.75,1406.25,0.0763,4031.25,2812.5,1218.75,0.073,3937.5,2718.75,1218.75,,,,,,,,,,,,,,,,,,,,,,,,,,,,,,,,,,,,,,,,,,,,,,,,,,,,,,,,,,,,,,,,,,,,,,,,,,,,,,,,,,,,,,,,,,,,,,,,,,,,,,,,,,,,,,,,,,,,,,,,,,,,,,,,
GC-BCVI-WOYS-25-36,k,14,6,40,1,0.3294,6468.75,4312.5,2156.25,0.0466,5906.25,4781.25,1125,0.0496,5906.25,4875,1031.25,0.0479,6281.25,4312.5,1968.75,0.0496,6187.5,4312.5,1875,0.0466,6468.75,4781.25,1687.5,0.0432,5906.25,4781.25,1125,,,,,,,,,,,,,,,,,,,,,,,,,,,,,,,,,,,,,,,,,,,,,,,,,,,,,,,,,,,,,,,,,,,,,,,,,,,,,,,,,,,,,,,,,,,,,,,,,,,,,,,,,,,,,,,,,,,,,,,,,,,,,,,,,,,,,,,,
GC-BCVI-WOYS-25-38,m,14,7,40,3,0.6952,7125,2437.5,4687.5,0.0463,4218.75,2437.5,1781.25,0.0463,4031.25,2531.25,1500,0.0816,7125,3375,3750,0.0661,4031.25,2531.25,1500,0.0603,3937.5,2625,1312.5,0.0639,3843.75,2718.75,1125,0.072,3750,2718.75,1031.25,,,,,,,,,,,,,,,,,,,,,,,,,,,,,,,,,,,,,,,,,,,,,,,,,,,,,,,,,,,,,,,,,,,,,,,,,,,,,,,,,,,,,,,,,,,,,,,,,,,,,,,,,,,,,,,,,,,,,,,,,,,,,,,,,,,,
GC-BCVI-WOYS-25-39,e,14,6,40,2,0.5502,5531.25,2531.25,3000,0.0402,3750,2812.5,937.5,0.0464,5437.5,4687.5,750,0.0459,5531.25,3375,2156.25,0.073,4875,2812.5,2062.5,0.0617,4781.25,2625,2156.25,0.0645,4406.25,2531.25,1875,,,,,,,,,,,,,,,,,,,,,,,,,,,,,,,,,,,,,,,,,,,,,,,,,,,,,,,,,,,,,,,,,,,,,,,,,,,,,,,,,,,,,,,,,,,,,,,,,,,,,,,,,,,,,,,,,,,,,,,,,,,,,,,,,,,,,,,,
GC-BCVI-WOYS-25-40,m,14,8,40,4,0.9774,7781.25,2531.25,5250,0.2259,5906.25,3937.5,1968.75,0.0474,4125,2531.25,1593.75,0.0514,4125,2531.25,1593.75,0.0878,7781.25,3562.5,4218.75,0.0605,4031.25,2625,1406.25,0.0585,4031.25,2625,1406.25,0.0565,3937.5,2718.75,1218.75,0.0575,3937.5,2718.75,1218.75,,,,,,,,,,,,,,,,,,,,,,,,,,,,,,,,,,,,,,,,,,,,,,,,,,,,,,,,,,,,,,,,,,,,,,,,,,,,,,,,,,,,,,,,,,,,,,,,,,,,,,,,,,,,,,,,,,,,,,,,,,,,,,,,
GC-BCVI-WOYS-25-42,m,14,8,40,4,1.0381,7687.5,2531.25,5156.25,0.2228,5906.25,3937.5,1968.75,0.05,4218.75,2718.75,1500,0.049,4125,2812.5,1312.5,0.1189,7687.5,3656.25,4031.25,0.0819,3937.5,2531.25,1406.25,0.0649,4031.25,2718.75,1312.5,0.0819,3937.5,2718.75,1218.75,0.0899,3843.75,2812.5,1031.25,,,,,,,,,,,,,,,,,,,,,,,,,,,,,,,,,,,,,,,,,,,,,,,,,,,,,,,,,,,,,,,,,,,,,,,,,,,,,,,,,,,,,,,,,,,,,,,,,,,,,,,,,,,,,,,,,,,,,,,,,,,,,,,,
GC-BCVI-WOYS-25-43,n,14,2,40,2,0.3874,6187.5,2906.25,3281.25,0.1544,6187.5,2906.25,3281.25,0.1684,4593.75,3000,1593.75,,,,,,,,,,,,,,,,,,,,,,,,,,,,,,,,,,,,,,,,,,,,,,,,,,,,,,,,,,,,,,,,,,,,,,,,,,,,,,,,,,,,,,,,,,,,,,,,,,,,,,,,,,,,,,,,,,,,,,,,,,,,,,,,,,,,,,,,,,,,,,,,,,,,,,,,
GC-BCVI-WOYS-25-44,f,14,6,40,3,0.8885,6093.75,2625,3468.75,0.189,3843.75,3187.5,656.25,0.1496,6093.75,3937.5,2156.25,0.0788,3656.25,2625,1031.25,0.0734,3468.75,2625,843.75,0.0788,3562.5,2625,937.5,0.0743,3375,2718.75,656.25,,,,,,,,,,,,,,,,,,,,,,,,,,,,,,,,,,,,,,,,,,,,,,,,,,,,,,,,,,,,,,,,,,,,,,,,,,,,,,,,,,,,,,,,,,,,,,,,,,,,,,,,,,,,,,,,,,,,,,,,,,,,,,,,,,,,,,,,
GC-BCVI-WOYS-25-45,m,14,7,40,3,0.6685,7500,2625,4875,0.0412,4125,2625,1500,0.0434,4031.25,3187.5,843.75,0.0933,7500,3093.75,4406.25,0.0651,4031.25,2625,1406.25,0.0608,4031.25,2625,1406.25,0.0702,4031.25,2718.75,1312.5,0.0658,3843.75,2718.75,1125,,,,,,,,,,,,,,,,,,,,,,,,,,,,,,,,,,,,,,,,,,,,,,,,,,,,,,,,,,,,,,,,,,,,,,,,,,,,,,,,,,,,,,,,,,,,,,,,,,,,,,,,,,,,,,,,,,,,,,,,,,,,,,,,,,,,
GC-BCVI-WOYS-25-46,m,14,1,40,1,0.2127,5718.75,3656.25,2062.5,0.2127,5718.75,3656.25,2062.5,,,,,,,,,,,,,,,,,,,,,,,,,,,,,,,,,,,,,,,,,,,,,,,,,,,,,,,,,,,,,,,,,,,,,,,,,,,,,,,,,,,,,,,,,,,,,,,,,,,,,,,,,,,,,,,,,,,,,,,,,,,,,,,,,,,,,,,,,,,,,,,,,,,,,,,,,,,,
GC-BCVI-WOYS-25-47,e,14,3,40,1,0.1523,5250,2718.75,2531.25,0.043,4312.5,3281.25,1031.25,0.0477,5062.5,2718.75,2343.75,0.0477,5250,3187.5,2062.5,,,,,,,,,,,,,,,,,,,,,,,,,,,,,,,,,,,,,,,,,,,,,,,,,,,,,,,,,,,,,,,,,,,,,,,,,,,,,,,,,,,,,,,,,,,,,,,,,,,,,,,,,,,,,,,,,,,,,,,,,,,,,,,,,,,,,,,,,,,,,,,,,,,,
GC-BCVI-WOYS-25-48,m,14,8,40,4,1.0188,8062.5,2437.5,5625,0.2107,6000,4218.75,1781.25,0.0608,4968.75,2625,2343.75,0.0608,4125,2625,1500,0.0996,8062.5,3468.75,4593.75,0.084,4031.25,2437.5,1593.75,0.0685,4125,2718.75,1406.25,0.0685,4031.25,2718.75,1312.5,0.0815,3937.5,2718.75,1218.75,,,,,,,,,,,,,,,,,,,,,,,,,,,,,,,,,,,,,,,,,,,,,,,,,,,,,,,,,,,,,,,,,,,,,,,,,,,,,,,,,,,,,,,,,,,,,,,,,,,,,,,,,,,,,,,,,,,,,,,,,,,,,,,,
GC-BCVI-WOYS-25-49,e,14,4,40,2,0.4229,6281.25,2718.75,3562.5,0.0729,6281.25,3468.75,2812.5,0.0449,4031.25,3000,1031.25,0.0492,4781.25,2718.75,2062.5,0.0449,5250,3093.75,2156.25,,,,,,,,,,,,,,,,,,,,,,,,,,,,,,,,,,,,,,,,,,,,,,,,,,,,,,,,,,,,,,,,,,,,,,,,,,,,,,,,,,,,,,,,,,,,,,,,,,,,,,,,,,,,,,,,,,,,,,,,,,,,,,,,,,,,,,,,,,,,,,,,
GC-BCVI-WOYS-25-51,m,14,8,40,4,0.9531,6281.25,2437.5,3843.75,0.2059,5812.5,4500,1312.5,0.0654,4031.25,2531.25,1500,0.0614,4125,2625,1500,0.105,6281.25,3281.25,3000,0.0818,4031.25,2437.5,1593.75,0.0723,4125,2531.25,1593.75,0.075,4125,2625,1500,0.0736,3937.5,2718.75,1218.75,,,,,,,,,,,,,,,,,,,,,,,,,,,,,,,,,,,,,,,,,,,,,,,,,,,,,,,,,,,,,,,,,,,,,,,,,,,,,,,,,,,,,,,,,,,,,,,,,,,,,,,,,,,,,,,,,,,,,,,,,,,,,,,,
GC-BCVI-WOYS-25-52,e,14,7,40,3,0.7134,7781.25,2718.75,5062.5,0.0866,7781.25,3656.25,4125,0.0544,5156.25,2906.25,2250,0.0517,5250,4312.5,937.5,0.0558,5531.25,4406.25,1125,0.0796,4781.25,2718.75,2062.5,0.0726,4687.5,2812.5,1875,0.074,4687.5,2718.75,1968.75,,,,,,,,,,,,,,,,,,,,,,,,,,,,,,,,,,,,,,,,,,,,,,,,,,,,,,,,,,,,,,,,,,,,,,,,,,,,,,,,,,,,,,,,,,,,,,,,,,,,,,,,,,,,,,,,,,,,,,,,,,,,,,,,,,,,
GC-BCVI-WOYS-25-53,m,14,8,40,4,1.0259,7406.25,2437.5,4968.75,0.2139,5812.5,4031.25,1781.25,0.0564,4031.25,2437.5,1593.75,0.0636,4125,2531.25,1593.75,0.1011,7406.25,3843.75,3562.5,0.0795,3937.5,2531.25,1406.25,0.0708,4031.25,2531.25,1500,0.0867,3937.5,2718.75,1218.75,0.0867,3750,2625,1125,,,,,,,,,,,,,,,,,,,,,,,,,,,,,,,,,,,,,,,,,,,,,,,,,,,,,,,,,,,,,,,,,,,,,,,,,,,,,,,,,,,,,,,,,,,,,,,,,,,,,,,,,,,,,,,,,,,,,,,,,,,,,,,,
GC-BCVI-WOYS-25-54,e,14,6,40,2,0.5941,5062.5,2625,2437.5,0.0485,4218.75,3093.75,1125,0.0505,5062.5,3093.75,1968.75,0.0455,4968.75,3000,1968.75,0.0687,4687.5,2625,2062.5,0.0738,4875,2812.5,2062.5,0.0788,4781.25,2718.75,2062.5,,,,,,,,,,,,,,,,,,,,,,,,,,,,,,,,,,,,,,,,,,,,,,,,,,,,,,,,,,,,,,,,,,,,,,,,,,,,,,,,,,,,,,,,,,,,,,,,,,,,,,,,,,,,,,,,,,,,,,,,,,,,,,,,,,,,,,,,
GC-BCVI-WOYS-25-55,m,14,8,40,4,1.017,7218.75,2437.5,4781.25,0.2529,5906.25,3468.75,2437.5,0.0639,4125,2437.5,1687.5,0.06,4031.25,2531.25,1500,0.0991,7218.75,3468.75,3750,0.0717,4031.25,2531.25,1500,0.0769,4125,2718.75,1406.25,0.0704,4031.25,2718.75,1312.5,0.0795,3843.75,2718.75,1125,,,,,,,,,,,,,,,,,,,,,,,,,,,,,,,,,,,,,,,,,,,,,,,,,,,,,,,,,,,,,,,,,,,,,,,,,,,,,,,,,,,,,,,,,,,,,,,,,,,,,,,,,,,,,,,,,,,,,,,,,,,,,,,,
GC-BCVI-WOYS-25-57,m,14,8,40,4,1.065,7312.5,2250,5062.5,0.2193,6843.75,3843.75,3000,0.0667,4218.75,2437.5,1781.25,0.0684,4125,2437.5,1687.5,0.1035,7312.5,4406.25,2906.25,0.0825,4031.25,2250,1781.25,0.0737,4031.25,2718.75,1312.5,0.0772,4031.25,2718.75,1312.5,0.0772,3843.75,2812.5,1031.25,,,,,,,,,,,,,,,,,,,,,,,,,,,,,,,,,,,,,,,,,,,,,,,,,,,,,,,,,,,,,,,,,,,,,,,,,,,,,,,,,,,,,,,,,,,,,,,,,,,,,,,,,,,,,,,,,,,,,,,,,,,,,,,,
GC-BCVI-WOYS-25-59,m,14,8,40,4,1.0348,6750,2250,4500,0.2272,6000,3562.5,2437.5,0.069,4781.25,2531.25,2250,0.0663,4218.75,2437.5,1781.25,0.1177,6750,3468.75,3281.25,0.0852,3937.5,2250,1687.5,0.0771,4125,2718.75,1406.25,0.0812,3843.75,2718.75,1125,0.0893,4125,2625,1500,,,,,,,,,,,,,,,,,,,,,,,,,,,,,,,,,,,,,,,,,,,,,,,,,,,,,,,,,,,,,,,,,,,,,,,,,,,,,,,,,,,,,,,,,,,,,,,,,,,,,,,,,,,,,,,,,,,,,,,,,,,,,,,,
GC-BCVI-WOYS-25-63,e,14,6,40,2,0.6106,5531.25,2531.25,3000,0.051,3937.5,3000,937.5,0.0554,5531.25,3468.75,2062.5,0.0576,5343.75,4218.75,1125,0.0831,4875,2812.5,2062.5,0.0698,4312.5,2531.25,1781.25,0.0765,4687.5,2812.5,1875,,,,,,,,,,,,,,,,,,,,,,,,,,,,,,,,,,,,,,,,,,,,,,,,,,,,,,,,,,,,,,,,,,,,,,,,,,,,,,,,,,,,,,,,,,,,,,,,,,,,,,,,,,,,,,,,,,,,,,,,,,,,,,,,,,,,,,,,
GC-BCVI-WOYS-25-64,m,14,8,40,4,1.0609,7781.25,2531.25,5250,0.2497,6000,3937.5,2062.5,0.0532,4312.5,2812.5,1500,0.0591,4031.25,3000,1031.25,0.1034,7781.25,4312.5,3468.75,0.0768,3937.5,2531.25,1406.25,0.0665,4125,2625,1500,0.0754,4125,2812.5,1312.5,0.0724,3937.5,2812.5,1125,,,,,,,,,,,,,,,,,,,,,,,,,,,,,,,,,,,,,,,,,,,,,,,,,,,,,,,,,,,,,,,,,,,,,,,,,,,,,,,,,,,,,,,,,,,,,,,,,,,,,,,,,,,,,,,,,,,,,,,,,,,,,,,,
GC-BCVI-WOYS-25-67,m,14,8,40,4,0.9906,6375,2531.25,3843.75,0.2301,6000,3937.5,2062.5,0.0534,5062.5,2906.25,2156.25,0.0517,4125,2718.75,1406.25,0.0984,6375,3843.75,2531.25,0.0767,4218.75,2531.25,1687.5,0.075,4125,2625,1500,0.0784,4031.25,2812.5,1218.75,0.0801,4031.25,2718.75,1312.5,,,,,,,,,,,,,,,,,,,,,,,,,,,,,,,,,,,,,,,,,,,,,,,,,,,,,,,,,,,,,,,,,,,,,,,,,,,,,,,,,,,,,,,,,,,,,,,,,,,,,,,,,,,,,,,,,,,,,,,,,,,,,,,,
GC-BCVI-WOYS-25-69,n,14,2,40,2,0.3757,6187.5,3187.5,3000,0.1486,6187.5,3187.5,3000,0.1365,4593.75,3468.75,1125,,,,,,,,,,,,,,,,,,,,,,,,,,,,,,,,,,,,,,,,,,,,,,,,,,,,,,,,,,,,,,,,,,,,,,,,,,,,,,,,,,,,,,,,,,,,,,,,,,,,,,,,,,,,,,,,,,,,,,,,,,,,,,,,,,,,,,,,,,,,,,,,,,,,,,,,
GC-BCVI-WOYS-25-70,m,14,8,40,4,1.0351,7593.75,2625,4968.75,0.2284,6000,3656.25,2343.75,0.0564,4125,3375,750,0.0578,4968.75,3375,1593.75,0.1112,7593.75,3375,4218.75,0.0712,4125,2625,1500,0.0712,4031.25,2625,1406.25,0.0727,3937.5,2718.75,1218.75,0.0786,3937.5,2812.5,1125,,,,,,,,,,,,,,,,,,,,,,,,,,,,,,,,,,,,,,,,,,,,,,,,,,,,,,,,,,,,,,,,,,,,,,,,,,,,,,,,,,,,,,,,,,,,,,,,,,,,,,,,,,,,,,,,,,,,,,,,,,,,,,,,
GC-BCVI-WOYS-25-71,n,14,2,40,2,0.3679,5156.25,2812.5,2343.75,0.1659,5156.25,2812.5,2343.75,0.1356,4781.25,3093.75,1687.5,,,,,,,,,,,,,,,,,,,,,,,,,,,,,,,,,,,,,,,,,,,,,,,,,,,,,,,,,,,,,,,,,,,,,,,,,,,,,,,,,,,,,,,,,,,,,,,,,,,,,,,,,,,,,,,,,,,,,,,,,,,,,,,,,,,,,,,,,,,,,,,,,,,,,,,,
GC-BCVI-WOYS-25-73,n,14,2,40,2,0.3671,5625,2812.5,2812.5,0.1561,5625,3562.5,2062.5,0.1403,4781.25,2812.5,1968.75,,,,,,,,,,,,,,,,,,,,,,,,,,,,,,,,,,,,,,,,,,,,,,,,,,,,,,,,,,,,,,,,,,,,,,,,,,,,,,,,,,,,,,,,,,,,,,,,,,,,,,,,,,,,,,,,,,,,,,,,,,,,,,,,,,,,,,,,,,,,,,,,,,,,,,,,
GC-BCVI-WOYS-25-77,m,14,8,40,4,1.0266,7687.5,2531.25,5156.25,0.2275,5906.25,3843.75,2062.5,0.0562,4125,3187.5,937.5,0.0589,4125,2625,1500,0.1,7687.5,3750,3937.5,0.0795,4031.25,2531.25,1500,0.0768,4218.75,2625,1593.75,0.0685,4031.25,2812.5,1218.75,0.0959,3937.5,2718.75,1218.75,,,,,,,,,,,,,,,,,,,,,,,,,,,,,,,,,,,,,,,,,,,,,,,,,,,,,,,,,,,,,,,,,,,,,,,,,,,,,,,,,,,,,,,,,,,,,,,,,,,,,,,,,,,,,,,,,,,,,,,,,,,,,,,,
GC-BCVI-WOYS-25-78,k,14,8,40,3,0.8545,6187.5,2343.75,3843.75,0.0751,4781.25,3468.75,1312.5,0.0455,2812.5,2343.75,468.75,0.0531,5250,4687.5,562.5,0.0577,5531.25,4687.5,843.75,0.0531,5718.75,4593.75,1125,0.0546,6187.5,4500,1687.5,0.0584,5906.25,4593.75,1312.5,0.0531,5531.25,4687.5,843.75,,,,,,,,,,,,,,,,,,,,,,,,,,,,,,,,,,,,,,,,,,,,,,,,,,,,,,,,,,,,,,,,,,,,,,,,,,,,,,,,,,,,,,,,,,,,,,,,,,,,,,,,,,,,,,,,,,,,,,,,,,,,,,,,
GC-BCVI-YMMMS-24-1,a,19,2,55,2,0.5928,6000,2343.75,3656.25,0.115,6000,3468.75,2531.25,0.3203,5250,2343.75,2906.25,,,,,,,,,,,,,,,,,,,,,,,,,,,,,,,,,,,,,,,,,,,,,,,,,,,,,,,,,,,,,,,,,,,,,,,,,,,,,,,,,,,,,,,,,,,,,,,,,,,,,,,,,,,,,,,,,,,,,,,,,,,,,,,,,,,,,,,,,,,,,,,,,,,,,,,,
GC-BCVI-YMMMS-24-2,b,19,3,55,3,0.5345,6562.5,2250,4312.5,0.1651,6562.5,3656.25,2906.25,0.1847,4781.25,2531.25,2250,0.1336,4687.5,2250,2437.5,,,,,,,,,,,,,,,,,,,,,,,,,,,,,,,,,,,,,,,,,,,,,,,,,,,,,,,,,,,,,,,,,,,,,,,,,,,,,,,,,,,,,,,,,,,,,,,,,,,,,,,,,,,,,,,,,,,,,,,,,,,,,,,,,,,,,,,,,,,,,,,,,,,,
GC-BCVI-YMMMS-24-3,c,19,6,55,3,0.6521,7593.75,2156.25,5437.5,0.1493,7593.75,4781.25,2812.5,0.054,3000,2531.25,468.75,0.0549,3000,2437.5,562.5,0.054,2718.75,2156.25,562.5,0.0724,5906.25,4687.5,1218.75,0.0751,5156.25,4406.25,750,,,,,,,,,,,,,,,,,,,,,,,,,,,,,,,,,,,,,,,,,,,,,,,,,,,,,,,,,,,,,,,,,,,,,,,,,,,,,,,,,,,,,,,,,,,,,,,,,,,,,,,,,,,,,,,,,,,,,,,,,,,,,,,,,,,,,,,,
GC-BCVI-YMMMS-24-4,d,19,6,55,3,0.7433,5437.5,2343.75,3093.75,0.1781,5156.25,3937.5,1218.75,0.052,4406.25,3843.75,562.5,0.0481,5437.5,3843.75,1593.75,0.0539,5343.75,3656.25,1687.5,0.0443,4406.25,3750,656.25,0.1868,4218.75,2343.75,1875,,,,,,,,,,,,,,,,,,,,,,,,,,,,,,,,,,,,,,,,,,,,,,,,,,,,,,,,,,,,,,,,,,,,,,,,,,,,,,,,,,,,,,,,,,,,,,,,,,,,,,,,,,,,,,,,,,,,,,,,,,,,,,,,,,,,,,,,
GC-BCVI-YMMMS-24-7,d,19,6,55,3,0.7205,5250,2343.75,2906.25,0.174,5250,3937.5,1312.5,0.0513,4687.5,3468.75,1218.75,0.0496,4687.5,3562.5,1125,0.0496,4687.5,3656.25,1031.25,0.0496,4687.5,3656.25,1031.25,0.1858,4218.75,2343.75,1875,,,,,,,,,,,,,,,,,,,,,,,,,,,,,,,,,,,,,,,,,,,,,,,,,,,,,,,,,,,,,,,,,,,,,,,,,,,,,,,,,,,,,,,,,,,,,,,,,,,,,,,,,,,,,,,,,,,,,,,,,,,,,,,,,,,,,,,,
GC-BCVI-YMMMS-24-10,c,19,6,55,3,0.5842,7312.5,2531.25,4781.25,0.1164,7312.5,4687.5,2625,0.0532,3468.75,2531.25,937.5,0.0496,4781.25,2531.25,2250,0.0517,4875,2531.25,2343.75,0.0826,6562.5,3937.5,2625,0.0489,5156.25,4687.5,468.75,,,,,,,,,,,,,,,,,,,,,,,,,,,,,,,,,,,,,,,,,,,,,,,,,,,,,,,,,,,,,,,,,,,,,,,,,,,,,,,,,,,,,,,,,,,,,,,,,,,,,,,,,,,,,,,,,,,,,,,,,,,,,,,,,,,,,,,,
GC-BCVI-YMMMS-24-11,d,19,6,55,3,0.7228,5812.5,2343.75,3468.75,0.1723,5062.5,4218.75,843.75,0.0418,5812.5,3468.75,2343.75,0.0388,5625,3750,1875,0.0408,5531.25,3562.5,1968.75,0.0428,5343.75,3562.5,1781.25,0.1902,4312.5,2343.75,1968.75,,,,,,,,,,,,,,,,,,,,,,,,,,,,,,,,,,,,,,,,,,,,,,,,,,,,,,,,,,,,,,,,,,,,,,,,,,,,,,,,,,,,,,,,,,,,,,,,,,,,,,,,,,,,,,,,,,,,,,,,,,,,,,,,,,,,,,,,
GC-BCVI-YMMMS-24-12,e,19,4,55,2,0.3859,5343.75,2625,2718.75,0.1278,4500,2625,1875,0.0615,5343.75,3375,1968.75,0.0627,5062.5,3187.5,1875,0.0775,4781.25,3093.75,1687.5,,,,,,,,,,,,,,,,,,,,,,,,,,,,,,,,,,,,,,,,,,,,,,,,,,,,,,,,,,,,,,,,,,,,,,,,,,,,,,,,,,,,,,,,,,,,,,,,,,,,,,,,,,,,,,,,,,,,,,,,,,,,,,,,,,,,,,,,,,,,,,,,
GC-BCVI-YMMMS-24-13,f,19,5,55,2,0.4727,7125,2343.75,4781.25,0.139,7125,3000,4125,0.0424,4312.5,2343.75,1968.75,0.048,3656.25,2437.5,1218.75,0.0431,3750,2718.75,1031.25,0.0765,3656.25,3000,656.25,,,,,,,,,,,,,,,,,,,,,,,,,,,,,,,,,,,,,,,,,,,,,,,,,,,,,,,,,,,,,,,,,,,,,,,,,,,,,,,,,,,,,,,,,,,,,,,,,,,,,,,,,,,,,,,,,,,,,,,,,,,,,,,,,,,,,,,,,,,,
GC-BCVI-YMMMS-24-15,d,19,6,55,3,0.7047,5812.5,2343.75,3468.75,0.1798,5156.25,4125,1031.25,0.0393,5812.5,3656.25,2156.25,0.0475,5812.5,3375,2437.5,0.0444,4406.25,3656.25,750,0.0424,4781.25,3093.75,1687.5,0.1736,4218.75,2343.75,1875,,,,,,,,,,,,,,,,,,,,,,,,,,,,,,,,,,,,,,,,,,,,,,,,,,,,,,,,,,,,,,,,,,,,,,,,,,,,,,,,,,,,,,,,,,,,,,,,,,,,,,,,,,,,,,,,,,,,,,,,,,,,,,,,,,,,,,,,
GC-BCVI-YMMMS-24-16,b,19,3,55,3,0.5411,6843.75,2250,4593.75,0.1706,6843.75,4781.25,2062.5,0.1747,5062.5,2531.25,2531.25,0.1105,4218.75,2250,1968.75,,,,,,,,,,,,,,,,,,,,,,,,,,,,,,,,,,,,,,,,,,,,,,,,,,,,,,,,,,,,,,,,,,,,,,,,,,,,,,,,,,,,,,,,,,,,,,,,,,,,,,,,,,,,,,,,,,,,,,,,,,,,,,,,,,,,,,,,,,,,,,,,,,,,
GC-BCVI-YMMMS-24-18,d,19,6,55,3,0.7323,6000,2343.75,3656.25,0.1793,5156.25,4406.25,750,0.0444,6000,3656.25,2343.75,0.0497,5906.25,3562.5,2343.75,0.0479,4500,3562.5,937.5,0.0479,4500,3562.5,937.5,0.1962,4218.75,2343.75,1875,,,,,,,,,,,,,,,,,,,,,,,,,,,,,,,,,,,,,,,,,,,,,,,,,,,,,,,,,,,,,,,,,,,,,,,,,,,,,,,,,,,,,,,,,,,,,,,,,,,,,,,,,,,,,,,,,,,,,,,,,,,,,,,,,,,,,,,,
GC-BCVI-YMMMS-24-19,b,19,3,55,3,0.5375,6937.5,2343.75,4593.75,0.1458,6937.5,3375,3562.5,0.1733,4781.25,2343.75,2437.5,0.1444,4500,2343.75,2156.25,,,,,,,,,,,,,,,,,,,,,,,,,,,,,,,,,,,,,,,,,,,,,,,,,,,,,,,,,,,,,,,,,,,,,,,,,,,,,,,,,,,,,,,,,,,,,,,,,,,,,,,,,,,,,,,,,,,,,,,,,,,,,,,,,,,,,,,,,,,,,,,,,,,,
GC-BCVI-YMMMS-24-20,d,19,6,55,3,0.73,5531.25,2437.5,3093.75,0.2092,5156.25,4218.75,937.5,0.038,5250,3656.25,1593.75,0.0395,5343.75,3656.25,1687.5,0.0434,5531.25,3750,1781.25,0.0411,4406.25,3656.25,750,0.193,4218.75,2437.5,1781.25,,,,,,,,,,,,,,,,,,,,,,,,,,,,,,,,,,,,,,,,,,,,,,,,,,,,,,,,,,,,,,,,,,,,,,,,,,,,,,,,,,,,,,,,,,,,,,,,,,,,,,,,,,,,,,,,,,,,,,,,,,,,,,,,,,,,,,,,
GC-BCVI-YMMMS-24-22,e,19,4,55,2,0.3729,5250,2625,2625,0.1005,4218.75,2625,1593.75,0.0714,5156.25,3281.25,1875,0.0686,5250,3093.75,2156.25,0.0874,4406.25,3187.5,1218.75,,,,,,,,,,,,,,,,,,,,,,,,,,,,,,,,,,,,,,,,,,,,,,,,,,,,,,,,,,,,,,,,,,,,,,,,,,,,,,,,,,,,,,,,,,,,,,,,,,,,,,,,,,,,,,,,,,,,,,,,,,,,,,,,,,,,,,,,,,,,,,,,
GC-BCVI-YMMMS-24-23,a,19,1,55,1,0.3292,5437.5,2343.75,3093.75,0.3292,5437.5,2343.75,3093.75,,,,,,,,,,,,,,,,,,,,,,,,,,,,,,,,,,,,,,,,,,,,,,,,,,,,,,,,,,,,,,,,,,,,,,,,,,,,,,,,,,,,,,,,,,,,,,,,,,,,,,,,,,,,,,,,,,,,,,,,,,,,,,,,,,,,,,,,,,,,,,,,,,,,,,,,,,,,
GC-BCVI-YMMMS-24-24,a,19,1,55,1,0.0926,6281.25,4968.75,1312.5,0.0926,6281.25,4968.75,1312.5,,,,,,,,,,,,,,,,,,,,,,,,,,,,,,,,,,,,,,,,,,,,,,,,,,,,,,,,,,,,,,,,,,,,,,,,,,,,,,,,,,,,,,,,,,,,,,,,,,,,,,,,,,,,,,,,,,,,,,,,,,,,,,,,,,,,,,,,,,,,,,,,,,,,,,,,,,,,
GC-BCVI-YMMMS-24-26,a,19,1,55,1,0.1226,8250,4968.75,3281.25,0.1226,8250,4968.75,3281.25,,,,,,,,,,,,,,,,,,,,,,,,,,,,,,,,,,,,,,,,,,,,,,,,,,,,,,,,,,,,,,,,,,,,,,,,,,,,,,,,,,,,,,,,,,,,,,,,,,,,,,,,,,,,,,,,,,,,,,,,,,,,,,,,,,,,,,,,,,,,,,,,,,,,,,,,,,,,
GC-BCVI-YMMMS-24-30,g,19,8,55,3,0.6368,6843.75,2531.25,4312.5,0.0383,6750,4968.75,1781.25,0.0383,6750,4968.75,1781.25,0.0383,5437.5,4593.75,843.75,0.0374,6843.75,3468.75,3375,0.1063,5437.5,4406.25,1031.25,0.0723,4687.5,3187.5,1500,0.0604,4500,2906.25,1593.75,0.0706,3468.75,2531.25,937.5,,,,,,,,,,,,,,,,,,,,,,,,,,,,,,,,,,,,,,,,,,,,,,,,,,,,,,,,,,,,,,,,,,,,,,,,,,,,,,,,,,,,,,,,,,,,,,,,,,,,,,,,,,,,,,,,,,,,,,,,,,,,,,,,
GC-BCVI-YMMMS-24-31,h,19,7,55,3,0.6313,6000,2156.25,3843.75,0.0377,4968.75,3750,1218.75,0.0411,4500,3468.75,1031.25,0.0454,4968.75,4031.25,937.5,0.0428,5250,4406.25,843.75,0.0934,6000,3187.5,2812.5,0.0711,5437.5,3937.5,1500,0.1756,4781.25,2156.25,2625,,,,,,,,,,,,,,,,,,,,,,,,,,,,,,,,,,,,,,,,,,,,,,,,,,,,,,,,,,,,,,,,,,,,,,,,,,,,,,,,,,,,,,,,,,,,,,,,,,,,,,,,,,,,,,,,,,,,,,,,,,,,,,,,,,,,
GC-BCVI-YMMMS-24-33,i,19,8,55,4,1.1419,6281.25,2062.5,4218.75,0.1101,6281.25,3281.25,3000,0.0418,4406.25,4125,281.25,0.0418,4406.25,4125,281.25,0.0367,4875,3093.75,1781.25,0.0418,5062.5,4312.5,750,0.0354,4593.75,2531.25,2062.5,0.1203,5625,3562.5,2062.5,0.2101,3375,2062.5,1312.5,,,,,,,,,,,,,,,,,,,,,,,,,,,,,,,,,,,,,,,,,,,,,,,,,,,,,,,,,,,,,,,,,,,,,,,,,,,,,,,,,,,,,,,,,,,,,,,,,,,,,,,,,,,,,,,,,,,,,,,,,,,,,,,,
GC-BCVI-YMMMS-24-34,j,19,6,55,4,1.152,6750,2062.5,4687.5,0.1054,6750,3656.25,3093.75,0.2441,4875,2062.5,2812.5,0.0527,6093.75,3937.5,2156.25,0.0449,6187.5,4218.75,1968.75,0.0761,4125,2812.5,1312.5,0.0664,3562.5,2531.25,1031.25,,,,,,,,,,,,,,,,,,,,,,,,,,,,,,,,,,,,,,,,,,,,,,,,,,,,,,,,,,,,,,,,,,,,,,,,,,,,,,,,,,,,,,,,,,,,,,,,,,,,,,,,,,,,,,,,,,,,,,,,,,,,,,,,,,,,,,,,
GC-BCVI-YMMMS-24-35,k,19,6,55,3,0.6935,6562.5,2062.5,4500,0.0928,5156.25,3281.25,1875,0.1765,6562.5,3187.5,3375,0.0522,3468.75,2343.75,1125,0.0504,3656.25,2156.25,1500,0.054,3656.25,2062.5,1593.75,0.0495,3656.25,2250,1406.25,,,,,,,,,,,,,,,,,,,,,,,,,,,,,,,,,,,,,,,,,,,,,,,,,,,,,,,,,,,,,,,,,,,,,,,,,,,,,,,,,,,,,,,,,,,,,,,,,,,,,,,,,,,,,,,,,,,,,,,,,,,,,,,,,,,,,,,,
GC-BCVI-YMMMS-24-37,l,19,5,55,3,0.7294,7125,2625,4500,0.1081,4500,3187.5,1312.5,0.0768,6656.25,4593.75,2062.5,0.0785,7125,4968.75,2156.25,0.0498,7031.25,5343.75,1687.5,0.179,3562.5,2625,937.5,,,,,,,,,,,,,,,,,,,,,,,,,,,,,,,,,,,,,,,,,,,,,,,,,,,,,,,,,,,,,,,,,,,,,,,,,,,,,,,,,,,,,,,,,,,,,,,,,,,,,,,,,,,,,,,,,,,,,,,,,,,,,,,,,,,,,,,,,,,,
GC-BCVI-YMMMS-24-40,l,19,5,55,3,0.7226,7031.25,2625,4406.25,0.1182,5437.5,3281.25,2156.25,0.0743,6562.5,4406.25,2156.25,0.0608,6843.75,5343.75,1500,0.0709,7031.25,5250,1781.25,0.1992,3656.25,2625,1031.25,,,,,,,,,,,,,,,,,,,,,,,,,,,,,,,,,,,,,,,,,,,,,,,,,,,,,,,,,,,,,,,,,,,,,,,,,,,,,,,,,,,,,,,,,,,,,,,,,,,,,,,,,,,,,,,,,,,,,,,,,,,,,,,,,,,,,,,,,,,,
GC-BCVI-YMMMS-24-43,m,19,8,55,3,0.7572,6375,2062.5,4312.5,0.0439,5250,3750,1500,0.0526,5625,4125,1500,0.0439,6375,5250,1125,0.0526,6375,4218.75,2156.25,0.0632,4312.5,2250,2062.5,0.057,3562.5,2156.25,1406.25,0.0676,3843.75,2062.5,1781.25,0.2246,4593.75,2718.75,1875,,,,,,,,,,,,,,,,,,,,,,,,,,,,,,,,,,,,,,,,,,,,,,,,,,,,,,,,,,,,,,,,,,,,,,,,,,,,,,,,,,,,,,,,,,,,,,,,,,,,,,,,,,,,,,,,,,,,,,,,,,,,,,,,
GC-BCVI-YMMMS-24-45,l,19,4,55,2,0.4929,7125,2718.75,4406.25,0.0719,7125,4875,2250,0.063,7125,5437.5,1687.5,0.1034,6937.5,5156.25,1781.25,0.2164,3562.5,2718.75,843.75,,,,,,,,,,,,,,,,,,,,,,,,,,,,,,,,,,,,,,,,,,,,,,,,,,,,,,,,,,,,,,,,,,,,,,,,,,,,,,,,,,,,,,,,,,,,,,,,,,,,,,,,,,,,,,,,,,,,,,,,,,,,,,,,,,,,,,,,,,,,,,,,
GC-BCVI-YMMMS-24-47,n,19,4,55,4,0.6,9000,2625,6375,0.0604,9000,4781.25,4218.75,0.2291,4218.75,3000,1218.75,0.0656,4593.75,2625,1968.75,0.0394,4968.75,3562.5,1406.25,,,,,,,,,,,,,,,,,,,,,,,,,,,,,,,,,,,,,,,,,,,,,,,,,,,,,,,,,,,,,,,,,,,,,,,,,,,,,,,,,,,,,,,,,,,,,,,,,,,,,,,,,,,,,,,,,,,,,,,,,,,,,,,,,,,,,,,,,,,,,,,,
GC-BCVI-YMMMS-24-50,o,19,6,55,3,0.7938,6375,2531.25,3843.75,0.2145,6187.5,4968.75,1218.75,0.0679,4593.75,2718.75,1875,0.0724,4031.25,2531.25,1500,0.0688,4031.25,2625,1406.25,0.0842,6187.5,4781.25,1406.25,0.0851,6375,4406.25,1968.75,,,,,,,,,,,,,,,,,,,,,,,,,,,,,,,,,,,,,,,,,,,,,,,,,,,,,,,,,,,,,,,,,,,,,,,,,,,,,,,,,,,,,,,,,,,,,,,,,,,,,,,,,,,,,,,,,,,,,,,,,,,,,,,,,,,,,,,,
GC-BCVI-YMMMS-24-51,n,19,3,55,3,0.4427,5250,2156.25,3093.75,0.2173,4312.5,2906.25,1406.25,0.0702,4875,2625,2250,0.1013,5250,2156.25,3093.75,,,,,,,,,,,,,,,,,,,,,,,,,,,,,,,,,,,,,,,,,,,,,,,,,,,,,,,,,,,,,,,,,,,,,,,,,,,,,,,,,,,,,,,,,,,,,,,,,,,,,,,,,,,,,,,,,,,,,,,,,,,,,,,,,,,,,,,,,,,,,,,,,,,,
GC-BCVI-YMMMS-24-52,n,19,1,55,1,0.0527,9000,4687.5,4312.5,0.0527,9000,4687.5,4312.5,,,,,,,,,,,,,,,,,,,,,,,,,,,,,,,,,,,,,,,,,,,,,,,,,,,,,,,,,,,,,,,,,,,,,,,,,,,,,,,,,,,,,,,,,,,,,,,,,,,,,,,,,,,,,,,,,,,,,,,,,,,,,,,,,,,,,,,,,,,,,,,,,,,,,,,,,,,,
GC-BCVI-YMMMS-24-53,m,19,8,55,3,0.7475,6468.75,2156.25,4312.5,0.0431,5156.25,3750,1406.25,0.0505,6000,4125,1875,0.0431,6375,5343.75,1031.25,0.0639,6468.75,4218.75,2250,0.0624,3656.25,2343.75,1312.5,0.0594,3656.25,2250,1406.25,0.0654,3281.25,2156.25,1125,0.2043,4687.5,2531.25,2156.25,,,,,,,,,,,,,,,,,,,,,,,,,,,,,,,,,,,,,,,,,,,,,,,,,,,,,,,,,,,,,,,,,,,,,,,,,,,,,,,,,,,,,,,,,,,,,,,,,,,,,,,,,,,,,,,,,,,,,,,,,,,,,,,,
GC-BCVI-YMMMS-24-54,l,19,5,55,3,0.73,7218.75,2718.75,4500,0.0912,4406.25,3843.75,562.5,0.0637,7125,4687.5,2437.5,0.07,6843.75,5343.75,1500,0.059,7218.75,5437.5,1781.25,0.1809,3656.25,2718.75,937.5,,,,,,,,,,,,,,,,,,,,,,,,,,,,,,,,,,,,,,,,,,,,,,,,,,,,,,,,,,,,,,,,,,,,,,,,,,,,,,,,,,,,,,,,,,,,,,,,,,,,,,,,,,,,,,,,,,,,,,,,,,,,,,,,,,,,,,,,,,,,
GC-BCVI-YMMMS-24-56,l,19,1,55,1,0.0692,5812.5,4312.5,1500,0.0692,5812.5,4312.5,1500,,,,,,,,,,,,,,,,,,,,,,,,,,,,,,,,,,,,,,,,,,,,,,,,,,,,,,,,,,,,,,,,,,,,,,,,,,,,,,,,,,,,,,,,,,,,,,,,,,,,,,,,,,,,,,,,,,,,,,,,,,,,,,,,,,,,,,,,,,,,,,,,,,,,,,,,,,,,
GC-BCVI-YMMMS-24-58,m,19,8,55,3,0.7451,6187.5,2156.25,4031.25,0.0428,5156.25,3468.75,1687.5,0.0506,5812.5,4218.75,1593.75,0.0514,6093.75,2718.75,3375,0.0467,6187.5,5437.5,750,0.0576,3468.75,2250,1218.75,0.0561,3375,2156.25,1218.75,0.0576,3375,2250,1125,0.211,4500,2718.75,1781.25,,,,,,,,,,,,,,,,,,,,,,,,,,,,,,,,,,,,,,,,,,,,,,,,,,,,,,,,,,,,,,,,,,,,,,,,,,,,,,,,,,,,,,,,,,,,,,,,,,,,,,,,,,,,,,,,,,,,,,,,,,,,,,,,
GC-BCVI-YMMMS-24-59,m,19,8,55,3,0.7643,6000,2062.5,3937.5,0.043,5062.5,3937.5,1125,0.043,5062.5,3937.5,1125,0.043,5062.5,3937.5,1125,0.0507,6000,3937.5,2062.5,0.0612,4031.25,2156.25,1875,0.0555,3468.75,2156.25,1312.5,0.0526,3375,2062.5,1312.5,0.0526,3375,2062.5,1312.5,,,,,,,,,,,,,,,,,,,,,,,,,,,,,,,,,,,,,,,,,,,,,,,,,,,,,,,,,,,,,,,,,,,,,,,,,,,,,,,,,,,,,,,,,,,,,,,,,,,,,,,,,,,,,,,,,,,,,,,,,,,,,,,,
GC-BCVI-YMMMS-24-60,p,19,13,55,6,1.4811,5812.5,2062.5,3750,0.0526,3375,2062.5,1312.5,0.0501,4312.5,2812.5,1500,0.0529,4125,2250,1875,0.0529,4125,2250,1875,0.0458,3375,2156.25,1218.75,0.0429,3375,2156.25,1218.75,0.0487,3468.75,2062.5,1406.25,0.0601,5437.5,3375,2062.5,0.0644,5625,4687.5,937.5,0.0687,5812.5,4406.25,1406.25,0.083,4031.25,2531.25,1500,0.0801,3468.75,2718.75,750,0.0816,3375,2531.25,843.75,,,,,,,,,,,,,,,,,,,,,,,,,,,,,,,,,,,,,,,,,,,,,,,,,,,,,,,,,,,,,,,,,,,,,,,,,,,,,,,,,,,,,,,,,,,,,,,,,,,,,,,,,,,,
GC-BCVI-YMMMS-24-61,q,19,3,55,1,0.2103,6000,2812.5,3187.5,0.0486,6000,2812.5,3187.5,0.0592,5812.5,3937.5,1875,0.0652,5062.5,3843.75,1218.75,,,,,,,,,,,,,,,,,,,,,,,,,,,,,,,,,,,,,,,,,,,,,,,,,,,,,,,,,,,,,,,,,,,,,,,,,,,,,,,,,,,,,,,,,,,,,,,,,,,,,,,,,,,,,,,,,,,,,,,,,,,,,,,,,,,,,,,,,,,,,,,,,,,,
GC-BCVI-YMMMS-24-62,l,19,5,55,3,0.7304,7125,2062.5,5062.5,0.0931,4500,2062.5,2437.5,0.0519,6375,5437.5,937.5,0.0626,6843.75,5156.25,1687.5,0.0549,7125,5531.25,1593.75,0.1778,3562.5,2625,937.5,,,,,,,,,,,,,,,,,,,,,,,,,,,,,,,,,,,,,,,,,,,,,,,,,,,,,,,,,,,,,,,,,,,,,,,,,,,,,,,,,,,,,,,,,,,,,,,,,,,,,,,,,,,,,,,,,,,,,,,,,,,,,,,,,,,,,,,,,,,,
GC-BCVI-YMMMS-24-64,m,19,9,55,3,0.8198,6093.75,2062.5,4031.25,0.0603,5437.5,3843.75,1593.75,0.0501,5812.5,4125,1687.5,0.045,5906.25,3937.5,1968.75,0.0586,5906.25,4125,1781.25,0.0425,6093.75,3937.5,2156.25,0.0629,3750,2343.75,1406.25,0.0595,3562.5,2156.25,1406.25,0.0603,3562.5,2062.5,1500,0.2268,4500,2531.25,1968.75,,,,,,,,,,,,,,,,,,,,,,,,,,,,,,,,,,,,,,,,,,,,,,,,,,,,,,,,,,,,,,,,,,,,,,,,,,,,,,,,,,,,,,,,,,,,,,,,,,,,,,,,,,,,,,,,,,,,,,,,,,,,
GC-BCVI-YMMMS-24-68,i,19,6,55,4,1.1045,6187.5,2250,3937.5,0.073,6187.5,3281.25,2906.25,0.0427,4125,2906.25,1218.75,0.0496,3937.5,3000,937.5,0.0496,3843.75,3093.75,750,0.1281,5906.25,3843.75,2062.5,0.2314,3281.25,2250,1031.25,,,,,,,,,,,,,,,,,,,,,,,,,,,,,,,,,,,,,,,,,,,,,,,,,,,,,,,,,,,,,,,,,,,,,,,,,,,,,,,,,,,,,,,,,,,,,,,,,,,,,,,,,,,,,,,,,,,,,,,,,,,,,,,,,,,,,,,,
GC-BCVI-YMMMS-24-69,g,19,8,55,3,0.639,6843.75,2718.75,4125,0.0333,6562.5,5156.25,1406.25,0.0342,6843.75,5343.75,1500,0.0315,6656.25,4593.75,2062.5,0.0828,5437.5,4500,937.5,0.0576,4500,2718.75,1781.25,0.0639,4312.5,2718.75,1593.75,0.0531,3656.25,2718.75,937.5,,,,,,,,,,,,,,,,,,,,,,,,,,,,,,,,,,,,,,,,,,,,,,,,,,,,,,,,,,,,,,,,,,,,,,,,,,,,,,,,,,,,,,,,,,,,,,,,,,,,,,,,,,,,,,,,,,,,,,,,,,,,,,,,,,,,
GC-BCVI-YMMMS-24-71,r,19,8,55,3,0.6295,6562.5,2250,4312.5,0.1427,6562.5,4218.75,2343.75,0.0315,3562.5,2250,1312.5,0.042,3375,2718.75,656.25,0.0385,3562.5,3093.75,468.75,0.0371,3562.5,3093.75,468.75,0.0378,3937.5,3187.5,750,0.0483,4031.25,3562.5,468.75,0.093,5156.25,2531.25,2625,,,,,,,,,,,,,,,,,,,,,,,,,,,,,,,,,,,,,,,,,,,,,,,,,,,,,,,,,,,,,,,,,,,,,,,,,,,,,,,,,,,,,,,,,,,,,,,,,,,,,,,,,,,,,,,,,,,,,,,,,,,,,,,,
GC-BCVI-YMMMS-24-72,s,19,5,55,3,0.6386,5625,2531.25,3093.75,0.1642,5625,4500,1125,0.0605,3468.75,2906.25,562.5,0.0634,3562.5,2718.75,843.75,0.0576,3281.25,2531.25,750,0.149,5437.5,2625,2812.5,,,,,,,,,,,,,,,,,,,,,,,,,,,,,,,,,,,,,,,,,,,,,,,,,,,,,,,,,,,,,,,,,,,,,,,,,,,,,,,,,,,,,,,,,,,,,,,,,,,,,,,,,,,,,,,,,,,,,,,,,,,,,,,,,,,,,,,,,,,,
GC-BCVI-YMMMS-24-73,r,19,7,55,2,0.4572,6468.75,2250,4218.75,0.1483,6468.75,4312.5,2156.25,0.0317,2625,2250,375,0.0403,3656.25,2625,1031.25,0.0439,3468.75,2812.5,656.25,0.0389,3750,3281.25,468.75,0.0454,3937.5,3187.5,750,0.0454,4031.25,3468.75,562.5,,,,,,,,,,,,,,,,,,,,,,,,,,,,,,,,,,,,,,,,,,,,,,,,,,,,,,,,,,,,,,,,,,,,,,,,,,,,,,,,,,,,,,,,,,,,,,,,,,,,,,,,,,,,,,,,,,,,,,,,,,,,,,,,,,,,
GC-BCVI-YMMMS-24-75,s,19,6,55,3,0.6652,5718.75,2531.25,3187.5,0.0795,5531.25,4500,1031.25,0.0692,5343.75,4500,843.75,0.0557,3750,2812.5,937.5,0.0652,3656.25,2531.25,1125,0.0581,3281.25,2625,656.25,0.175,5718.75,2531.25,3187.5,,,,,,,,,,,,,,,,,,,,,,,,,,,,,,,,,,,,,,,,,,,,,,,,,,,,,,,,,,,,,,,,,,,,,,,,,,,,,,,,,,,,,,,,,,,,,,,,,,,,,,,,,,,,,,,,,,,,,,,,,,,,,,,,,,,,,,,,
GC-BCVI-YMMMS-24-76,r,19,8,55,3,0.6329,7125,2250,4875,0.1478,7125,3750,3375,0.0332,2531.25,2250,281.25,0.037,3187.5,2625,562.5,0.04,3750,3000,750,0.0445,3843.75,3281.25,562.5,0.0377,4031.25,3375,656.25,0.0453,4125,3375,750,0.0928,5343.75,2437.5,2906.25,,,,,,,,,,,,,,,,,,,,,,,,,,,,,,,,,,,,,,,,,,,,,,,,,,,,,,,,,,,,,,,,,,,,,,,,,,,,,,,,,,,,,,,,,,,,,,,,,,,,,,,,,,,,,,,,,,,,,,,,,,,,,,,,
GC-BCVI-YMMMS-24-77,r,19,7,55,3,0.5943,6375,2156.25,4218.75,0.1489,6375,3187.5,3187.5,0.0385,3562.5,2437.5,1125,0.0392,3187.5,2718.75,468.75,0.0385,3656.25,3093.75,562.5,0.0349,3843.75,3281.25,562.5,0.0429,4031.25,3468.75,562.5,0.0879,5250,2156.25,3093.75,,,,,,,,,,,,,,,,,,,,,,,,,,,,,,,,,,,,,,,,,,,,,,,,,,,,,,,,,,,,,,,,,,,,,,,,,,,,,,,,,,,,,,,,,,,,,,,,,,,,,,,,,,,,,,,,,,,,,,,,,,,,,,,,,,,,
GC-BCVI-YMMMS-24-79,r,19,7,55,3,0.5766,6562.5,2343.75,4218.75,0.1422,6562.5,4218.75,2343.75,0.0335,2625,2343.75,281.25,0.0431,3750,2812.5,937.5,0.0447,3562.5,3093.75,468.75,0.0479,3750,3375,375,0.0455,3937.5,3468.75,468.75,0.095,4968.75,2437.5,2531.25,,,,,,,,,,,,,,,,,,,,,,,,,,,,,,,,,,,,,,,,,,,,,,,,,,,,,,,,,,,,,,,,,,,,,,,,,,,,,,,,,,,,,,,,,,,,,,,,,,,,,,,,,,,,,,,,,,,,,,,,,,,,,,,,,,,,
GC-BCVI-YMMMS-24-81,s,19,6,55,3,0.6574,5718.75,2531.25,3187.5,0.0703,5718.75,4406.25,1312.5,0.0818,5343.75,4406.25,937.5,0.0553,3468.75,2906.25,562.5,0.0488,3468.75,2718.75,750,0.0502,3281.25,2718.75,562.5,0.1701,5718.75,2531.25,3187.5,,,,,,,,,,,,,,,,,,,,,,,,,,,,,,,,,,,,,,,,,,,,,,,,,,,,,,,,,,,,,,,,,,,,,,,,,,,,,,,,,,,,,,,,,,,,,,,,,,,,,,,,,,,,,,,,,,,,,,,,,,,,,,,,,,,,,,,,
Average: ,,15.47587354,6.23239046,40.10870771,3.118756937,0.683998935,6376.664044,2509.931364,3866.732679,,,,,,,,,,,,,,,,,,,,,,,,,,,,,,,,,,,,,,,,,,,,,,,,,,,,,,,,,,,,,,,,,,,,,,,,,,,,,,,,,,,,,,,,,,,,,,,,,,,,,,,,,,,,,,,,,,,,,,,,,,,,,,,,,,,,,,,,,,,,,,,,,,,,,,,,,,,,,,,,
Standard Deviation:,,4.305592245,3.51480367,9.999575276,1.749527741,0.435761763,989.8904533,521.2240769,1149.669411,,,,,,,,,,,,,,,,,,,,,,,,,,,,,,,,,,,,,,,,,,,,,,,,,,,,,,,,,,,,,,,,,,,,,,,,,,,,,,,,,,,,,,,,,,,,,,,,,,,,,,,,,,,,,,,,,,,,,,,,,,,,,,,,,,,,,,,,,,,,,,,,,,,,,,,,,,,,,,,,
